[2026-09-02 22:11:23] testing.ERROR: No application encryption key has been specified. {"exception":"[object] (Illuminate\\Encryption\\MissingAppKeyException(code: 0): No application encryption key has been specified. at E:/CooperativeTraining/web/vendor/laravel/framework/src/Illuminate/Encryption/EncryptionServiceProvider.php:83)
[stacktrace]
#0 E:/CooperativeTraining/web/vendor/laravel/framework/src/Illuminate/Support/helpers.php(393): Illuminate/Encryption/EncryptionServiceProvider->{closure:Illuminate/Encryption/EncryptionServiceProvider::key():81}('')
#1 E:/CooperativeTraining/web/vendor/laravel/framework/src/Illuminate/Encryption/EncryptionServiceProvider.php(81): tap('', Object(Closure))
#2 E:/CooperativeTraining/web/vendor/laravel/framework/src/Illuminate/Encryption/EncryptionServiceProvider.php(64): Illuminate/Encryption/EncryptionServiceProvider->key(Array)
#3 E:/CooperativeTraining/web/vendor/laravel/framework/src/Illuminate/Encryption/EncryptionServiceProvider.php(32): Illuminate/Encryption/EncryptionServiceProvider->parseKey(Array)
#4 E:/CooperativeTraining/web/vendor/laravel/framework/src/Illuminate/Container/Container.php(1140): Illuminate/Encryption/EncryptionServiceProvider->{closure:Illuminate/Encryption/EncryptionServiceProvider::registerEncrypter():29}(Object(Illuminate/Foundation/Application), Array)
#5 E:/CooperativeTraining/web/vendor/laravel/framework/src/Illuminate/Container/Container.php(939): Illuminate/Container/Container->build(Object(Closure))
#6 E:/CooperativeTraining/web/vendor/laravel/framework/src/Illuminate/Foundation/Application.php(1085): Illuminate/Container/Container->resolve('encrypter', Array, true)
#7 E:/CooperativeTraining/web/vendor/laravel/framework/src/Illuminate/Container/Container.php(867): Illuminate/Foundation/Application->resolve('encrypter', Array)
#8 E:/CooperativeTraining/web/vendor/laravel/framework/src/Illuminate/Foundation/Application.php(1065): Illuminate/Container/Container->make('encrypter', Array)
#9 E:/CooperativeTraining/web/vendor/laravel/framework/src/Illuminate/Container/Container.php(1361): Illuminate/Foundation/Application->make('encrypter')
#10 E:/CooperativeTraining/web/vendor/laravel/framework/src/Illuminate/Container/Container.php(1262): Illuminate/Container/Container->resolveClass(Object(ReflectionParameter), 'Illuminate//Cont...')
#11 E:/CooperativeTraining/web/vendor/laravel/framework/src/Illuminate/Container/Container.php(1187): Illuminate/Container/Container->resolveDependencies(Array)
#12 E:/CooperativeTraining/web/vendor/laravel/framework/src/Illuminate/Container/Container.php(939): Illuminate/Container/Container->build('Illuminate//Cook...')
#13 E:/CooperativeTraining/web/vendor/laravel/framework/src/Illuminate/Foundation/Application.php(1085): Illuminate/Container/Container->resolve('Illuminate//Cook...', Array, true)
#14 E:/CooperativeTraining/web/vendor/laravel/framework/src/Illuminate/Container/Container.php(867): Illuminate/Foundation/Application->resolve('Illuminate//Cook...', Array)
#15 E:/CooperativeTraining/web/vendor/laravel/framework/src/Illuminate/Foundation/Application.php(1065): Illuminate/Container/Container->make('Illuminate//Cook...', Array)
#16 E:/CooperativeTraining/web/vendor/laravel/framework/src/Illuminate/Pipeline/Pipeline.php(208): Illuminate/Foundation/Application->make('Illuminate//Cook...')
#17 E:/CooperativeTraining/web/vendor/laravel/framework/src/Illuminate/Pipeline/Pipeline.php(137): Illuminate/Pipeline/Pipeline->{closure:{closure:Illuminate/Pipeline/Pipeline::carry():194}:195}(Object(Illuminate/Http/Request))
#18 E:/CooperativeTraining/web/vendor/laravel/framework/src/Illuminate/Routing/Router.php(821): Illuminate/Pipeline/Pipeline->then(Object(Closure))
#19 E:/CooperativeTraining/web/vendor/laravel/framework/src/Illuminate/Routing/Router.php(800): Illuminate/Routing/Router->runRouteWithinStack(Object(Illuminate/Routing/Route), Object(Illuminate/Http/Request))
#20 E:/CooperativeTraining/web/vendor/laravel/framework/src/Illuminate/Routing/Router.php(764): Illuminate/Routing/Router->runRoute(Object(Illuminate/Http/Request), Object(Illuminate/Routing/Route))
#21 E:/CooperativeTraining/web/vendor/laravel/framework/src/Illuminate/Routing/Router.php(753): Illuminate/Routing/Router->dispatchToRoute(Object(Illuminate/Http/Request))
#22 E:/CooperativeTraining/web/vendor/laravel/framework/src/Illuminate/Foundation/Http/Kernel.php(200): Illuminate/Routing/Router->dispatch(Object(Illuminate/Http/Request))
#23 E:/CooperativeTraining/web/vendor/laravel/framework/src/Illuminate/Pipeline/Pipeline.php(180): Illuminate/Foundation/Http/Kernel->{closure:Illuminate/Foundation/Http/Kernel::dispatchToRouter():197}(Object(Illuminate/Http/Request))
#24 E:/CooperativeTraining/web/vendor/livewire/livewire/src/Features/SupportDisablingBackButtonCache/DisableBackButtonCacheMiddleware.php(19): Illuminate/Pipeline/Pipeline->{closure:Illuminate/Pipeline/Pipeline::prepareDestination():178}(Object(Illuminate/Http/Request))
#25 E:/CooperativeTraining/web/vendor/laravel/framework/src/Illuminate/Pipeline/Pipeline.php(219): Livewire/Features/SupportDisablingBackButtonCache/DisableBackButtonCacheMiddleware->handle(Object(Illuminate/Http/Request), Object(Closure))
#26 E:/CooperativeTraining/web/vendor/laravel/framework/src/Illuminate/Foundation/Http/Middleware/TransformsRequest.php(21): Illuminate/Pipeline/Pipeline->{closure:{closure:Illuminate/Pipeline/Pipeline::carry():194}:195}(Object(Illuminate/Http/Request))
#27 E:/CooperativeTraining/web/vendor/laravel/framework/src/Illuminate/Foundation/Http/Middleware/ConvertEmptyStringsToNull.php(31): Illuminate/Foundation/Http/Middleware/TransformsRequest->handle(Object(Illuminate/Http/Request), Object(Closure))
#28 E:/CooperativeTraining/web/vendor/laravel/framework/src/Illuminate/Pipeline/Pipeline.php(219): Illuminate/Foundation/Http/Middleware/ConvertEmptyStringsToNull->handle(Object(Illuminate/Http/Request), Object(Closure))
#29 E:/CooperativeTraining/web/vendor/laravel/framework/src/Illuminate/Foundation/Http/Middleware/TransformsRequest.php(21): Illuminate/Pipeline/Pipeline->{closure:{closure:Illuminate/Pipeline/Pipeline::carry():194}:195}(Object(Illuminate/Http/Request))
#30 E:/CooperativeTraining/web/vendor/laravel/framework/src/Illuminate/Foundation/Http/Middleware/TrimStrings.php(51): Illuminate/Foundation/Http/Middleware/TransformsRequest->handle(Object(Illuminate/Http/Request), Object(Closure))
#31 E:/CooperativeTraining/web/vendor/laravel/framework/src/Illuminate/Pipeline/Pipeline.php(219): Illuminate/Foundation/Http/Middleware/TrimStrings->handle(Object(Illuminate/Http/Request), Object(Closure))
#32 E:/CooperativeTraining/web/vendor/laravel/framework/src/Illuminate/Http/Middleware/ValidatePostSize.php(27): Illuminate/Pipeline/Pipeline->{closure:{closure:Illuminate/Pipeline/Pipeline::carry():194}:195}(Object(Illuminate/Http/Request))
#33 E:/CooperativeTraining/web/vendor/laravel/framework/src/Illuminate/Pipeline/Pipeline.php(219): Illuminate/Http/Middleware/ValidatePostSize->handle(Object(Illuminate/Http/Request), Object(Closure))
#34 E:/CooperativeTraining/web/vendor/laravel/framework/src/Illuminate/Foundation/Http/Middleware/PreventRequestsDuringMaintenance.php(110): Illuminate/Pipeline/Pipeline->{closure:{closure:Illuminate/Pipeline/Pipeline::carry():194}:195}(Object(Illuminate/Http/Request))
#35 E:/CooperativeTraining/web/vendor/laravel/framework/src/Illuminate/Pipeline/Pipeline.php(219): Illuminate/Foundation/Http/Middleware/PreventRequestsDuringMaintenance->handle(Object(Illuminate/Http/Request), Object(Closure))
#36 E:/CooperativeTraining/web/vendor/laravel/framework/src/Illuminate/Http/Middleware/HandleCors.php(61): Illuminate/Pipeline/Pipeline->{closure:{closure:Illuminate/Pipeline/Pipeline::carry():194}:195}(Object(Illuminate/Http/Request))
#37 E:/CooperativeTraining/web/vendor/laravel/framework/src/Illuminate/Pipeline/Pipeline.php(219): Illuminate/Http/Middleware/HandleCors->handle(Object(Illuminate/Http/Request), Object(Closure))
#38 E:/CooperativeTraining/web/vendor/laravel/framework/src/Illuminate/Http/Middleware/TrustProxies.php(58): Illuminate/Pipeline/Pipeline->{closure:{closure:Illuminate/Pipeline/Pipeline::carry():194}:195}(Object(Illuminate/Http/Request))
#39 E:/CooperativeTraining/web/vendor/laravel/framework/src/Illuminate/Pipeline/Pipeline.php(219): Illuminate/Http/Middleware/TrustProxies->handle(Object(Illuminate/Http/Request), Object(Closure))
#40 E:/CooperativeTraining/web/vendor/laravel/framework/src/Illuminate/Foundation/Http/Middleware/InvokeDeferredCallbacks.php(22): Illuminate/Pipeline/Pipeline->{closure:{closure:Illuminate/Pipeline/Pipeline::carry():194}:195}(Object(Illuminate/Http/Request))
#41 E:/CooperativeTraining/web/vendor/laravel/framework/src/Illuminate/Pipeline/Pipeline.php(219): Illuminate/Foundation/Http/Middleware/InvokeDeferredCallbacks->handle(Object(Illuminate/Http/Request), Object(Closure))
#42 E:/CooperativeTraining/web/vendor/laravel/framework/src/Illuminate/Http/Middleware/ValidatePathEncoding.php(28): Illuminate/Pipeline/Pipeline->{closure:{closure:Illuminate/Pipeline/Pipeline::carry():194}:195}(Object(Illuminate/Http/Request))
#43 E:/CooperativeTraining/web/vendor/laravel/framework/src/Illuminate/Pipeline/Pipeline.php(219): Illuminate/Http/Middleware/ValidatePathEncoding->handle(Object(Illuminate/Http/Request), Object(Closure))
#44 E:/CooperativeTraining/web/vendor/laravel/framework/src/Illuminate/Pipeline/Pipeline.php(137): Illuminate/Pipeline/Pipeline->{closure:{closure:Illuminate/Pipeline/Pipeline::carry():194}:195}(Object(Illuminate/Http/Request))
#45 E:/CooperativeTraining/web/vendor/laravel/framework/src/Illuminate/Foundation/Http/Kernel.php(175): Illuminate/Pipeline/Pipeline->then(Object(Closure))
#46 E:/CooperativeTraining/web/vendor/laravel/framework/src/Illuminate/Foundation/Http/Kernel.php(144): Illuminate/Foundation/Http/Kernel->sendRequestThroughRouter(Object(Illuminate/Http/Request))
#47 E:/CooperativeTraining/web/vendor/laravel/framework/src/Illuminate/Foundation/Testing/Concerns/MakesHttpRequests.php(638): Illuminate/Foundation/Http/Kernel->handle(Object(Illuminate/Http/Request))
#48 E:/CooperativeTraining/web/vendor/laravel/framework/src/Illuminate/Foundation/Testing/Concerns/MakesHttpRequests.php(368): Illuminate/Foundation/Testing/TestCase->call('GET', 'http://localhos...', Array, Array, Array, Array)
#49 E:/CooperativeTraining/web/tests/Feature/Auth/AuthenticationTest.php(16): Illuminate/Foundation/Testing/TestCase->get('http://localhos...')
#50 E:/CooperativeTraining/web/vendor/phpunit/phpunit/src/Framework/TestCase.php(1318): Tests/Feature/Auth/AuthenticationTest->test_login_screen_can_be_rendered()
#51 E:/CooperativeTraining/web/vendor/phpunit/phpunit/src/Framework/TestCase.php(1355): PHPUnit/Framework/TestCase->invokeTestMethod('test_login_scre...', Array)
#52 E:/CooperativeTraining/web/vendor/phpunit/phpunit/src/Framework/TestCase.php(521): PHPUnit/Framework/TestCase->runTest()
#53 E:/CooperativeTraining/web/vendor/phpunit/phpunit/src/Framework/TestRunner/TestRunner.php(99): PHPUnit/Framework/TestCase->runBare()
#54 E:/CooperativeTraining/web/vendor/phpunit/phpunit/src/Framework/TestCase.php(361): PHPUnit/Framework/TestRunner->run(Object(Tests/Feature/Auth/AuthenticationTest))
#55 E:/CooperativeTraining/web/vendor/phpunit/phpunit/src/Framework/TestSuite.php(374): PHPUnit/Framework/TestCase->run()
#56 E:/CooperativeTraining/web/vendor/phpunit/phpunit/src/Framework/TestSuite.php(374): PHPUnit/Framework/TestSuite->run()
#57 E:/CooperativeTraining/web/vendor/phpunit/phpunit/src/Framework/TestSuite.php(374): PHPUnit/Framework/TestSuite->run()
#58 E:/CooperativeTraining/web/vendor/phpunit/phpunit/src/TextUI/TestRunner.php(64): PHPUnit/Framework/TestSuite->run()
#59 E:/CooperativeTraining/web/vendor/phpunit/phpunit/src/TextUI/Application.php(229): PHPUnit/TextUI/TestRunner->run(Object(PHPUnit/TextUI/Configuration/Configuration), Object(PHPUnit/Runner/ResultCache/DefaultResultCache), Object(PHPUnit/Framework/TestSuite))
#60 E:/CooperativeTraining/web/vendor/phpunit/phpunit/phpunit(104): PHPUnit/TextUI/Application->run(Array)
#61 {main}
"} 
[2026-09-02 22:11:32] testing.ERROR: No application encryption key has been specified. {"exception":"[object] (Illuminate\\Encryption\\MissingAppKeyException(code: 0): No application encryption key has been specified. at E:/CooperativeTraining/web/vendor/laravel/framework/src/Illuminate/Encryption/EncryptionServiceProvider.php:83)
[stacktrace]
#0 E:/CooperativeTraining/web/vendor/laravel/framework/src/Illuminate/Support/helpers.php(393): Illuminate/Encryption/EncryptionServiceProvider->{closure:Illuminate/Encryption/EncryptionServiceProvider::key():81}('')
#1 E:/CooperativeTraining/web/vendor/laravel/framework/src/Illuminate/Encryption/EncryptionServiceProvider.php(81): tap('', Object(Closure))
#2 E:/CooperativeTraining/web/vendor/laravel/framework/src/Illuminate/Encryption/EncryptionServiceProvider.php(64): Illuminate/Encryption/EncryptionServiceProvider->key(Array)
#3 E:/CooperativeTraining/web/vendor/laravel/framework/src/Illuminate/Encryption/EncryptionServiceProvider.php(32): Illuminate/Encryption/EncryptionServiceProvider->parseKey(Array)
#4 E:/CooperativeTraining/web/vendor/laravel/framework/src/Illuminate/Container/Container.php(1140): Illuminate/Encryption/EncryptionServiceProvider->{closure:Illuminate/Encryption/EncryptionServiceProvider::registerEncrypter():29}(Object(Illuminate/Foundation/Application), Array)
#5 E:/CooperativeTraining/web/vendor/laravel/framework/src/Illuminate/Container/Container.php(939): Illuminate/Container/Container->build(Object(Closure))
#6 E:/CooperativeTraining/web/vendor/laravel/framework/src/Illuminate/Foundation/Application.php(1085): Illuminate/Container/Container->resolve('encrypter', Array, true)
#7 E:/CooperativeTraining/web/vendor/laravel/framework/src/Illuminate/Container/Container.php(867): Illuminate/Foundation/Application->resolve('encrypter', Array)
#8 E:/CooperativeTraining/web/vendor/laravel/framework/src/Illuminate/Foundation/Application.php(1065): Illuminate/Container/Container->make('encrypter', Array)
#9 E:/CooperativeTraining/web/vendor/laravel/framework/src/Illuminate/Container/Container.php(1361): Illuminate/Foundation/Application->make('encrypter')
#10 E:/CooperativeTraining/web/vendor/laravel/framework/src/Illuminate/Container/Container.php(1262): Illuminate/Container/Container->resolveClass(Object(ReflectionParameter), 'Illuminate//Cont...')
#11 E:/CooperativeTraining/web/vendor/laravel/framework/src/Illuminate/Container/Container.php(1187): Illuminate/Container/Container->resolveDependencies(Array)
#12 E:/CooperativeTraining/web/vendor/laravel/framework/src/Illuminate/Container/Container.php(939): Illuminate/Container/Container->build('Illuminate//Cook...')
#13 E:/CooperativeTraining/web/vendor/laravel/framework/src/Illuminate/Foundation/Application.php(1085): Illuminate/Container/Container->resolve('Illuminate//Cook...', Array, true)
#14 E:/CooperativeTraining/web/vendor/laravel/framework/src/Illuminate/Container/Container.php(867): Illuminate/Foundation/Application->resolve('Illuminate//Cook...', Array)
#15 E:/CooperativeTraining/web/vendor/laravel/framework/src/Illuminate/Foundation/Application.php(1065): Illuminate/Container/Container->make('Illuminate//Cook...', Array)
#16 E:/CooperativeTraining/web/vendor/laravel/framework/src/Illuminate/Pipeline/Pipeline.php(208): Illuminate/Foundation/Application->make('Illuminate//Cook...')
#17 E:/CooperativeTraining/web/vendor/laravel/framework/src/Illuminate/Pipeline/Pipeline.php(137): Illuminate/Pipeline/Pipeline->{closure:{closure:Illuminate/Pipeline/Pipeline::carry():194}:195}(Object(Illuminate/Http/Request))
#18 E:/CooperativeTraining/web/vendor/laravel/framework/src/Illuminate/Routing/Router.php(821): Illuminate/Pipeline/Pipeline->then(Object(Closure))
#19 E:/CooperativeTraining/web/vendor/laravel/framework/src/Illuminate/Routing/Router.php(800): Illuminate/Routing/Router->runRouteWithinStack(Object(Illuminate/Routing/Route), Object(Illuminate/Http/Request))
#20 E:/CooperativeTraining/web/vendor/laravel/framework/src/Illuminate/Routing/Router.php(764): Illuminate/Routing/Router->runRoute(Object(Illuminate/Http/Request), Object(Illuminate/Routing/Route))
#21 E:/CooperativeTraining/web/vendor/laravel/framework/src/Illuminate/Routing/Router.php(753): Illuminate/Routing/Router->dispatchToRoute(Object(Illuminate/Http/Request))
#22 E:/CooperativeTraining/web/vendor/laravel/framework/src/Illuminate/Foundation/Http/Kernel.php(200): Illuminate/Routing/Router->dispatch(Object(Illuminate/Http/Request))
#23 E:/CooperativeTraining/web/vendor/laravel/framework/src/Illuminate/Pipeline/Pipeline.php(180): Illuminate/Foundation/Http/Kernel->{closure:Illuminate/Foundation/Http/Kernel::dispatchToRouter():197}(Object(Illuminate/Http/Request))
#24 E:/CooperativeTraining/web/vendor/livewire/livewire/src/Features/SupportDisablingBackButtonCache/DisableBackButtonCacheMiddleware.php(19): Illuminate/Pipeline/Pipeline->{closure:Illuminate/Pipeline/Pipeline::prepareDestination():178}(Object(Illuminate/Http/Request))
#25 E:/CooperativeTraining/web/vendor/laravel/framework/src/Illuminate/Pipeline/Pipeline.php(219): Livewire/Features/SupportDisablingBackButtonCache/DisableBackButtonCacheMiddleware->handle(Object(Illuminate/Http/Request), Object(Closure))
#26 E:/CooperativeTraining/web/vendor/laravel/framework/src/Illuminate/Foundation/Http/Middleware/TransformsRequest.php(21): Illuminate/Pipeline/Pipeline->{closure:{closure:Illuminate/Pipeline/Pipeline::carry():194}:195}(Object(Illuminate/Http/Request))
#27 E:/CooperativeTraining/web/vendor/laravel/framework/src/Illuminate/Foundation/Http/Middleware/ConvertEmptyStringsToNull.php(31): Illuminate/Foundation/Http/Middleware/TransformsRequest->handle(Object(Illuminate/Http/Request), Object(Closure))
#28 E:/CooperativeTraining/web/vendor/laravel/framework/src/Illuminate/Pipeline/Pipeline.php(219): Illuminate/Foundation/Http/Middleware/ConvertEmptyStringsToNull->handle(Object(Illuminate/Http/Request), Object(Closure))
#29 E:/CooperativeTraining/web/vendor/laravel/framework/src/Illuminate/Foundation/Http/Middleware/TransformsRequest.php(21): Illuminate/Pipeline/Pipeline->{closure:{closure:Illuminate/Pipeline/Pipeline::carry():194}:195}(Object(Illuminate/Http/Request))
#30 E:/CooperativeTraining/web/vendor/laravel/framework/src/Illuminate/Foundation/Http/Middleware/TrimStrings.php(51): Illuminate/Foundation/Http/Middleware/TransformsRequest->handle(Object(Illuminate/Http/Request), Object(Closure))
#31 E:/CooperativeTraining/web/vendor/laravel/framework/src/Illuminate/Pipeline/Pipeline.php(219): Illuminate/Foundation/Http/Middleware/TrimStrings->handle(Object(Illuminate/Http/Request), Object(Closure))
#32 E:/CooperativeTraining/web/vendor/laravel/framework/src/Illuminate/Http/Middleware/ValidatePostSize.php(27): Illuminate/Pipeline/Pipeline->{closure:{closure:Illuminate/Pipeline/Pipeline::carry():194}:195}(Object(Illuminate/Http/Request))
#33 E:/CooperativeTraining/web/vendor/laravel/framework/src/Illuminate/Pipeline/Pipeline.php(219): Illuminate/Http/Middleware/ValidatePostSize->handle(Object(Illuminate/Http/Request), Object(Closure))
#34 E:/CooperativeTraining/web/vendor/laravel/framework/src/Illuminate/Foundation/Http/Middleware/PreventRequestsDuringMaintenance.php(110): Illuminate/Pipeline/Pipeline->{closure:{closure:Illuminate/Pipeline/Pipeline::carry():194}:195}(Object(Illuminate/Http/Request))
#35 E:/CooperativeTraining/web/vendor/laravel/framework/src/Illuminate/Pipeline/Pipeline.php(219): Illuminate/Foundation/Http/Middleware/PreventRequestsDuringMaintenance->handle(Object(Illuminate/Http/Request), Object(Closure))
#36 E:/CooperativeTraining/web/vendor/laravel/framework/src/Illuminate/Http/Middleware/HandleCors.php(61): Illuminate/Pipeline/Pipeline->{closure:{closure:Illuminate/Pipeline/Pipeline::carry():194}:195}(Object(Illuminate/Http/Request))
#37 E:/CooperativeTraining/web/vendor/laravel/framework/src/Illuminate/Pipeline/Pipeline.php(219): Illuminate/Http/Middleware/HandleCors->handle(Object(Illuminate/Http/Request), Object(Closure))
#38 E:/CooperativeTraining/web/vendor/laravel/framework/src/Illuminate/Http/Middleware/TrustProxies.php(58): Illuminate/Pipeline/Pipeline->{closure:{closure:Illuminate/Pipeline/Pipeline::carry():194}:195}(Object(Illuminate/Http/Request))
#39 E:/CooperativeTraining/web/vendor/laravel/framework/src/Illuminate/Pipeline/Pipeline.php(219): Illuminate/Http/Middleware/TrustProxies->handle(Object(Illuminate/Http/Request), Object(Closure))
#40 E:/CooperativeTraining/web/vendor/laravel/framework/src/Illuminate/Foundation/Http/Middleware/InvokeDeferredCallbacks.php(22): Illuminate/Pipeline/Pipeline->{closure:{closure:Illuminate/Pipeline/Pipeline::carry():194}:195}(Object(Illuminate/Http/Request))
#41 E:/CooperativeTraining/web/vendor/laravel/framework/src/Illuminate/Pipeline/Pipeline.php(219): Illuminate/Foundation/Http/Middleware/InvokeDeferredCallbacks->handle(Object(Illuminate/Http/Request), Object(Closure))
#42 E:/CooperativeTraining/web/vendor/laravel/framework/src/Illuminate/Http/Middleware/ValidatePathEncoding.php(28): Illuminate/Pipeline/Pipeline->{closure:{closure:Illuminate/Pipeline/Pipeline::carry():194}:195}(Object(Illuminate/Http/Request))
#43 E:/CooperativeTraining/web/vendor/laravel/framework/src/Illuminate/Pipeline/Pipeline.php(219): Illuminate/Http/Middleware/ValidatePathEncoding->handle(Object(Illuminate/Http/Request), Object(Closure))
#44 E:/CooperativeTraining/web/vendor/laravel/framework/src/Illuminate/Pipeline/Pipeline.php(137): Illuminate/Pipeline/Pipeline->{closure:{closure:Illuminate/Pipeline/Pipeline::carry():194}:195}(Object(Illuminate/Http/Request))
#45 E:/CooperativeTraining/web/vendor/laravel/framework/src/Illuminate/Foundation/Http/Kernel.php(175): Illuminate/Pipeline/Pipeline->then(Object(Closure))
#46 E:/CooperativeTraining/web/vendor/laravel/framework/src/Illuminate/Foundation/Http/Kernel.php(144): Illuminate/Foundation/Http/Kernel->sendRequestThroughRouter(Object(Illuminate/Http/Request))
#47 E:/CooperativeTraining/web/vendor/laravel/framework/src/Illuminate/Foundation/Testing/Concerns/MakesHttpRequests.php(638): Illuminate/Foundation/Http/Kernel->handle(Object(Illuminate/Http/Request))
#48 E:/CooperativeTraining/web/vendor/laravel/framework/src/Illuminate/Foundation/Testing/Concerns/MakesHttpRequests.php(397): Illuminate/Foundation/Testing/TestCase->call('POST', 'http://localhos...', Array, Array, Array, Array)
#49 E:/CooperativeTraining/web/tests/Feature/Auth/AuthenticationTest.php(25): Illuminate/Foundation/Testing/TestCase->post('http://localhos...', Array)
#50 E:/CooperativeTraining/web/vendor/phpunit/phpunit/src/Framework/TestCase.php(1318): Tests/Feature/Auth/AuthenticationTest->test_users_can_authenticate_using_the_login_screen()
#51 E:/CooperativeTraining/web/vendor/phpunit/phpunit/src/Framework/TestCase.php(1355): PHPUnit/Framework/TestCase->invokeTestMethod('test_users_can_...', Array)
#52 E:/CooperativeTraining/web/vendor/phpunit/phpunit/src/Framework/TestCase.php(521): PHPUnit/Framework/TestCase->runTest()
#53 E:/CooperativeTraining/web/vendor/phpunit/phpunit/src/Framework/TestRunner/TestRunner.php(99): PHPUnit/Framework/TestCase->runBare()
#54 E:/CooperativeTraining/web/vendor/phpunit/phpunit/src/Framework/TestCase.php(361): PHPUnit/Framework/TestRunner->run(Object(Tests/Feature/Auth/AuthenticationTest))
#55 E:/CooperativeTraining/web/vendor/phpunit/phpunit/src/Framework/TestSuite.php(374): PHPUnit/Framework/TestCase->run()
#56 E:/CooperativeTraining/web/vendor/phpunit/phpunit/src/Framework/TestSuite.php(374): PHPUnit/Framework/TestSuite->run()
#57 E:/CooperativeTraining/web/vendor/phpunit/phpunit/src/Framework/TestSuite.php(374): PHPUnit/Framework/TestSuite->run()
#58 E:/CooperativeTraining/web/vendor/phpunit/phpunit/src/TextUI/TestRunner.php(64): PHPUnit/Framework/TestSuite->run()
#59 E:/CooperativeTraining/web/vendor/phpunit/phpunit/src/TextUI/Application.php(229): PHPUnit/TextUI/TestRunner->run(Object(PHPUnit/TextUI/Configuration/Configuration), Object(PHPUnit/Runner/ResultCache/DefaultResultCache), Object(PHPUnit/Framework/TestSuite))
#60 E:/CooperativeTraining/web/vendor/phpunit/phpunit/phpunit(104): PHPUnit/TextUI/Application->run(Array)
#61 {main}
"} 
[2026-09-02 22:11:32] testing.ERROR: No application encryption key has been specified. {"exception":"[object] (Illuminate\\Encryption\\MissingAppKeyException(code: 0): No application encryption key has been specified. at E:/CooperativeTraining/web/vendor/laravel/framework/src/Illuminate/Encryption/EncryptionServiceProvider.php:83)
[stacktrace]
#0 E:/CooperativeTraining/web/vendor/laravel/framework/src/Illuminate/Support/helpers.php(393): Illuminate/Encryption/EncryptionServiceProvider->{closure:Illuminate/Encryption/EncryptionServiceProvider::key():81}('')
#1 E:/CooperativeTraining/web/vendor/laravel/framework/src/Illuminate/Encryption/EncryptionServiceProvider.php(81): tap('', Object(Closure))
#2 E:/CooperativeTraining/web/vendor/laravel/framework/src/Illuminate/Encryption/EncryptionServiceProvider.php(64): Illuminate/Encryption/EncryptionServiceProvider->key(Array)
#3 E:/CooperativeTraining/web/vendor/laravel/framework/src/Illuminate/Encryption/EncryptionServiceProvider.php(32): Illuminate/Encryption/EncryptionServiceProvider->parseKey(Array)
#4 E:/CooperativeTraining/web/vendor/laravel/framework/src/Illuminate/Container/Container.php(1140): Illuminate/Encryption/EncryptionServiceProvider->{closure:Illuminate/Encryption/EncryptionServiceProvider::registerEncrypter():29}(Object(Illuminate/Foundation/Application), Array)
#5 E:/CooperativeTraining/web/vendor/laravel/framework/src/Illuminate/Container/Container.php(939): Illuminate/Container/Container->build(Object(Closure))
#6 E:/CooperativeTraining/web/vendor/laravel/framework/src/Illuminate/Foundation/Application.php(1085): Illuminate/Container/Container->resolve('encrypter', Array, true)
#7 E:/CooperativeTraining/web/vendor/laravel/framework/src/Illuminate/Container/Container.php(867): Illuminate/Foundation/Application->resolve('encrypter', Array)
#8 E:/CooperativeTraining/web/vendor/laravel/framework/src/Illuminate/Foundation/Application.php(1065): Illuminate/Container/Container->make('encrypter', Array)
#9 E:/CooperativeTraining/web/vendor/laravel/framework/src/Illuminate/Container/Container.php(1361): Illuminate/Foundation/Application->make('encrypter')
#10 E:/CooperativeTraining/web/vendor/laravel/framework/src/Illuminate/Container/Container.php(1262): Illuminate/Container/Container->resolveClass(Object(ReflectionParameter), 'Illuminate//Cont...')
#11 E:/CooperativeTraining/web/vendor/laravel/framework/src/Illuminate/Container/Container.php(1187): Illuminate/Container/Container->resolveDependencies(Array)
#12 E:/CooperativeTraining/web/vendor/laravel/framework/src/Illuminate/Container/Container.php(939): Illuminate/Container/Container->build('Illuminate//Cook...')
#13 E:/CooperativeTraining/web/vendor/laravel/framework/src/Illuminate/Foundation/Application.php(1085): Illuminate/Container/Container->resolve('Illuminate//Cook...', Array, true)
#14 E:/CooperativeTraining/web/vendor/laravel/framework/src/Illuminate/Container/Container.php(867): Illuminate/Foundation/Application->resolve('Illuminate//Cook...', Array)
#15 E:/CooperativeTraining/web/vendor/laravel/framework/src/Illuminate/Foundation/Application.php(1065): Illuminate/Container/Container->make('Illuminate//Cook...', Array)
#16 E:/CooperativeTraining/web/vendor/laravel/framework/src/Illuminate/Pipeline/Pipeline.php(208): Illuminate/Foundation/Application->make('Illuminate//Cook...')
#17 E:/CooperativeTraining/web/vendor/laravel/framework/src/Illuminate/Pipeline/Pipeline.php(137): Illuminate/Pipeline/Pipeline->{closure:{closure:Illuminate/Pipeline/Pipeline::carry():194}:195}(Object(Illuminate/Http/Request))
#18 E:/CooperativeTraining/web/vendor/laravel/framework/src/Illuminate/Routing/Router.php(821): Illuminate/Pipeline/Pipeline->then(Object(Closure))
#19 E:/CooperativeTraining/web/vendor/laravel/framework/src/Illuminate/Routing/Router.php(800): Illuminate/Routing/Router->runRouteWithinStack(Object(Illuminate/Routing/Route), Object(Illuminate/Http/Request))
#20 E:/CooperativeTraining/web/vendor/laravel/framework/src/Illuminate/Routing/Router.php(764): Illuminate/Routing/Router->runRoute(Object(Illuminate/Http/Request), Object(Illuminate/Routing/Route))
#21 E:/CooperativeTraining/web/vendor/laravel/framework/src/Illuminate/Routing/Router.php(753): Illuminate/Routing/Router->dispatchToRoute(Object(Illuminate/Http/Request))
#22 E:/CooperativeTraining/web/vendor/laravel/framework/src/Illuminate/Foundation/Http/Kernel.php(200): Illuminate/Routing/Router->dispatch(Object(Illuminate/Http/Request))
#23 E:/CooperativeTraining/web/vendor/laravel/framework/src/Illuminate/Pipeline/Pipeline.php(180): Illuminate/Foundation/Http/Kernel->{closure:Illuminate/Foundation/Http/Kernel::dispatchToRouter():197}(Object(Illuminate/Http/Request))
#24 E:/CooperativeTraining/web/vendor/livewire/livewire/src/Features/SupportDisablingBackButtonCache/DisableBackButtonCacheMiddleware.php(19): Illuminate/Pipeline/Pipeline->{closure:Illuminate/Pipeline/Pipeline::prepareDestination():178}(Object(Illuminate/Http/Request))
#25 E:/CooperativeTraining/web/vendor/laravel/framework/src/Illuminate/Pipeline/Pipeline.php(219): Livewire/Features/SupportDisablingBackButtonCache/DisableBackButtonCacheMiddleware->handle(Object(Illuminate/Http/Request), Object(Closure))
#26 E:/CooperativeTraining/web/vendor/laravel/framework/src/Illuminate/Foundation/Http/Middleware/TransformsRequest.php(21): Illuminate/Pipeline/Pipeline->{closure:{closure:Illuminate/Pipeline/Pipeline::carry():194}:195}(Object(Illuminate/Http/Request))
#27 E:/CooperativeTraining/web/vendor/laravel/framework/src/Illuminate/Foundation/Http/Middleware/ConvertEmptyStringsToNull.php(31): Illuminate/Foundation/Http/Middleware/TransformsRequest->handle(Object(Illuminate/Http/Request), Object(Closure))
#28 E:/CooperativeTraining/web/vendor/laravel/framework/src/Illuminate/Pipeline/Pipeline.php(219): Illuminate/Foundation/Http/Middleware/ConvertEmptyStringsToNull->handle(Object(Illuminate/Http/Request), Object(Closure))
#29 E:/CooperativeTraining/web/vendor/laravel/framework/src/Illuminate/Foundation/Http/Middleware/TransformsRequest.php(21): Illuminate/Pipeline/Pipeline->{closure:{closure:Illuminate/Pipeline/Pipeline::carry():194}:195}(Object(Illuminate/Http/Request))
#30 E:/CooperativeTraining/web/vendor/laravel/framework/src/Illuminate/Foundation/Http/Middleware/TrimStrings.php(51): Illuminate/Foundation/Http/Middleware/TransformsRequest->handle(Object(Illuminate/Http/Request), Object(Closure))
#31 E:/CooperativeTraining/web/vendor/laravel/framework/src/Illuminate/Pipeline/Pipeline.php(219): Illuminate/Foundation/Http/Middleware/TrimStrings->handle(Object(Illuminate/Http/Request), Object(Closure))
#32 E:/CooperativeTraining/web/vendor/laravel/framework/src/Illuminate/Http/Middleware/ValidatePostSize.php(27): Illuminate/Pipeline/Pipeline->{closure:{closure:Illuminate/Pipeline/Pipeline::carry():194}:195}(Object(Illuminate/Http/Request))
#33 E:/CooperativeTraining/web/vendor/laravel/framework/src/Illuminate/Pipeline/Pipeline.php(219): Illuminate/Http/Middleware/ValidatePostSize->handle(Object(Illuminate/Http/Request), Object(Closure))
#34 E:/CooperativeTraining/web/vendor/laravel/framework/src/Illuminate/Foundation/Http/Middleware/PreventRequestsDuringMaintenance.php(110): Illuminate/Pipeline/Pipeline->{closure:{closure:Illuminate/Pipeline/Pipeline::carry():194}:195}(Object(Illuminate/Http/Request))
#35 E:/CooperativeTraining/web/vendor/laravel/framework/src/Illuminate/Pipeline/Pipeline.php(219): Illuminate/Foundation/Http/Middleware/PreventRequestsDuringMaintenance->handle(Object(Illuminate/Http/Request), Object(Closure))
#36 E:/CooperativeTraining/web/vendor/laravel/framework/src/Illuminate/Http/Middleware/HandleCors.php(61): Illuminate/Pipeline/Pipeline->{closure:{closure:Illuminate/Pipeline/Pipeline::carry():194}:195}(Object(Illuminate/Http/Request))
#37 E:/CooperativeTraining/web/vendor/laravel/framework/src/Illuminate/Pipeline/Pipeline.php(219): Illuminate/Http/Middleware/HandleCors->handle(Object(Illuminate/Http/Request), Object(Closure))
#38 E:/CooperativeTraining/web/vendor/laravel/framework/src/Illuminate/Http/Middleware/TrustProxies.php(58): Illuminate/Pipeline/Pipeline->{closure:{closure:Illuminate/Pipeline/Pipeline::carry():194}:195}(Object(Illuminate/Http/Request))
#39 E:/CooperativeTraining/web/vendor/laravel/framework/src/Illuminate/Pipeline/Pipeline.php(219): Illuminate/Http/Middleware/TrustProxies->handle(Object(Illuminate/Http/Request), Object(Closure))
#40 E:/CooperativeTraining/web/vendor/laravel/framework/src/Illuminate/Foundation/Http/Middleware/InvokeDeferredCallbacks.php(22): Illuminate/Pipeline/Pipeline->{closure:{closure:Illuminate/Pipeline/Pipeline::carry():194}:195}(Object(Illuminate/Http/Request))
#41 E:/CooperativeTraining/web/vendor/laravel/framework/src/Illuminate/Pipeline/Pipeline.php(219): Illuminate/Foundation/Http/Middleware/InvokeDeferredCallbacks->handle(Object(Illuminate/Http/Request), Object(Closure))
#42 E:/CooperativeTraining/web/vendor/laravel/framework/src/Illuminate/Http/Middleware/ValidatePathEncoding.php(28): Illuminate/Pipeline/Pipeline->{closure:{closure:Illuminate/Pipeline/Pipeline::carry():194}:195}(Object(Illuminate/Http/Request))
#43 E:/CooperativeTraining/web/vendor/laravel/framework/src/Illuminate/Pipeline/Pipeline.php(219): Illuminate/Http/Middleware/ValidatePathEncoding->handle(Object(Illuminate/Http/Request), Object(Closure))
#44 E:/CooperativeTraining/web/vendor/laravel/framework/src/Illuminate/Pipeline/Pipeline.php(137): Illuminate/Pipeline/Pipeline->{closure:{closure:Illuminate/Pipeline/Pipeline::carry():194}:195}(Object(Illuminate/Http/Request))
#45 E:/CooperativeTraining/web/vendor/laravel/framework/src/Illuminate/Foundation/Http/Kernel.php(175): Illuminate/Pipeline/Pipeline->then(Object(Closure))
#46 E:/CooperativeTraining/web/vendor/laravel/framework/src/Illuminate/Foundation/Http/Kernel.php(144): Illuminate/Foundation/Http/Kernel->sendRequestThroughRouter(Object(Illuminate/Http/Request))
#47 E:/CooperativeTraining/web/vendor/laravel/framework/src/Illuminate/Foundation/Testing/Concerns/MakesHttpRequests.php(638): Illuminate/Foundation/Http/Kernel->handle(Object(Illuminate/Http/Request))
#48 E:/CooperativeTraining/web/vendor/laravel/framework/src/Illuminate/Foundation/Testing/Concerns/MakesHttpRequests.php(397): Illuminate/Foundation/Testing/TestCase->call('POST', 'http://localhos...', Array, Array, Array, Array)
#49 E:/CooperativeTraining/web/tests/Feature/Auth/AuthenticationTest.php(41): Illuminate/Foundation/Testing/TestCase->post('http://localhos...', Array)
#50 E:/CooperativeTraining/web/vendor/phpunit/phpunit/src/Framework/TestCase.php(1318): Tests/Feature/Auth/AuthenticationTest->test_users_can_not_authenticate_with_invalid_password()
#51 E:/CooperativeTraining/web/vendor/phpunit/phpunit/src/Framework/TestCase.php(1355): PHPUnit/Framework/TestCase->invokeTestMethod('test_users_can_...', Array)
#52 E:/CooperativeTraining/web/vendor/phpunit/phpunit/src/Framework/TestCase.php(521): PHPUnit/Framework/TestCase->runTest()
#53 E:/CooperativeTraining/web/vendor/phpunit/phpunit/src/Framework/TestRunner/TestRunner.php(99): PHPUnit/Framework/TestCase->runBare()
#54 E:/CooperativeTraining/web/vendor/phpunit/phpunit/src/Framework/TestCase.php(361): PHPUnit/Framework/TestRunner->run(Object(Tests/Feature/Auth/AuthenticationTest))
#55 E:/CooperativeTraining/web/vendor/phpunit/phpunit/src/Framework/TestSuite.php(374): PHPUnit/Framework/TestCase->run()
#56 E:/CooperativeTraining/web/vendor/phpunit/phpunit/src/Framework/TestSuite.php(374): PHPUnit/Framework/TestSuite->run()
#57 E:/CooperativeTraining/web/vendor/phpunit/phpunit/src/Framework/TestSuite.php(374): PHPUnit/Framework/TestSuite->run()
#58 E:/CooperativeTraining/web/vendor/phpunit/phpunit/src/TextUI/TestRunner.php(64): PHPUnit/Framework/TestSuite->run()
#59 E:/CooperativeTraining/web/vendor/phpunit/phpunit/src/TextUI/Application.php(229): PHPUnit/TextUI/TestRunner->run(Object(PHPUnit/TextUI/Configuration/Configuration), Object(PHPUnit/Runner/ResultCache/DefaultResultCache), Object(PHPUnit/Framework/TestSuite))
#60 E:/CooperativeTraining/web/vendor/phpunit/phpunit/phpunit(104): PHPUnit/TextUI/Application->run(Array)
#61 {main}
"} 
[2026-09-02 22:11:33] testing.ERROR: No application encryption key has been specified. {"userId":1,"exception":"[object] (Illuminate\\Encryption\\MissingAppKeyException(code: 0): No application encryption key has been specified. at E:/CooperativeTraining/web/vendor/laravel/framework/src/Illuminate/Encryption/EncryptionServiceProvider.php:83)
[stacktrace]
#0 E:/CooperativeTraining/web/vendor/laravel/framework/src/Illuminate/Support/helpers.php(393): Illuminate/Encryption/EncryptionServiceProvider->{closure:Illuminate/Encryption/EncryptionServiceProvider::key():81}('')
#1 E:/CooperativeTraining/web/vendor/laravel/framework/src/Illuminate/Encryption/EncryptionServiceProvider.php(81): tap('', Object(Closure))
#2 E:/CooperativeTraining/web/vendor/laravel/framework/src/Illuminate/Encryption/EncryptionServiceProvider.php(64): Illuminate/Encryption/EncryptionServiceProvider->key(Array)
#3 E:/CooperativeTraining/web/vendor/laravel/framework/src/Illuminate/Encryption/EncryptionServiceProvider.php(32): Illuminate/Encryption/EncryptionServiceProvider->parseKey(Array)
#4 E:/CooperativeTraining/web/vendor/laravel/framework/src/Illuminate/Container/Container.php(1140): Illuminate/Encryption/EncryptionServiceProvider->{closure:Illuminate/Encryption/EncryptionServiceProvider::registerEncrypter():29}(Object(Illuminate/Foundation/Application), Array)
#5 E:/CooperativeTraining/web/vendor/laravel/framework/src/Illuminate/Container/Container.php(939): Illuminate/Container/Container->build(Object(Closure))
#6 E:/CooperativeTraining/web/vendor/laravel/framework/src/Illuminate/Foundation/Application.php(1085): Illuminate/Container/Container->resolve('encrypter', Array, true)
#7 E:/CooperativeTraining/web/vendor/laravel/framework/src/Illuminate/Container/Container.php(867): Illuminate/Foundation/Application->resolve('encrypter', Array)
#8 E:/CooperativeTraining/web/vendor/laravel/framework/src/Illuminate/Foundation/Application.php(1065): Illuminate/Container/Container->make('encrypter', Array)
#9 E:/CooperativeTraining/web/vendor/laravel/framework/src/Illuminate/Container/Container.php(1361): Illuminate/Foundation/Application->make('encrypter')
#10 E:/CooperativeTraining/web/vendor/laravel/framework/src/Illuminate/Container/Container.php(1262): Illuminate/Container/Container->resolveClass(Object(ReflectionParameter), 'Illuminate//Cont...')
#11 E:/CooperativeTraining/web/vendor/laravel/framework/src/Illuminate/Container/Container.php(1187): Illuminate/Container/Container->resolveDependencies(Array)
#12 E:/CooperativeTraining/web/vendor/laravel/framework/src/Illuminate/Container/Container.php(939): Illuminate/Container/Container->build('Illuminate//Cook...')
#13 E:/CooperativeTraining/web/vendor/laravel/framework/src/Illuminate/Foundation/Application.php(1085): Illuminate/Container/Container->resolve('Illuminate//Cook...', Array, true)
#14 E:/CooperativeTraining/web/vendor/laravel/framework/src/Illuminate/Container/Container.php(867): Illuminate/Foundation/Application->resolve('Illuminate//Cook...', Array)
#15 E:/CooperativeTraining/web/vendor/laravel/framework/src/Illuminate/Foundation/Application.php(1065): Illuminate/Container/Container->make('Illuminate//Cook...', Array)
#16 E:/CooperativeTraining/web/vendor/laravel/framework/src/Illuminate/Pipeline/Pipeline.php(208): Illuminate/Foundation/Application->make('Illuminate//Cook...')
#17 E:/CooperativeTraining/web/vendor/laravel/framework/src/Illuminate/Pipeline/Pipeline.php(137): Illuminate/Pipeline/Pipeline->{closure:{closure:Illuminate/Pipeline/Pipeline::carry():194}:195}(Object(Illuminate/Http/Request))
#18 E:/CooperativeTraining/web/vendor/laravel/framework/src/Illuminate/Routing/Router.php(821): Illuminate/Pipeline/Pipeline->then(Object(Closure))
#19 E:/CooperativeTraining/web/vendor/laravel/framework/src/Illuminate/Routing/Router.php(800): Illuminate/Routing/Router->runRouteWithinStack(Object(Illuminate/Routing/Route), Object(Illuminate/Http/Request))
#20 E:/CooperativeTraining/web/vendor/laravel/framework/src/Illuminate/Routing/Router.php(764): Illuminate/Routing/Router->runRoute(Object(Illuminate/Http/Request), Object(Illuminate/Routing/Route))
#21 E:/CooperativeTraining/web/vendor/laravel/framework/src/Illuminate/Routing/Router.php(753): Illuminate/Routing/Router->dispatchToRoute(Object(Illuminate/Http/Request))
#22 E:/CooperativeTraining/web/vendor/laravel/framework/src/Illuminate/Foundation/Http/Kernel.php(200): Illuminate/Routing/Router->dispatch(Object(Illuminate/Http/Request))
#23 E:/CooperativeTraining/web/vendor/laravel/framework/src/Illuminate/Pipeline/Pipeline.php(180): Illuminate/Foundation/Http/Kernel->{closure:Illuminate/Foundation/Http/Kernel::dispatchToRouter():197}(Object(Illuminate/Http/Request))
#24 E:/CooperativeTraining/web/vendor/livewire/livewire/src/Features/SupportDisablingBackButtonCache/DisableBackButtonCacheMiddleware.php(19): Illuminate/Pipeline/Pipeline->{closure:Illuminate/Pipeline/Pipeline::prepareDestination():178}(Object(Illuminate/Http/Request))
#25 E:/CooperativeTraining/web/vendor/laravel/framework/src/Illuminate/Pipeline/Pipeline.php(219): Livewire/Features/SupportDisablingBackButtonCache/DisableBackButtonCacheMiddleware->handle(Object(Illuminate/Http/Request), Object(Closure))
#26 E:/CooperativeTraining/web/vendor/laravel/framework/src/Illuminate/Foundation/Http/Middleware/TransformsRequest.php(21): Illuminate/Pipeline/Pipeline->{closure:{closure:Illuminate/Pipeline/Pipeline::carry():194}:195}(Object(Illuminate/Http/Request))
#27 E:/CooperativeTraining/web/vendor/laravel/framework/src/Illuminate/Foundation/Http/Middleware/ConvertEmptyStringsToNull.php(31): Illuminate/Foundation/Http/Middleware/TransformsRequest->handle(Object(Illuminate/Http/Request), Object(Closure))
#28 E:/CooperativeTraining/web/vendor/laravel/framework/src/Illuminate/Pipeline/Pipeline.php(219): Illuminate/Foundation/Http/Middleware/ConvertEmptyStringsToNull->handle(Object(Illuminate/Http/Request), Object(Closure))
#29 E:/CooperativeTraining/web/vendor/laravel/framework/src/Illuminate/Foundation/Http/Middleware/TransformsRequest.php(21): Illuminate/Pipeline/Pipeline->{closure:{closure:Illuminate/Pipeline/Pipeline::carry():194}:195}(Object(Illuminate/Http/Request))
#30 E:/CooperativeTraining/web/vendor/laravel/framework/src/Illuminate/Foundation/Http/Middleware/TrimStrings.php(51): Illuminate/Foundation/Http/Middleware/TransformsRequest->handle(Object(Illuminate/Http/Request), Object(Closure))
#31 E:/CooperativeTraining/web/vendor/laravel/framework/src/Illuminate/Pipeline/Pipeline.php(219): Illuminate/Foundation/Http/Middleware/TrimStrings->handle(Object(Illuminate/Http/Request), Object(Closure))
#32 E:/CooperativeTraining/web/vendor/laravel/framework/src/Illuminate/Http/Middleware/ValidatePostSize.php(27): Illuminate/Pipeline/Pipeline->{closure:{closure:Illuminate/Pipeline/Pipeline::carry():194}:195}(Object(Illuminate/Http/Request))
#33 E:/CooperativeTraining/web/vendor/laravel/framework/src/Illuminate/Pipeline/Pipeline.php(219): Illuminate/Http/Middleware/ValidatePostSize->handle(Object(Illuminate/Http/Request), Object(Closure))
#34 E:/CooperativeTraining/web/vendor/laravel/framework/src/Illuminate/Foundation/Http/Middleware/PreventRequestsDuringMaintenance.php(110): Illuminate/Pipeline/Pipeline->{closure:{closure:Illuminate/Pipeline/Pipeline::carry():194}:195}(Object(Illuminate/Http/Request))
#35 E:/CooperativeTraining/web/vendor/laravel/framework/src/Illuminate/Pipeline/Pipeline.php(219): Illuminate/Foundation/Http/Middleware/PreventRequestsDuringMaintenance->handle(Object(Illuminate/Http/Request), Object(Closure))
#36 E:/CooperativeTraining/web/vendor/laravel/framework/src/Illuminate/Http/Middleware/HandleCors.php(61): Illuminate/Pipeline/Pipeline->{closure:{closure:Illuminate/Pipeline/Pipeline::carry():194}:195}(Object(Illuminate/Http/Request))
#37 E:/CooperativeTraining/web/vendor/laravel/framework/src/Illuminate/Pipeline/Pipeline.php(219): Illuminate/Http/Middleware/HandleCors->handle(Object(Illuminate/Http/Request), Object(Closure))
#38 E:/CooperativeTraining/web/vendor/laravel/framework/src/Illuminate/Http/Middleware/TrustProxies.php(58): Illuminate/Pipeline/Pipeline->{closure:{closure:Illuminate/Pipeline/Pipeline::carry():194}:195}(Object(Illuminate/Http/Request))
#39 E:/CooperativeTraining/web/vendor/laravel/framework/src/Illuminate/Pipeline/Pipeline.php(219): Illuminate/Http/Middleware/TrustProxies->handle(Object(Illuminate/Http/Request), Object(Closure))
#40 E:/CooperativeTraining/web/vendor/laravel/framework/src/Illuminate/Foundation/Http/Middleware/InvokeDeferredCallbacks.php(22): Illuminate/Pipeline/Pipeline->{closure:{closure:Illuminate/Pipeline/Pipeline::carry():194}:195}(Object(Illuminate/Http/Request))
#41 E:/CooperativeTraining/web/vendor/laravel/framework/src/Illuminate/Pipeline/Pipeline.php(219): Illuminate/Foundation/Http/Middleware/InvokeDeferredCallbacks->handle(Object(Illuminate/Http/Request), Object(Closure))
#42 E:/CooperativeTraining/web/vendor/laravel/framework/src/Illuminate/Http/Middleware/ValidatePathEncoding.php(28): Illuminate/Pipeline/Pipeline->{closure:{closure:Illuminate/Pipeline/Pipeline::carry():194}:195}(Object(Illuminate/Http/Request))
#43 E:/CooperativeTraining/web/vendor/laravel/framework/src/Illuminate/Pipeline/Pipeline.php(219): Illuminate/Http/Middleware/ValidatePathEncoding->handle(Object(Illuminate/Http/Request), Object(Closure))
#44 E:/CooperativeTraining/web/vendor/laravel/framework/src/Illuminate/Pipeline/Pipeline.php(137): Illuminate/Pipeline/Pipeline->{closure:{closure:Illuminate/Pipeline/Pipeline::carry():194}:195}(Object(Illuminate/Http/Request))
#45 E:/CooperativeTraining/web/vendor/laravel/framework/src/Illuminate/Foundation/Http/Kernel.php(175): Illuminate/Pipeline/Pipeline->then(Object(Closure))
#46 E:/CooperativeTraining/web/vendor/laravel/framework/src/Illuminate/Foundation/Http/Kernel.php(144): Illuminate/Foundation/Http/Kernel->sendRequestThroughRouter(Object(Illuminate/Http/Request))
#47 E:/CooperativeTraining/web/vendor/laravel/framework/src/Illuminate/Foundation/Testing/Concerns/MakesHttpRequests.php(638): Illuminate/Foundation/Http/Kernel->handle(Object(Illuminate/Http/Request))
#48 E:/CooperativeTraining/web/vendor/laravel/framework/src/Illuminate/Foundation/Testing/Concerns/MakesHttpRequests.php(397): Illuminate/Foundation/Testing/TestCase->call('POST', 'http://localhos...', Array, Array, Array, Array)
#49 E:/CooperativeTraining/web/tests/Feature/Auth/AuthenticationTest.php(75): Illuminate/Foundation/Testing/TestCase->post('http://localhos...')
#50 E:/CooperativeTraining/web/vendor/phpunit/phpunit/src/Framework/TestCase.php(1318): Tests/Feature/Auth/AuthenticationTest->test_users_can_logout()
#51 E:/CooperativeTraining/web/vendor/phpunit/phpunit/src/Framework/TestCase.php(1355): PHPUnit/Framework/TestCase->invokeTestMethod('test_users_can_...', Array)
#52 E:/CooperativeTraining/web/vendor/phpunit/phpunit/src/Framework/TestCase.php(521): PHPUnit/Framework/TestCase->runTest()
#53 E:/CooperativeTraining/web/vendor/phpunit/phpunit/src/Framework/TestRunner/TestRunner.php(99): PHPUnit/Framework/TestCase->runBare()
#54 E:/CooperativeTraining/web/vendor/phpunit/phpunit/src/Framework/TestCase.php(361): PHPUnit/Framework/TestRunner->run(Object(Tests/Feature/Auth/AuthenticationTest))
#55 E:/CooperativeTraining/web/vendor/phpunit/phpunit/src/Framework/TestSuite.php(374): PHPUnit/Framework/TestCase->run()
#56 E:/CooperativeTraining/web/vendor/phpunit/phpunit/src/Framework/TestSuite.php(374): PHPUnit/Framework/TestSuite->run()
#57 E:/CooperativeTraining/web/vendor/phpunit/phpunit/src/Framework/TestSuite.php(374): PHPUnit/Framework/TestSuite->run()
#58 E:/CooperativeTraining/web/vendor/phpunit/phpunit/src/TextUI/TestRunner.php(64): PHPUnit/Framework/TestSuite->run()
#59 E:/CooperativeTraining/web/vendor/phpunit/phpunit/src/TextUI/Application.php(229): PHPUnit/TextUI/TestRunner->run(Object(PHPUnit/TextUI/Configuration/Configuration), Object(PHPUnit/Runner/ResultCache/DefaultResultCache), Object(PHPUnit/Framework/TestSuite))
#60 E:/CooperativeTraining/web/vendor/phpunit/phpunit/phpunit(104): PHPUnit/TextUI/Application->run(Array)
#61 {main}
"} 
[2026-09-02 22:11:33] testing.ERROR: No application encryption key has been specified. {"userId":1,"exception":"[object] (Illuminate\\Encryption\\MissingAppKeyException(code: 0): No application encryption key has been specified. at E:/CooperativeTraining/web/vendor/laravel/framework/src/Illuminate/Encryption/EncryptionServiceProvider.php:83)
[stacktrace]
#0 E:/CooperativeTraining/web/vendor/laravel/framework/src/Illuminate/Support/helpers.php(393): Illuminate/Encryption/EncryptionServiceProvider->{closure:Illuminate/Encryption/EncryptionServiceProvider::key():81}('')
#1 E:/CooperativeTraining/web/vendor/laravel/framework/src/Illuminate/Encryption/EncryptionServiceProvider.php(81): tap('', Object(Closure))
#2 E:/CooperativeTraining/web/vendor/laravel/framework/src/Illuminate/Encryption/EncryptionServiceProvider.php(64): Illuminate/Encryption/EncryptionServiceProvider->key(Array)
#3 E:/CooperativeTraining/web/vendor/laravel/framework/src/Illuminate/Encryption/EncryptionServiceProvider.php(32): Illuminate/Encryption/EncryptionServiceProvider->parseKey(Array)
#4 E:/CooperativeTraining/web/vendor/laravel/framework/src/Illuminate/Container/Container.php(1140): Illuminate/Encryption/EncryptionServiceProvider->{closure:Illuminate/Encryption/EncryptionServiceProvider::registerEncrypter():29}(Object(Illuminate/Foundation/Application), Array)
#5 E:/CooperativeTraining/web/vendor/laravel/framework/src/Illuminate/Container/Container.php(939): Illuminate/Container/Container->build(Object(Closure))
#6 E:/CooperativeTraining/web/vendor/laravel/framework/src/Illuminate/Foundation/Application.php(1085): Illuminate/Container/Container->resolve('encrypter', Array, true)
#7 E:/CooperativeTraining/web/vendor/laravel/framework/src/Illuminate/Container/Container.php(867): Illuminate/Foundation/Application->resolve('encrypter', Array)
#8 E:/CooperativeTraining/web/vendor/laravel/framework/src/Illuminate/Foundation/Application.php(1065): Illuminate/Container/Container->make('encrypter', Array)
#9 E:/CooperativeTraining/web/vendor/laravel/framework/src/Illuminate/Container/Container.php(1361): Illuminate/Foundation/Application->make('encrypter')
#10 E:/CooperativeTraining/web/vendor/laravel/framework/src/Illuminate/Container/Container.php(1262): Illuminate/Container/Container->resolveClass(Object(ReflectionParameter), 'Illuminate//Cont...')
#11 E:/CooperativeTraining/web/vendor/laravel/framework/src/Illuminate/Container/Container.php(1187): Illuminate/Container/Container->resolveDependencies(Array)
#12 E:/CooperativeTraining/web/vendor/laravel/framework/src/Illuminate/Container/Container.php(939): Illuminate/Container/Container->build('Illuminate//Cook...')
#13 E:/CooperativeTraining/web/vendor/laravel/framework/src/Illuminate/Foundation/Application.php(1085): Illuminate/Container/Container->resolve('Illuminate//Cook...', Array, true)
#14 E:/CooperativeTraining/web/vendor/laravel/framework/src/Illuminate/Container/Container.php(867): Illuminate/Foundation/Application->resolve('Illuminate//Cook...', Array)
#15 E:/CooperativeTraining/web/vendor/laravel/framework/src/Illuminate/Foundation/Application.php(1065): Illuminate/Container/Container->make('Illuminate//Cook...', Array)
#16 E:/CooperativeTraining/web/vendor/laravel/framework/src/Illuminate/Pipeline/Pipeline.php(208): Illuminate/Foundation/Application->make('Illuminate//Cook...')
#17 E:/CooperativeTraining/web/vendor/laravel/framework/src/Illuminate/Pipeline/Pipeline.php(137): Illuminate/Pipeline/Pipeline->{closure:{closure:Illuminate/Pipeline/Pipeline::carry():194}:195}(Object(Illuminate/Http/Request))
#18 E:/CooperativeTraining/web/vendor/laravel/framework/src/Illuminate/Routing/Router.php(821): Illuminate/Pipeline/Pipeline->then(Object(Closure))
#19 E:/CooperativeTraining/web/vendor/laravel/framework/src/Illuminate/Routing/Router.php(800): Illuminate/Routing/Router->runRouteWithinStack(Object(Illuminate/Routing/Route), Object(Illuminate/Http/Request))
#20 E:/CooperativeTraining/web/vendor/laravel/framework/src/Illuminate/Routing/Router.php(764): Illuminate/Routing/Router->runRoute(Object(Illuminate/Http/Request), Object(Illuminate/Routing/Route))
#21 E:/CooperativeTraining/web/vendor/laravel/framework/src/Illuminate/Routing/Router.php(753): Illuminate/Routing/Router->dispatchToRoute(Object(Illuminate/Http/Request))
#22 E:/CooperativeTraining/web/vendor/laravel/framework/src/Illuminate/Foundation/Http/Kernel.php(200): Illuminate/Routing/Router->dispatch(Object(Illuminate/Http/Request))
#23 E:/CooperativeTraining/web/vendor/laravel/framework/src/Illuminate/Pipeline/Pipeline.php(180): Illuminate/Foundation/Http/Kernel->{closure:Illuminate/Foundation/Http/Kernel::dispatchToRouter():197}(Object(Illuminate/Http/Request))
#24 E:/CooperativeTraining/web/vendor/livewire/livewire/src/Features/SupportDisablingBackButtonCache/DisableBackButtonCacheMiddleware.php(19): Illuminate/Pipeline/Pipeline->{closure:Illuminate/Pipeline/Pipeline::prepareDestination():178}(Object(Illuminate/Http/Request))
#25 E:/CooperativeTraining/web/vendor/laravel/framework/src/Illuminate/Pipeline/Pipeline.php(219): Livewire/Features/SupportDisablingBackButtonCache/DisableBackButtonCacheMiddleware->handle(Object(Illuminate/Http/Request), Object(Closure))
#26 E:/CooperativeTraining/web/vendor/laravel/framework/src/Illuminate/Foundation/Http/Middleware/TransformsRequest.php(21): Illuminate/Pipeline/Pipeline->{closure:{closure:Illuminate/Pipeline/Pipeline::carry():194}:195}(Object(Illuminate/Http/Request))
#27 E:/CooperativeTraining/web/vendor/laravel/framework/src/Illuminate/Foundation/Http/Middleware/ConvertEmptyStringsToNull.php(31): Illuminate/Foundation/Http/Middleware/TransformsRequest->handle(Object(Illuminate/Http/Request), Object(Closure))
#28 E:/CooperativeTraining/web/vendor/laravel/framework/src/Illuminate/Pipeline/Pipeline.php(219): Illuminate/Foundation/Http/Middleware/ConvertEmptyStringsToNull->handle(Object(Illuminate/Http/Request), Object(Closure))
#29 E:/CooperativeTraining/web/vendor/laravel/framework/src/Illuminate/Foundation/Http/Middleware/TransformsRequest.php(21): Illuminate/Pipeline/Pipeline->{closure:{closure:Illuminate/Pipeline/Pipeline::carry():194}:195}(Object(Illuminate/Http/Request))
#30 E:/CooperativeTraining/web/vendor/laravel/framework/src/Illuminate/Foundation/Http/Middleware/TrimStrings.php(51): Illuminate/Foundation/Http/Middleware/TransformsRequest->handle(Object(Illuminate/Http/Request), Object(Closure))
#31 E:/CooperativeTraining/web/vendor/laravel/framework/src/Illuminate/Pipeline/Pipeline.php(219): Illuminate/Foundation/Http/Middleware/TrimStrings->handle(Object(Illuminate/Http/Request), Object(Closure))
#32 E:/CooperativeTraining/web/vendor/laravel/framework/src/Illuminate/Http/Middleware/ValidatePostSize.php(27): Illuminate/Pipeline/Pipeline->{closure:{closure:Illuminate/Pipeline/Pipeline::carry():194}:195}(Object(Illuminate/Http/Request))
#33 E:/CooperativeTraining/web/vendor/laravel/framework/src/Illuminate/Pipeline/Pipeline.php(219): Illuminate/Http/Middleware/ValidatePostSize->handle(Object(Illuminate/Http/Request), Object(Closure))
#34 E:/CooperativeTraining/web/vendor/laravel/framework/src/Illuminate/Foundation/Http/Middleware/PreventRequestsDuringMaintenance.php(110): Illuminate/Pipeline/Pipeline->{closure:{closure:Illuminate/Pipeline/Pipeline::carry():194}:195}(Object(Illuminate/Http/Request))
#35 E:/CooperativeTraining/web/vendor/laravel/framework/src/Illuminate/Pipeline/Pipeline.php(219): Illuminate/Foundation/Http/Middleware/PreventRequestsDuringMaintenance->handle(Object(Illuminate/Http/Request), Object(Closure))
#36 E:/CooperativeTraining/web/vendor/laravel/framework/src/Illuminate/Http/Middleware/HandleCors.php(61): Illuminate/Pipeline/Pipeline->{closure:{closure:Illuminate/Pipeline/Pipeline::carry():194}:195}(Object(Illuminate/Http/Request))
#37 E:/CooperativeTraining/web/vendor/laravel/framework/src/Illuminate/Pipeline/Pipeline.php(219): Illuminate/Http/Middleware/HandleCors->handle(Object(Illuminate/Http/Request), Object(Closure))
#38 E:/CooperativeTraining/web/vendor/laravel/framework/src/Illuminate/Http/Middleware/TrustProxies.php(58): Illuminate/Pipeline/Pipeline->{closure:{closure:Illuminate/Pipeline/Pipeline::carry():194}:195}(Object(Illuminate/Http/Request))
#39 E:/CooperativeTraining/web/vendor/laravel/framework/src/Illuminate/Pipeline/Pipeline.php(219): Illuminate/Http/Middleware/TrustProxies->handle(Object(Illuminate/Http/Request), Object(Closure))
#40 E:/CooperativeTraining/web/vendor/laravel/framework/src/Illuminate/Foundation/Http/Middleware/InvokeDeferredCallbacks.php(22): Illuminate/Pipeline/Pipeline->{closure:{closure:Illuminate/Pipeline/Pipeline::carry():194}:195}(Object(Illuminate/Http/Request))
#41 E:/CooperativeTraining/web/vendor/laravel/framework/src/Illuminate/Pipeline/Pipeline.php(219): Illuminate/Foundation/Http/Middleware/InvokeDeferredCallbacks->handle(Object(Illuminate/Http/Request), Object(Closure))
#42 E:/CooperativeTraining/web/vendor/laravel/framework/src/Illuminate/Http/Middleware/ValidatePathEncoding.php(28): Illuminate/Pipeline/Pipeline->{closure:{closure:Illuminate/Pipeline/Pipeline::carry():194}:195}(Object(Illuminate/Http/Request))
#43 E:/CooperativeTraining/web/vendor/laravel/framework/src/Illuminate/Pipeline/Pipeline.php(219): Illuminate/Http/Middleware/ValidatePathEncoding->handle(Object(Illuminate/Http/Request), Object(Closure))
#44 E:/CooperativeTraining/web/vendor/laravel/framework/src/Illuminate/Pipeline/Pipeline.php(137): Illuminate/Pipeline/Pipeline->{closure:{closure:Illuminate/Pipeline/Pipeline::carry():194}:195}(Object(Illuminate/Http/Request))
#45 E:/CooperativeTraining/web/vendor/laravel/framework/src/Illuminate/Foundation/Http/Kernel.php(175): Illuminate/Pipeline/Pipeline->then(Object(Closure))
#46 E:/CooperativeTraining/web/vendor/laravel/framework/src/Illuminate/Foundation/Http/Kernel.php(144): Illuminate/Foundation/Http/Kernel->sendRequestThroughRouter(Object(Illuminate/Http/Request))
#47 E:/CooperativeTraining/web/vendor/laravel/framework/src/Illuminate/Foundation/Testing/Concerns/MakesHttpRequests.php(638): Illuminate/Foundation/Http/Kernel->handle(Object(Illuminate/Http/Request))
#48 E:/CooperativeTraining/web/vendor/laravel/framework/src/Illuminate/Foundation/Testing/Concerns/MakesHttpRequests.php(368): Illuminate/Foundation/Testing/TestCase->call('GET', 'http://localhos...', Array, Array, Array, Array)
#49 E:/CooperativeTraining/web/tests/Feature/Auth/EmailVerificationTest.php(28): Illuminate/Foundation/Testing/TestCase->get('http://localhos...')
#50 E:/CooperativeTraining/web/vendor/phpunit/phpunit/src/Framework/TestCase.php(1318): Tests/Feature/Auth/EmailVerificationTest->test_email_verification_screen_can_be_rendered()
#51 E:/CooperativeTraining/web/vendor/phpunit/phpunit/src/Framework/TestCase.php(1355): PHPUnit/Framework/TestCase->invokeTestMethod('test_email_veri...', Array)
#52 E:/CooperativeTraining/web/vendor/phpunit/phpunit/src/Framework/TestCase.php(521): PHPUnit/Framework/TestCase->runTest()
#53 E:/CooperativeTraining/web/vendor/phpunit/phpunit/src/Framework/TestRunner/TestRunner.php(99): PHPUnit/Framework/TestCase->runBare()
#54 E:/CooperativeTraining/web/vendor/phpunit/phpunit/src/Framework/TestCase.php(361): PHPUnit/Framework/TestRunner->run(Object(Tests/Feature/Auth/EmailVerificationTest))
#55 E:/CooperativeTraining/web/vendor/phpunit/phpunit/src/Framework/TestSuite.php(374): PHPUnit/Framework/TestCase->run()
#56 E:/CooperativeTraining/web/vendor/phpunit/phpunit/src/Framework/TestSuite.php(374): PHPUnit/Framework/TestSuite->run()
#57 E:/CooperativeTraining/web/vendor/phpunit/phpunit/src/Framework/TestSuite.php(374): PHPUnit/Framework/TestSuite->run()
#58 E:/CooperativeTraining/web/vendor/phpunit/phpunit/src/TextUI/TestRunner.php(64): PHPUnit/Framework/TestSuite->run()
#59 E:/CooperativeTraining/web/vendor/phpunit/phpunit/src/TextUI/Application.php(229): PHPUnit/TextUI/TestRunner->run(Object(PHPUnit/TextUI/Configuration/Configuration), Object(PHPUnit/Runner/ResultCache/DefaultResultCache), Object(PHPUnit/Framework/TestSuite))
#60 E:/CooperativeTraining/web/vendor/phpunit/phpunit/phpunit(104): PHPUnit/TextUI/Application->run(Array)
#61 {main}
"} 
[2026-09-02 22:11:33] testing.ERROR: No application encryption key has been specified. {"userId":1,"exception":"[object] (Illuminate\\Encryption\\MissingAppKeyException(code: 0): No application encryption key has been specified. at E:/CooperativeTraining/web/vendor/laravel/framework/src/Illuminate/Encryption/EncryptionServiceProvider.php:83)
[stacktrace]
#0 E:/CooperativeTraining/web/vendor/laravel/framework/src/Illuminate/Support/helpers.php(393): Illuminate/Encryption/EncryptionServiceProvider->{closure:Illuminate/Encryption/EncryptionServiceProvider::key():81}('')
#1 E:/CooperativeTraining/web/vendor/laravel/framework/src/Illuminate/Encryption/EncryptionServiceProvider.php(81): tap('', Object(Closure))
#2 E:/CooperativeTraining/web/vendor/laravel/framework/src/Illuminate/Encryption/EncryptionServiceProvider.php(64): Illuminate/Encryption/EncryptionServiceProvider->key(Array)
#3 E:/CooperativeTraining/web/vendor/laravel/framework/src/Illuminate/Encryption/EncryptionServiceProvider.php(32): Illuminate/Encryption/EncryptionServiceProvider->parseKey(Array)
#4 E:/CooperativeTraining/web/vendor/laravel/framework/src/Illuminate/Container/Container.php(1140): Illuminate/Encryption/EncryptionServiceProvider->{closure:Illuminate/Encryption/EncryptionServiceProvider::registerEncrypter():29}(Object(Illuminate/Foundation/Application), Array)
#5 E:/CooperativeTraining/web/vendor/laravel/framework/src/Illuminate/Container/Container.php(939): Illuminate/Container/Container->build(Object(Closure))
#6 E:/CooperativeTraining/web/vendor/laravel/framework/src/Illuminate/Foundation/Application.php(1085): Illuminate/Container/Container->resolve('encrypter', Array, true)
#7 E:/CooperativeTraining/web/vendor/laravel/framework/src/Illuminate/Container/Container.php(867): Illuminate/Foundation/Application->resolve('encrypter', Array)
#8 E:/CooperativeTraining/web/vendor/laravel/framework/src/Illuminate/Foundation/Application.php(1065): Illuminate/Container/Container->make('encrypter', Array)
#9 E:/CooperativeTraining/web/vendor/laravel/framework/src/Illuminate/Container/Container.php(1361): Illuminate/Foundation/Application->make('encrypter')
#10 E:/CooperativeTraining/web/vendor/laravel/framework/src/Illuminate/Container/Container.php(1262): Illuminate/Container/Container->resolveClass(Object(ReflectionParameter), 'Illuminate//Cont...')
#11 E:/CooperativeTraining/web/vendor/laravel/framework/src/Illuminate/Container/Container.php(1187): Illuminate/Container/Container->resolveDependencies(Array)
#12 E:/CooperativeTraining/web/vendor/laravel/framework/src/Illuminate/Container/Container.php(939): Illuminate/Container/Container->build('Illuminate//Cook...')
#13 E:/CooperativeTraining/web/vendor/laravel/framework/src/Illuminate/Foundation/Application.php(1085): Illuminate/Container/Container->resolve('Illuminate//Cook...', Array, true)
#14 E:/CooperativeTraining/web/vendor/laravel/framework/src/Illuminate/Container/Container.php(867): Illuminate/Foundation/Application->resolve('Illuminate//Cook...', Array)
#15 E:/CooperativeTraining/web/vendor/laravel/framework/src/Illuminate/Foundation/Application.php(1065): Illuminate/Container/Container->make('Illuminate//Cook...', Array)
#16 E:/CooperativeTraining/web/vendor/laravel/framework/src/Illuminate/Pipeline/Pipeline.php(208): Illuminate/Foundation/Application->make('Illuminate//Cook...')
#17 E:/CooperativeTraining/web/vendor/laravel/framework/src/Illuminate/Pipeline/Pipeline.php(137): Illuminate/Pipeline/Pipeline->{closure:{closure:Illuminate/Pipeline/Pipeline::carry():194}:195}(Object(Illuminate/Http/Request))
#18 E:/CooperativeTraining/web/vendor/laravel/framework/src/Illuminate/Routing/Router.php(821): Illuminate/Pipeline/Pipeline->then(Object(Closure))
#19 E:/CooperativeTraining/web/vendor/laravel/framework/src/Illuminate/Routing/Router.php(800): Illuminate/Routing/Router->runRouteWithinStack(Object(Illuminate/Routing/Route), Object(Illuminate/Http/Request))
#20 E:/CooperativeTraining/web/vendor/laravel/framework/src/Illuminate/Routing/Router.php(764): Illuminate/Routing/Router->runRoute(Object(Illuminate/Http/Request), Object(Illuminate/Routing/Route))
#21 E:/CooperativeTraining/web/vendor/laravel/framework/src/Illuminate/Routing/Router.php(753): Illuminate/Routing/Router->dispatchToRoute(Object(Illuminate/Http/Request))
#22 E:/CooperativeTraining/web/vendor/laravel/framework/src/Illuminate/Foundation/Http/Kernel.php(200): Illuminate/Routing/Router->dispatch(Object(Illuminate/Http/Request))
#23 E:/CooperativeTraining/web/vendor/laravel/framework/src/Illuminate/Pipeline/Pipeline.php(180): Illuminate/Foundation/Http/Kernel->{closure:Illuminate/Foundation/Http/Kernel::dispatchToRouter():197}(Object(Illuminate/Http/Request))
#24 E:/CooperativeTraining/web/vendor/livewire/livewire/src/Features/SupportDisablingBackButtonCache/DisableBackButtonCacheMiddleware.php(19): Illuminate/Pipeline/Pipeline->{closure:Illuminate/Pipeline/Pipeline::prepareDestination():178}(Object(Illuminate/Http/Request))
#25 E:/CooperativeTraining/web/vendor/laravel/framework/src/Illuminate/Pipeline/Pipeline.php(219): Livewire/Features/SupportDisablingBackButtonCache/DisableBackButtonCacheMiddleware->handle(Object(Illuminate/Http/Request), Object(Closure))
#26 E:/CooperativeTraining/web/vendor/laravel/framework/src/Illuminate/Foundation/Http/Middleware/TransformsRequest.php(21): Illuminate/Pipeline/Pipeline->{closure:{closure:Illuminate/Pipeline/Pipeline::carry():194}:195}(Object(Illuminate/Http/Request))
#27 E:/CooperativeTraining/web/vendor/laravel/framework/src/Illuminate/Foundation/Http/Middleware/ConvertEmptyStringsToNull.php(31): Illuminate/Foundation/Http/Middleware/TransformsRequest->handle(Object(Illuminate/Http/Request), Object(Closure))
#28 E:/CooperativeTraining/web/vendor/laravel/framework/src/Illuminate/Pipeline/Pipeline.php(219): Illuminate/Foundation/Http/Middleware/ConvertEmptyStringsToNull->handle(Object(Illuminate/Http/Request), Object(Closure))
#29 E:/CooperativeTraining/web/vendor/laravel/framework/src/Illuminate/Foundation/Http/Middleware/TransformsRequest.php(21): Illuminate/Pipeline/Pipeline->{closure:{closure:Illuminate/Pipeline/Pipeline::carry():194}:195}(Object(Illuminate/Http/Request))
#30 E:/CooperativeTraining/web/vendor/laravel/framework/src/Illuminate/Foundation/Http/Middleware/TrimStrings.php(51): Illuminate/Foundation/Http/Middleware/TransformsRequest->handle(Object(Illuminate/Http/Request), Object(Closure))
#31 E:/CooperativeTraining/web/vendor/laravel/framework/src/Illuminate/Pipeline/Pipeline.php(219): Illuminate/Foundation/Http/Middleware/TrimStrings->handle(Object(Illuminate/Http/Request), Object(Closure))
#32 E:/CooperativeTraining/web/vendor/laravel/framework/src/Illuminate/Http/Middleware/ValidatePostSize.php(27): Illuminate/Pipeline/Pipeline->{closure:{closure:Illuminate/Pipeline/Pipeline::carry():194}:195}(Object(Illuminate/Http/Request))
#33 E:/CooperativeTraining/web/vendor/laravel/framework/src/Illuminate/Pipeline/Pipeline.php(219): Illuminate/Http/Middleware/ValidatePostSize->handle(Object(Illuminate/Http/Request), Object(Closure))
#34 E:/CooperativeTraining/web/vendor/laravel/framework/src/Illuminate/Foundation/Http/Middleware/PreventRequestsDuringMaintenance.php(110): Illuminate/Pipeline/Pipeline->{closure:{closure:Illuminate/Pipeline/Pipeline::carry():194}:195}(Object(Illuminate/Http/Request))
#35 E:/CooperativeTraining/web/vendor/laravel/framework/src/Illuminate/Pipeline/Pipeline.php(219): Illuminate/Foundation/Http/Middleware/PreventRequestsDuringMaintenance->handle(Object(Illuminate/Http/Request), Object(Closure))
#36 E:/CooperativeTraining/web/vendor/laravel/framework/src/Illuminate/Http/Middleware/HandleCors.php(61): Illuminate/Pipeline/Pipeline->{closure:{closure:Illuminate/Pipeline/Pipeline::carry():194}:195}(Object(Illuminate/Http/Request))
#37 E:/CooperativeTraining/web/vendor/laravel/framework/src/Illuminate/Pipeline/Pipeline.php(219): Illuminate/Http/Middleware/HandleCors->handle(Object(Illuminate/Http/Request), Object(Closure))
#38 E:/CooperativeTraining/web/vendor/laravel/framework/src/Illuminate/Http/Middleware/TrustProxies.php(58): Illuminate/Pipeline/Pipeline->{closure:{closure:Illuminate/Pipeline/Pipeline::carry():194}:195}(Object(Illuminate/Http/Request))
#39 E:/CooperativeTraining/web/vendor/laravel/framework/src/Illuminate/Pipeline/Pipeline.php(219): Illuminate/Http/Middleware/TrustProxies->handle(Object(Illuminate/Http/Request), Object(Closure))
#40 E:/CooperativeTraining/web/vendor/laravel/framework/src/Illuminate/Foundation/Http/Middleware/InvokeDeferredCallbacks.php(22): Illuminate/Pipeline/Pipeline->{closure:{closure:Illuminate/Pipeline/Pipeline::carry():194}:195}(Object(Illuminate/Http/Request))
#41 E:/CooperativeTraining/web/vendor/laravel/framework/src/Illuminate/Pipeline/Pipeline.php(219): Illuminate/Foundation/Http/Middleware/InvokeDeferredCallbacks->handle(Object(Illuminate/Http/Request), Object(Closure))
#42 E:/CooperativeTraining/web/vendor/laravel/framework/src/Illuminate/Http/Middleware/ValidatePathEncoding.php(28): Illuminate/Pipeline/Pipeline->{closure:{closure:Illuminate/Pipeline/Pipeline::carry():194}:195}(Object(Illuminate/Http/Request))
#43 E:/CooperativeTraining/web/vendor/laravel/framework/src/Illuminate/Pipeline/Pipeline.php(219): Illuminate/Http/Middleware/ValidatePathEncoding->handle(Object(Illuminate/Http/Request), Object(Closure))
#44 E:/CooperativeTraining/web/vendor/laravel/framework/src/Illuminate/Pipeline/Pipeline.php(137): Illuminate/Pipeline/Pipeline->{closure:{closure:Illuminate/Pipeline/Pipeline::carry():194}:195}(Object(Illuminate/Http/Request))
#45 E:/CooperativeTraining/web/vendor/laravel/framework/src/Illuminate/Foundation/Http/Kernel.php(175): Illuminate/Pipeline/Pipeline->then(Object(Closure))
#46 E:/CooperativeTraining/web/vendor/laravel/framework/src/Illuminate/Foundation/Http/Kernel.php(144): Illuminate/Foundation/Http/Kernel->sendRequestThroughRouter(Object(Illuminate/Http/Request))
#47 E:/CooperativeTraining/web/vendor/laravel/framework/src/Illuminate/Foundation/Testing/Concerns/MakesHttpRequests.php(638): Illuminate/Foundation/Http/Kernel->handle(Object(Illuminate/Http/Request))
#48 E:/CooperativeTraining/web/vendor/laravel/framework/src/Illuminate/Foundation/Testing/Concerns/MakesHttpRequests.php(368): Illuminate/Foundation/Testing/TestCase->call('GET', 'http://localhos...', Array, Array, Array, Array)
#49 E:/CooperativeTraining/web/tests/Feature/Auth/EmailVerificationTest.php(45): Illuminate/Foundation/Testing/TestCase->get('http://localhos...')
#50 E:/CooperativeTraining/web/vendor/phpunit/phpunit/src/Framework/TestCase.php(1318): Tests/Feature/Auth/EmailVerificationTest->test_email_can_be_verified()
#51 E:/CooperativeTraining/web/vendor/phpunit/phpunit/src/Framework/TestCase.php(1355): PHPUnit/Framework/TestCase->invokeTestMethod('test_email_can_...', Array)
#52 E:/CooperativeTraining/web/vendor/phpunit/phpunit/src/Framework/TestCase.php(521): PHPUnit/Framework/TestCase->runTest()
#53 E:/CooperativeTraining/web/vendor/phpunit/phpunit/src/Framework/TestRunner/TestRunner.php(99): PHPUnit/Framework/TestCase->runBare()
#54 E:/CooperativeTraining/web/vendor/phpunit/phpunit/src/Framework/TestCase.php(361): PHPUnit/Framework/TestRunner->run(Object(Tests/Feature/Auth/EmailVerificationTest))
#55 E:/CooperativeTraining/web/vendor/phpunit/phpunit/src/Framework/TestSuite.php(374): PHPUnit/Framework/TestCase->run()
#56 E:/CooperativeTraining/web/vendor/phpunit/phpunit/src/Framework/TestSuite.php(374): PHPUnit/Framework/TestSuite->run()
#57 E:/CooperativeTraining/web/vendor/phpunit/phpunit/src/Framework/TestSuite.php(374): PHPUnit/Framework/TestSuite->run()
#58 E:/CooperativeTraining/web/vendor/phpunit/phpunit/src/TextUI/TestRunner.php(64): PHPUnit/Framework/TestSuite->run()
#59 E:/CooperativeTraining/web/vendor/phpunit/phpunit/src/TextUI/Application.php(229): PHPUnit/TextUI/TestRunner->run(Object(PHPUnit/TextUI/Configuration/Configuration), Object(PHPUnit/Runner/ResultCache/DefaultResultCache), Object(PHPUnit/Framework/TestSuite))
#60 E:/CooperativeTraining/web/vendor/phpunit/phpunit/phpunit(104): PHPUnit/TextUI/Application->run(Array)
#61 {main}
"} 
[2026-09-02 22:11:34] testing.ERROR: No application encryption key has been specified. {"userId":1,"exception":"[object] (Illuminate\\Encryption\\MissingAppKeyException(code: 0): No application encryption key has been specified. at E:/CooperativeTraining/web/vendor/laravel/framework/src/Illuminate/Encryption/EncryptionServiceProvider.php:83)
[stacktrace]
#0 E:/CooperativeTraining/web/vendor/laravel/framework/src/Illuminate/Support/helpers.php(393): Illuminate/Encryption/EncryptionServiceProvider->{closure:Illuminate/Encryption/EncryptionServiceProvider::key():81}('')
#1 E:/CooperativeTraining/web/vendor/laravel/framework/src/Illuminate/Encryption/EncryptionServiceProvider.php(81): tap('', Object(Closure))
#2 E:/CooperativeTraining/web/vendor/laravel/framework/src/Illuminate/Encryption/EncryptionServiceProvider.php(64): Illuminate/Encryption/EncryptionServiceProvider->key(Array)
#3 E:/CooperativeTraining/web/vendor/laravel/framework/src/Illuminate/Encryption/EncryptionServiceProvider.php(32): Illuminate/Encryption/EncryptionServiceProvider->parseKey(Array)
#4 E:/CooperativeTraining/web/vendor/laravel/framework/src/Illuminate/Container/Container.php(1140): Illuminate/Encryption/EncryptionServiceProvider->{closure:Illuminate/Encryption/EncryptionServiceProvider::registerEncrypter():29}(Object(Illuminate/Foundation/Application), Array)
#5 E:/CooperativeTraining/web/vendor/laravel/framework/src/Illuminate/Container/Container.php(939): Illuminate/Container/Container->build(Object(Closure))
#6 E:/CooperativeTraining/web/vendor/laravel/framework/src/Illuminate/Foundation/Application.php(1085): Illuminate/Container/Container->resolve('encrypter', Array, true)
#7 E:/CooperativeTraining/web/vendor/laravel/framework/src/Illuminate/Container/Container.php(867): Illuminate/Foundation/Application->resolve('encrypter', Array)
#8 E:/CooperativeTraining/web/vendor/laravel/framework/src/Illuminate/Foundation/Application.php(1065): Illuminate/Container/Container->make('encrypter', Array)
#9 E:/CooperativeTraining/web/vendor/laravel/framework/src/Illuminate/Container/Container.php(1361): Illuminate/Foundation/Application->make('encrypter')
#10 E:/CooperativeTraining/web/vendor/laravel/framework/src/Illuminate/Container/Container.php(1262): Illuminate/Container/Container->resolveClass(Object(ReflectionParameter), 'Illuminate//Cont...')
#11 E:/CooperativeTraining/web/vendor/laravel/framework/src/Illuminate/Container/Container.php(1187): Illuminate/Container/Container->resolveDependencies(Array)
#12 E:/CooperativeTraining/web/vendor/laravel/framework/src/Illuminate/Container/Container.php(939): Illuminate/Container/Container->build('Illuminate//Cook...')
#13 E:/CooperativeTraining/web/vendor/laravel/framework/src/Illuminate/Foundation/Application.php(1085): Illuminate/Container/Container->resolve('Illuminate//Cook...', Array, true)
#14 E:/CooperativeTraining/web/vendor/laravel/framework/src/Illuminate/Container/Container.php(867): Illuminate/Foundation/Application->resolve('Illuminate//Cook...', Array)
#15 E:/CooperativeTraining/web/vendor/laravel/framework/src/Illuminate/Foundation/Application.php(1065): Illuminate/Container/Container->make('Illuminate//Cook...', Array)
#16 E:/CooperativeTraining/web/vendor/laravel/framework/src/Illuminate/Pipeline/Pipeline.php(208): Illuminate/Foundation/Application->make('Illuminate//Cook...')
#17 E:/CooperativeTraining/web/vendor/laravel/framework/src/Illuminate/Pipeline/Pipeline.php(137): Illuminate/Pipeline/Pipeline->{closure:{closure:Illuminate/Pipeline/Pipeline::carry():194}:195}(Object(Illuminate/Http/Request))
#18 E:/CooperativeTraining/web/vendor/laravel/framework/src/Illuminate/Routing/Router.php(821): Illuminate/Pipeline/Pipeline->then(Object(Closure))
#19 E:/CooperativeTraining/web/vendor/laravel/framework/src/Illuminate/Routing/Router.php(800): Illuminate/Routing/Router->runRouteWithinStack(Object(Illuminate/Routing/Route), Object(Illuminate/Http/Request))
#20 E:/CooperativeTraining/web/vendor/laravel/framework/src/Illuminate/Routing/Router.php(764): Illuminate/Routing/Router->runRoute(Object(Illuminate/Http/Request), Object(Illuminate/Routing/Route))
#21 E:/CooperativeTraining/web/vendor/laravel/framework/src/Illuminate/Routing/Router.php(753): Illuminate/Routing/Router->dispatchToRoute(Object(Illuminate/Http/Request))
#22 E:/CooperativeTraining/web/vendor/laravel/framework/src/Illuminate/Foundation/Http/Kernel.php(200): Illuminate/Routing/Router->dispatch(Object(Illuminate/Http/Request))
#23 E:/CooperativeTraining/web/vendor/laravel/framework/src/Illuminate/Pipeline/Pipeline.php(180): Illuminate/Foundation/Http/Kernel->{closure:Illuminate/Foundation/Http/Kernel::dispatchToRouter():197}(Object(Illuminate/Http/Request))
#24 E:/CooperativeTraining/web/vendor/livewire/livewire/src/Features/SupportDisablingBackButtonCache/DisableBackButtonCacheMiddleware.php(19): Illuminate/Pipeline/Pipeline->{closure:Illuminate/Pipeline/Pipeline::prepareDestination():178}(Object(Illuminate/Http/Request))
#25 E:/CooperativeTraining/web/vendor/laravel/framework/src/Illuminate/Pipeline/Pipeline.php(219): Livewire/Features/SupportDisablingBackButtonCache/DisableBackButtonCacheMiddleware->handle(Object(Illuminate/Http/Request), Object(Closure))
#26 E:/CooperativeTraining/web/vendor/laravel/framework/src/Illuminate/Foundation/Http/Middleware/TransformsRequest.php(21): Illuminate/Pipeline/Pipeline->{closure:{closure:Illuminate/Pipeline/Pipeline::carry():194}:195}(Object(Illuminate/Http/Request))
#27 E:/CooperativeTraining/web/vendor/laravel/framework/src/Illuminate/Foundation/Http/Middleware/ConvertEmptyStringsToNull.php(31): Illuminate/Foundation/Http/Middleware/TransformsRequest->handle(Object(Illuminate/Http/Request), Object(Closure))
#28 E:/CooperativeTraining/web/vendor/laravel/framework/src/Illuminate/Pipeline/Pipeline.php(219): Illuminate/Foundation/Http/Middleware/ConvertEmptyStringsToNull->handle(Object(Illuminate/Http/Request), Object(Closure))
#29 E:/CooperativeTraining/web/vendor/laravel/framework/src/Illuminate/Foundation/Http/Middleware/TransformsRequest.php(21): Illuminate/Pipeline/Pipeline->{closure:{closure:Illuminate/Pipeline/Pipeline::carry():194}:195}(Object(Illuminate/Http/Request))
#30 E:/CooperativeTraining/web/vendor/laravel/framework/src/Illuminate/Foundation/Http/Middleware/TrimStrings.php(51): Illuminate/Foundation/Http/Middleware/TransformsRequest->handle(Object(Illuminate/Http/Request), Object(Closure))
#31 E:/CooperativeTraining/web/vendor/laravel/framework/src/Illuminate/Pipeline/Pipeline.php(219): Illuminate/Foundation/Http/Middleware/TrimStrings->handle(Object(Illuminate/Http/Request), Object(Closure))
#32 E:/CooperativeTraining/web/vendor/laravel/framework/src/Illuminate/Http/Middleware/ValidatePostSize.php(27): Illuminate/Pipeline/Pipeline->{closure:{closure:Illuminate/Pipeline/Pipeline::carry():194}:195}(Object(Illuminate/Http/Request))
#33 E:/CooperativeTraining/web/vendor/laravel/framework/src/Illuminate/Pipeline/Pipeline.php(219): Illuminate/Http/Middleware/ValidatePostSize->handle(Object(Illuminate/Http/Request), Object(Closure))
#34 E:/CooperativeTraining/web/vendor/laravel/framework/src/Illuminate/Foundation/Http/Middleware/PreventRequestsDuringMaintenance.php(110): Illuminate/Pipeline/Pipeline->{closure:{closure:Illuminate/Pipeline/Pipeline::carry():194}:195}(Object(Illuminate/Http/Request))
#35 E:/CooperativeTraining/web/vendor/laravel/framework/src/Illuminate/Pipeline/Pipeline.php(219): Illuminate/Foundation/Http/Middleware/PreventRequestsDuringMaintenance->handle(Object(Illuminate/Http/Request), Object(Closure))
#36 E:/CooperativeTraining/web/vendor/laravel/framework/src/Illuminate/Http/Middleware/HandleCors.php(61): Illuminate/Pipeline/Pipeline->{closure:{closure:Illuminate/Pipeline/Pipeline::carry():194}:195}(Object(Illuminate/Http/Request))
#37 E:/CooperativeTraining/web/vendor/laravel/framework/src/Illuminate/Pipeline/Pipeline.php(219): Illuminate/Http/Middleware/HandleCors->handle(Object(Illuminate/Http/Request), Object(Closure))
#38 E:/CooperativeTraining/web/vendor/laravel/framework/src/Illuminate/Http/Middleware/TrustProxies.php(58): Illuminate/Pipeline/Pipeline->{closure:{closure:Illuminate/Pipeline/Pipeline::carry():194}:195}(Object(Illuminate/Http/Request))
#39 E:/CooperativeTraining/web/vendor/laravel/framework/src/Illuminate/Pipeline/Pipeline.php(219): Illuminate/Http/Middleware/TrustProxies->handle(Object(Illuminate/Http/Request), Object(Closure))
#40 E:/CooperativeTraining/web/vendor/laravel/framework/src/Illuminate/Foundation/Http/Middleware/InvokeDeferredCallbacks.php(22): Illuminate/Pipeline/Pipeline->{closure:{closure:Illuminate/Pipeline/Pipeline::carry():194}:195}(Object(Illuminate/Http/Request))
#41 E:/CooperativeTraining/web/vendor/laravel/framework/src/Illuminate/Pipeline/Pipeline.php(219): Illuminate/Foundation/Http/Middleware/InvokeDeferredCallbacks->handle(Object(Illuminate/Http/Request), Object(Closure))
#42 E:/CooperativeTraining/web/vendor/laravel/framework/src/Illuminate/Http/Middleware/ValidatePathEncoding.php(28): Illuminate/Pipeline/Pipeline->{closure:{closure:Illuminate/Pipeline/Pipeline::carry():194}:195}(Object(Illuminate/Http/Request))
#43 E:/CooperativeTraining/web/vendor/laravel/framework/src/Illuminate/Pipeline/Pipeline.php(219): Illuminate/Http/Middleware/ValidatePathEncoding->handle(Object(Illuminate/Http/Request), Object(Closure))
#44 E:/CooperativeTraining/web/vendor/laravel/framework/src/Illuminate/Pipeline/Pipeline.php(137): Illuminate/Pipeline/Pipeline->{closure:{closure:Illuminate/Pipeline/Pipeline::carry():194}:195}(Object(Illuminate/Http/Request))
#45 E:/CooperativeTraining/web/vendor/laravel/framework/src/Illuminate/Foundation/Http/Kernel.php(175): Illuminate/Pipeline/Pipeline->then(Object(Closure))
#46 E:/CooperativeTraining/web/vendor/laravel/framework/src/Illuminate/Foundation/Http/Kernel.php(144): Illuminate/Foundation/Http/Kernel->sendRequestThroughRouter(Object(Illuminate/Http/Request))
#47 E:/CooperativeTraining/web/vendor/laravel/framework/src/Illuminate/Foundation/Testing/Concerns/MakesHttpRequests.php(638): Illuminate/Foundation/Http/Kernel->handle(Object(Illuminate/Http/Request))
#48 E:/CooperativeTraining/web/vendor/laravel/framework/src/Illuminate/Foundation/Testing/Concerns/MakesHttpRequests.php(368): Illuminate/Foundation/Testing/TestCase->call('GET', 'http://localhos...', Array, Array, Array, Array)
#49 E:/CooperativeTraining/web/tests/Feature/Auth/EmailVerificationTest.php(63): Illuminate/Foundation/Testing/TestCase->get('http://localhos...')
#50 E:/CooperativeTraining/web/vendor/phpunit/phpunit/src/Framework/TestCase.php(1318): Tests/Feature/Auth/EmailVerificationTest->test_email_is_not_verified_with_invalid_hash()
#51 E:/CooperativeTraining/web/vendor/phpunit/phpunit/src/Framework/TestCase.php(1355): PHPUnit/Framework/TestCase->invokeTestMethod('test_email_is_n...', Array)
#52 E:/CooperativeTraining/web/vendor/phpunit/phpunit/src/Framework/TestCase.php(521): PHPUnit/Framework/TestCase->runTest()
#53 E:/CooperativeTraining/web/vendor/phpunit/phpunit/src/Framework/TestRunner/TestRunner.php(99): PHPUnit/Framework/TestCase->runBare()
#54 E:/CooperativeTraining/web/vendor/phpunit/phpunit/src/Framework/TestCase.php(361): PHPUnit/Framework/TestRunner->run(Object(Tests/Feature/Auth/EmailVerificationTest))
#55 E:/CooperativeTraining/web/vendor/phpunit/phpunit/src/Framework/TestSuite.php(374): PHPUnit/Framework/TestCase->run()
#56 E:/CooperativeTraining/web/vendor/phpunit/phpunit/src/Framework/TestSuite.php(374): PHPUnit/Framework/TestSuite->run()
#57 E:/CooperativeTraining/web/vendor/phpunit/phpunit/src/Framework/TestSuite.php(374): PHPUnit/Framework/TestSuite->run()
#58 E:/CooperativeTraining/web/vendor/phpunit/phpunit/src/TextUI/TestRunner.php(64): PHPUnit/Framework/TestSuite->run()
#59 E:/CooperativeTraining/web/vendor/phpunit/phpunit/src/TextUI/Application.php(229): PHPUnit/TextUI/TestRunner->run(Object(PHPUnit/TextUI/Configuration/Configuration), Object(PHPUnit/Runner/ResultCache/DefaultResultCache), Object(PHPUnit/Framework/TestSuite))
#60 E:/CooperativeTraining/web/vendor/phpunit/phpunit/phpunit(104): PHPUnit/TextUI/Application->run(Array)
#61 {main}
"} 
[2026-09-02 22:11:34] testing.ERROR: No application encryption key has been specified. {"userId":1,"exception":"[object] (Illuminate\\Encryption\\MissingAppKeyException(code: 0): No application encryption key has been specified. at E:/CooperativeTraining/web/vendor/laravel/framework/src/Illuminate/Encryption/EncryptionServiceProvider.php:83)
[stacktrace]
#0 E:/CooperativeTraining/web/vendor/laravel/framework/src/Illuminate/Support/helpers.php(393): Illuminate/Encryption/EncryptionServiceProvider->{closure:Illuminate/Encryption/EncryptionServiceProvider::key():81}('')
#1 E:/CooperativeTraining/web/vendor/laravel/framework/src/Illuminate/Encryption/EncryptionServiceProvider.php(81): tap('', Object(Closure))
#2 E:/CooperativeTraining/web/vendor/laravel/framework/src/Illuminate/Encryption/EncryptionServiceProvider.php(64): Illuminate/Encryption/EncryptionServiceProvider->key(Array)
#3 E:/CooperativeTraining/web/vendor/laravel/framework/src/Illuminate/Encryption/EncryptionServiceProvider.php(32): Illuminate/Encryption/EncryptionServiceProvider->parseKey(Array)
#4 E:/CooperativeTraining/web/vendor/laravel/framework/src/Illuminate/Container/Container.php(1140): Illuminate/Encryption/EncryptionServiceProvider->{closure:Illuminate/Encryption/EncryptionServiceProvider::registerEncrypter():29}(Object(Illuminate/Foundation/Application), Array)
#5 E:/CooperativeTraining/web/vendor/laravel/framework/src/Illuminate/Container/Container.php(939): Illuminate/Container/Container->build(Object(Closure))
#6 E:/CooperativeTraining/web/vendor/laravel/framework/src/Illuminate/Foundation/Application.php(1085): Illuminate/Container/Container->resolve('encrypter', Array, true)
#7 E:/CooperativeTraining/web/vendor/laravel/framework/src/Illuminate/Container/Container.php(867): Illuminate/Foundation/Application->resolve('encrypter', Array)
#8 E:/CooperativeTraining/web/vendor/laravel/framework/src/Illuminate/Foundation/Application.php(1065): Illuminate/Container/Container->make('encrypter', Array)
#9 E:/CooperativeTraining/web/vendor/laravel/framework/src/Illuminate/Container/Container.php(1361): Illuminate/Foundation/Application->make('encrypter')
#10 E:/CooperativeTraining/web/vendor/laravel/framework/src/Illuminate/Container/Container.php(1262): Illuminate/Container/Container->resolveClass(Object(ReflectionParameter), 'Illuminate//Cont...')
#11 E:/CooperativeTraining/web/vendor/laravel/framework/src/Illuminate/Container/Container.php(1187): Illuminate/Container/Container->resolveDependencies(Array)
#12 E:/CooperativeTraining/web/vendor/laravel/framework/src/Illuminate/Container/Container.php(939): Illuminate/Container/Container->build('Illuminate//Cook...')
#13 E:/CooperativeTraining/web/vendor/laravel/framework/src/Illuminate/Foundation/Application.php(1085): Illuminate/Container/Container->resolve('Illuminate//Cook...', Array, true)
#14 E:/CooperativeTraining/web/vendor/laravel/framework/src/Illuminate/Container/Container.php(867): Illuminate/Foundation/Application->resolve('Illuminate//Cook...', Array)
#15 E:/CooperativeTraining/web/vendor/laravel/framework/src/Illuminate/Foundation/Application.php(1065): Illuminate/Container/Container->make('Illuminate//Cook...', Array)
#16 E:/CooperativeTraining/web/vendor/laravel/framework/src/Illuminate/Pipeline/Pipeline.php(208): Illuminate/Foundation/Application->make('Illuminate//Cook...')
#17 E:/CooperativeTraining/web/vendor/laravel/framework/src/Illuminate/Pipeline/Pipeline.php(137): Illuminate/Pipeline/Pipeline->{closure:{closure:Illuminate/Pipeline/Pipeline::carry():194}:195}(Object(Illuminate/Http/Request))
#18 E:/CooperativeTraining/web/vendor/laravel/framework/src/Illuminate/Routing/Router.php(821): Illuminate/Pipeline/Pipeline->then(Object(Closure))
#19 E:/CooperativeTraining/web/vendor/laravel/framework/src/Illuminate/Routing/Router.php(800): Illuminate/Routing/Router->runRouteWithinStack(Object(Illuminate/Routing/Route), Object(Illuminate/Http/Request))
#20 E:/CooperativeTraining/web/vendor/laravel/framework/src/Illuminate/Routing/Router.php(764): Illuminate/Routing/Router->runRoute(Object(Illuminate/Http/Request), Object(Illuminate/Routing/Route))
#21 E:/CooperativeTraining/web/vendor/laravel/framework/src/Illuminate/Routing/Router.php(753): Illuminate/Routing/Router->dispatchToRoute(Object(Illuminate/Http/Request))
#22 E:/CooperativeTraining/web/vendor/laravel/framework/src/Illuminate/Foundation/Http/Kernel.php(200): Illuminate/Routing/Router->dispatch(Object(Illuminate/Http/Request))
#23 E:/CooperativeTraining/web/vendor/laravel/framework/src/Illuminate/Pipeline/Pipeline.php(180): Illuminate/Foundation/Http/Kernel->{closure:Illuminate/Foundation/Http/Kernel::dispatchToRouter():197}(Object(Illuminate/Http/Request))
#24 E:/CooperativeTraining/web/vendor/livewire/livewire/src/Features/SupportDisablingBackButtonCache/DisableBackButtonCacheMiddleware.php(19): Illuminate/Pipeline/Pipeline->{closure:Illuminate/Pipeline/Pipeline::prepareDestination():178}(Object(Illuminate/Http/Request))
#25 E:/CooperativeTraining/web/vendor/laravel/framework/src/Illuminate/Pipeline/Pipeline.php(219): Livewire/Features/SupportDisablingBackButtonCache/DisableBackButtonCacheMiddleware->handle(Object(Illuminate/Http/Request), Object(Closure))
#26 E:/CooperativeTraining/web/vendor/laravel/framework/src/Illuminate/Foundation/Http/Middleware/TransformsRequest.php(21): Illuminate/Pipeline/Pipeline->{closure:{closure:Illuminate/Pipeline/Pipeline::carry():194}:195}(Object(Illuminate/Http/Request))
#27 E:/CooperativeTraining/web/vendor/laravel/framework/src/Illuminate/Foundation/Http/Middleware/ConvertEmptyStringsToNull.php(31): Illuminate/Foundation/Http/Middleware/TransformsRequest->handle(Object(Illuminate/Http/Request), Object(Closure))
#28 E:/CooperativeTraining/web/vendor/laravel/framework/src/Illuminate/Pipeline/Pipeline.php(219): Illuminate/Foundation/Http/Middleware/ConvertEmptyStringsToNull->handle(Object(Illuminate/Http/Request), Object(Closure))
#29 E:/CooperativeTraining/web/vendor/laravel/framework/src/Illuminate/Foundation/Http/Middleware/TransformsRequest.php(21): Illuminate/Pipeline/Pipeline->{closure:{closure:Illuminate/Pipeline/Pipeline::carry():194}:195}(Object(Illuminate/Http/Request))
#30 E:/CooperativeTraining/web/vendor/laravel/framework/src/Illuminate/Foundation/Http/Middleware/TrimStrings.php(51): Illuminate/Foundation/Http/Middleware/TransformsRequest->handle(Object(Illuminate/Http/Request), Object(Closure))
#31 E:/CooperativeTraining/web/vendor/laravel/framework/src/Illuminate/Pipeline/Pipeline.php(219): Illuminate/Foundation/Http/Middleware/TrimStrings->handle(Object(Illuminate/Http/Request), Object(Closure))
#32 E:/CooperativeTraining/web/vendor/laravel/framework/src/Illuminate/Http/Middleware/ValidatePostSize.php(27): Illuminate/Pipeline/Pipeline->{closure:{closure:Illuminate/Pipeline/Pipeline::carry():194}:195}(Object(Illuminate/Http/Request))
#33 E:/CooperativeTraining/web/vendor/laravel/framework/src/Illuminate/Pipeline/Pipeline.php(219): Illuminate/Http/Middleware/ValidatePostSize->handle(Object(Illuminate/Http/Request), Object(Closure))
#34 E:/CooperativeTraining/web/vendor/laravel/framework/src/Illuminate/Foundation/Http/Middleware/PreventRequestsDuringMaintenance.php(110): Illuminate/Pipeline/Pipeline->{closure:{closure:Illuminate/Pipeline/Pipeline::carry():194}:195}(Object(Illuminate/Http/Request))
#35 E:/CooperativeTraining/web/vendor/laravel/framework/src/Illuminate/Pipeline/Pipeline.php(219): Illuminate/Foundation/Http/Middleware/PreventRequestsDuringMaintenance->handle(Object(Illuminate/Http/Request), Object(Closure))
#36 E:/CooperativeTraining/web/vendor/laravel/framework/src/Illuminate/Http/Middleware/HandleCors.php(61): Illuminate/Pipeline/Pipeline->{closure:{closure:Illuminate/Pipeline/Pipeline::carry():194}:195}(Object(Illuminate/Http/Request))
#37 E:/CooperativeTraining/web/vendor/laravel/framework/src/Illuminate/Pipeline/Pipeline.php(219): Illuminate/Http/Middleware/HandleCors->handle(Object(Illuminate/Http/Request), Object(Closure))
#38 E:/CooperativeTraining/web/vendor/laravel/framework/src/Illuminate/Http/Middleware/TrustProxies.php(58): Illuminate/Pipeline/Pipeline->{closure:{closure:Illuminate/Pipeline/Pipeline::carry():194}:195}(Object(Illuminate/Http/Request))
#39 E:/CooperativeTraining/web/vendor/laravel/framework/src/Illuminate/Pipeline/Pipeline.php(219): Illuminate/Http/Middleware/TrustProxies->handle(Object(Illuminate/Http/Request), Object(Closure))
#40 E:/CooperativeTraining/web/vendor/laravel/framework/src/Illuminate/Foundation/Http/Middleware/InvokeDeferredCallbacks.php(22): Illuminate/Pipeline/Pipeline->{closure:{closure:Illuminate/Pipeline/Pipeline::carry():194}:195}(Object(Illuminate/Http/Request))
#41 E:/CooperativeTraining/web/vendor/laravel/framework/src/Illuminate/Pipeline/Pipeline.php(219): Illuminate/Foundation/Http/Middleware/InvokeDeferredCallbacks->handle(Object(Illuminate/Http/Request), Object(Closure))
#42 E:/CooperativeTraining/web/vendor/laravel/framework/src/Illuminate/Http/Middleware/ValidatePathEncoding.php(28): Illuminate/Pipeline/Pipeline->{closure:{closure:Illuminate/Pipeline/Pipeline::carry():194}:195}(Object(Illuminate/Http/Request))
#43 E:/CooperativeTraining/web/vendor/laravel/framework/src/Illuminate/Pipeline/Pipeline.php(219): Illuminate/Http/Middleware/ValidatePathEncoding->handle(Object(Illuminate/Http/Request), Object(Closure))
#44 E:/CooperativeTraining/web/vendor/laravel/framework/src/Illuminate/Pipeline/Pipeline.php(137): Illuminate/Pipeline/Pipeline->{closure:{closure:Illuminate/Pipeline/Pipeline::carry():194}:195}(Object(Illuminate/Http/Request))
#45 E:/CooperativeTraining/web/vendor/laravel/framework/src/Illuminate/Foundation/Http/Kernel.php(175): Illuminate/Pipeline/Pipeline->then(Object(Closure))
#46 E:/CooperativeTraining/web/vendor/laravel/framework/src/Illuminate/Foundation/Http/Kernel.php(144): Illuminate/Foundation/Http/Kernel->sendRequestThroughRouter(Object(Illuminate/Http/Request))
#47 E:/CooperativeTraining/web/vendor/laravel/framework/src/Illuminate/Foundation/Testing/Concerns/MakesHttpRequests.php(638): Illuminate/Foundation/Http/Kernel->handle(Object(Illuminate/Http/Request))
#48 E:/CooperativeTraining/web/vendor/laravel/framework/src/Illuminate/Foundation/Testing/Concerns/MakesHttpRequests.php(368): Illuminate/Foundation/Testing/TestCase->call('GET', 'http://localhos...', Array, Array, Array, Array)
#49 E:/CooperativeTraining/web/tests/Feature/Auth/EmailVerificationTest.php(82): Illuminate/Foundation/Testing/TestCase->get('http://localhos...')
#50 E:/CooperativeTraining/web/vendor/phpunit/phpunit/src/Framework/TestCase.php(1318): Tests/Feature/Auth/EmailVerificationTest->test_already_verified_user_visiting_verification_link_is_redirected_without_firing_event_again()
#51 E:/CooperativeTraining/web/vendor/phpunit/phpunit/src/Framework/TestCase.php(1355): PHPUnit/Framework/TestCase->invokeTestMethod('test_already_ve...', Array)
#52 E:/CooperativeTraining/web/vendor/phpunit/phpunit/src/Framework/TestCase.php(521): PHPUnit/Framework/TestCase->runTest()
#53 E:/CooperativeTraining/web/vendor/phpunit/phpunit/src/Framework/TestRunner/TestRunner.php(99): PHPUnit/Framework/TestCase->runBare()
#54 E:/CooperativeTraining/web/vendor/phpunit/phpunit/src/Framework/TestCase.php(361): PHPUnit/Framework/TestRunner->run(Object(Tests/Feature/Auth/EmailVerificationTest))
#55 E:/CooperativeTraining/web/vendor/phpunit/phpunit/src/Framework/TestSuite.php(374): PHPUnit/Framework/TestCase->run()
#56 E:/CooperativeTraining/web/vendor/phpunit/phpunit/src/Framework/TestSuite.php(374): PHPUnit/Framework/TestSuite->run()
#57 E:/CooperativeTraining/web/vendor/phpunit/phpunit/src/Framework/TestSuite.php(374): PHPUnit/Framework/TestSuite->run()
#58 E:/CooperativeTraining/web/vendor/phpunit/phpunit/src/TextUI/TestRunner.php(64): PHPUnit/Framework/TestSuite->run()
#59 E:/CooperativeTraining/web/vendor/phpunit/phpunit/src/TextUI/Application.php(229): PHPUnit/TextUI/TestRunner->run(Object(PHPUnit/TextUI/Configuration/Configuration), Object(PHPUnit/Runner/ResultCache/DefaultResultCache), Object(PHPUnit/Framework/TestSuite))
#60 E:/CooperativeTraining/web/vendor/phpunit/phpunit/phpunit(104): PHPUnit/TextUI/Application->run(Array)
#61 {main}
"} 
[2026-09-02 22:11:34] testing.ERROR: No application encryption key has been specified. {"userId":1,"exception":"[object] (Illuminate\\Encryption\\MissingAppKeyException(code: 0): No application encryption key has been specified. at E:/CooperativeTraining/web/vendor/laravel/framework/src/Illuminate/Encryption/EncryptionServiceProvider.php:83)
[stacktrace]
#0 E:/CooperativeTraining/web/vendor/laravel/framework/src/Illuminate/Support/helpers.php(393): Illuminate/Encryption/EncryptionServiceProvider->{closure:Illuminate/Encryption/EncryptionServiceProvider::key():81}('')
#1 E:/CooperativeTraining/web/vendor/laravel/framework/src/Illuminate/Encryption/EncryptionServiceProvider.php(81): tap('', Object(Closure))
#2 E:/CooperativeTraining/web/vendor/laravel/framework/src/Illuminate/Encryption/EncryptionServiceProvider.php(64): Illuminate/Encryption/EncryptionServiceProvider->key(Array)
#3 E:/CooperativeTraining/web/vendor/laravel/framework/src/Illuminate/Encryption/EncryptionServiceProvider.php(32): Illuminate/Encryption/EncryptionServiceProvider->parseKey(Array)
#4 E:/CooperativeTraining/web/vendor/laravel/framework/src/Illuminate/Container/Container.php(1140): Illuminate/Encryption/EncryptionServiceProvider->{closure:Illuminate/Encryption/EncryptionServiceProvider::registerEncrypter():29}(Object(Illuminate/Foundation/Application), Array)
#5 E:/CooperativeTraining/web/vendor/laravel/framework/src/Illuminate/Container/Container.php(939): Illuminate/Container/Container->build(Object(Closure))
#6 E:/CooperativeTraining/web/vendor/laravel/framework/src/Illuminate/Foundation/Application.php(1085): Illuminate/Container/Container->resolve('encrypter', Array, true)
#7 E:/CooperativeTraining/web/vendor/laravel/framework/src/Illuminate/Container/Container.php(867): Illuminate/Foundation/Application->resolve('encrypter', Array)
#8 E:/CooperativeTraining/web/vendor/laravel/framework/src/Illuminate/Foundation/Application.php(1065): Illuminate/Container/Container->make('encrypter', Array)
#9 E:/CooperativeTraining/web/vendor/laravel/framework/src/Illuminate/Container/Container.php(1361): Illuminate/Foundation/Application->make('encrypter')
#10 E:/CooperativeTraining/web/vendor/laravel/framework/src/Illuminate/Container/Container.php(1262): Illuminate/Container/Container->resolveClass(Object(ReflectionParameter), 'Illuminate//Cont...')
#11 E:/CooperativeTraining/web/vendor/laravel/framework/src/Illuminate/Container/Container.php(1187): Illuminate/Container/Container->resolveDependencies(Array)
#12 E:/CooperativeTraining/web/vendor/laravel/framework/src/Illuminate/Container/Container.php(939): Illuminate/Container/Container->build('Illuminate//Cook...')
#13 E:/CooperativeTraining/web/vendor/laravel/framework/src/Illuminate/Foundation/Application.php(1085): Illuminate/Container/Container->resolve('Illuminate//Cook...', Array, true)
#14 E:/CooperativeTraining/web/vendor/laravel/framework/src/Illuminate/Container/Container.php(867): Illuminate/Foundation/Application->resolve('Illuminate//Cook...', Array)
#15 E:/CooperativeTraining/web/vendor/laravel/framework/src/Illuminate/Foundation/Application.php(1065): Illuminate/Container/Container->make('Illuminate//Cook...', Array)
#16 E:/CooperativeTraining/web/vendor/laravel/framework/src/Illuminate/Pipeline/Pipeline.php(208): Illuminate/Foundation/Application->make('Illuminate//Cook...')
#17 E:/CooperativeTraining/web/vendor/laravel/framework/src/Illuminate/Pipeline/Pipeline.php(137): Illuminate/Pipeline/Pipeline->{closure:{closure:Illuminate/Pipeline/Pipeline::carry():194}:195}(Object(Illuminate/Http/Request))
#18 E:/CooperativeTraining/web/vendor/laravel/framework/src/Illuminate/Routing/Router.php(821): Illuminate/Pipeline/Pipeline->then(Object(Closure))
#19 E:/CooperativeTraining/web/vendor/laravel/framework/src/Illuminate/Routing/Router.php(800): Illuminate/Routing/Router->runRouteWithinStack(Object(Illuminate/Routing/Route), Object(Illuminate/Http/Request))
#20 E:/CooperativeTraining/web/vendor/laravel/framework/src/Illuminate/Routing/Router.php(764): Illuminate/Routing/Router->runRoute(Object(Illuminate/Http/Request), Object(Illuminate/Routing/Route))
#21 E:/CooperativeTraining/web/vendor/laravel/framework/src/Illuminate/Routing/Router.php(753): Illuminate/Routing/Router->dispatchToRoute(Object(Illuminate/Http/Request))
#22 E:/CooperativeTraining/web/vendor/laravel/framework/src/Illuminate/Foundation/Http/Kernel.php(200): Illuminate/Routing/Router->dispatch(Object(Illuminate/Http/Request))
#23 E:/CooperativeTraining/web/vendor/laravel/framework/src/Illuminate/Pipeline/Pipeline.php(180): Illuminate/Foundation/Http/Kernel->{closure:Illuminate/Foundation/Http/Kernel::dispatchToRouter():197}(Object(Illuminate/Http/Request))
#24 E:/CooperativeTraining/web/vendor/livewire/livewire/src/Features/SupportDisablingBackButtonCache/DisableBackButtonCacheMiddleware.php(19): Illuminate/Pipeline/Pipeline->{closure:Illuminate/Pipeline/Pipeline::prepareDestination():178}(Object(Illuminate/Http/Request))
#25 E:/CooperativeTraining/web/vendor/laravel/framework/src/Illuminate/Pipeline/Pipeline.php(219): Livewire/Features/SupportDisablingBackButtonCache/DisableBackButtonCacheMiddleware->handle(Object(Illuminate/Http/Request), Object(Closure))
#26 E:/CooperativeTraining/web/vendor/laravel/framework/src/Illuminate/Foundation/Http/Middleware/TransformsRequest.php(21): Illuminate/Pipeline/Pipeline->{closure:{closure:Illuminate/Pipeline/Pipeline::carry():194}:195}(Object(Illuminate/Http/Request))
#27 E:/CooperativeTraining/web/vendor/laravel/framework/src/Illuminate/Foundation/Http/Middleware/ConvertEmptyStringsToNull.php(31): Illuminate/Foundation/Http/Middleware/TransformsRequest->handle(Object(Illuminate/Http/Request), Object(Closure))
#28 E:/CooperativeTraining/web/vendor/laravel/framework/src/Illuminate/Pipeline/Pipeline.php(219): Illuminate/Foundation/Http/Middleware/ConvertEmptyStringsToNull->handle(Object(Illuminate/Http/Request), Object(Closure))
#29 E:/CooperativeTraining/web/vendor/laravel/framework/src/Illuminate/Foundation/Http/Middleware/TransformsRequest.php(21): Illuminate/Pipeline/Pipeline->{closure:{closure:Illuminate/Pipeline/Pipeline::carry():194}:195}(Object(Illuminate/Http/Request))
#30 E:/CooperativeTraining/web/vendor/laravel/framework/src/Illuminate/Foundation/Http/Middleware/TrimStrings.php(51): Illuminate/Foundation/Http/Middleware/TransformsRequest->handle(Object(Illuminate/Http/Request), Object(Closure))
#31 E:/CooperativeTraining/web/vendor/laravel/framework/src/Illuminate/Pipeline/Pipeline.php(219): Illuminate/Foundation/Http/Middleware/TrimStrings->handle(Object(Illuminate/Http/Request), Object(Closure))
#32 E:/CooperativeTraining/web/vendor/laravel/framework/src/Illuminate/Http/Middleware/ValidatePostSize.php(27): Illuminate/Pipeline/Pipeline->{closure:{closure:Illuminate/Pipeline/Pipeline::carry():194}:195}(Object(Illuminate/Http/Request))
#33 E:/CooperativeTraining/web/vendor/laravel/framework/src/Illuminate/Pipeline/Pipeline.php(219): Illuminate/Http/Middleware/ValidatePostSize->handle(Object(Illuminate/Http/Request), Object(Closure))
#34 E:/CooperativeTraining/web/vendor/laravel/framework/src/Illuminate/Foundation/Http/Middleware/PreventRequestsDuringMaintenance.php(110): Illuminate/Pipeline/Pipeline->{closure:{closure:Illuminate/Pipeline/Pipeline::carry():194}:195}(Object(Illuminate/Http/Request))
#35 E:/CooperativeTraining/web/vendor/laravel/framework/src/Illuminate/Pipeline/Pipeline.php(219): Illuminate/Foundation/Http/Middleware/PreventRequestsDuringMaintenance->handle(Object(Illuminate/Http/Request), Object(Closure))
#36 E:/CooperativeTraining/web/vendor/laravel/framework/src/Illuminate/Http/Middleware/HandleCors.php(61): Illuminate/Pipeline/Pipeline->{closure:{closure:Illuminate/Pipeline/Pipeline::carry():194}:195}(Object(Illuminate/Http/Request))
#37 E:/CooperativeTraining/web/vendor/laravel/framework/src/Illuminate/Pipeline/Pipeline.php(219): Illuminate/Http/Middleware/HandleCors->handle(Object(Illuminate/Http/Request), Object(Closure))
#38 E:/CooperativeTraining/web/vendor/laravel/framework/src/Illuminate/Http/Middleware/TrustProxies.php(58): Illuminate/Pipeline/Pipeline->{closure:{closure:Illuminate/Pipeline/Pipeline::carry():194}:195}(Object(Illuminate/Http/Request))
#39 E:/CooperativeTraining/web/vendor/laravel/framework/src/Illuminate/Pipeline/Pipeline.php(219): Illuminate/Http/Middleware/TrustProxies->handle(Object(Illuminate/Http/Request), Object(Closure))
#40 E:/CooperativeTraining/web/vendor/laravel/framework/src/Illuminate/Foundation/Http/Middleware/InvokeDeferredCallbacks.php(22): Illuminate/Pipeline/Pipeline->{closure:{closure:Illuminate/Pipeline/Pipeline::carry():194}:195}(Object(Illuminate/Http/Request))
#41 E:/CooperativeTraining/web/vendor/laravel/framework/src/Illuminate/Pipeline/Pipeline.php(219): Illuminate/Foundation/Http/Middleware/InvokeDeferredCallbacks->handle(Object(Illuminate/Http/Request), Object(Closure))
#42 E:/CooperativeTraining/web/vendor/laravel/framework/src/Illuminate/Http/Middleware/ValidatePathEncoding.php(28): Illuminate/Pipeline/Pipeline->{closure:{closure:Illuminate/Pipeline/Pipeline::carry():194}:195}(Object(Illuminate/Http/Request))
#43 E:/CooperativeTraining/web/vendor/laravel/framework/src/Illuminate/Pipeline/Pipeline.php(219): Illuminate/Http/Middleware/ValidatePathEncoding->handle(Object(Illuminate/Http/Request), Object(Closure))
#44 E:/CooperativeTraining/web/vendor/laravel/framework/src/Illuminate/Pipeline/Pipeline.php(137): Illuminate/Pipeline/Pipeline->{closure:{closure:Illuminate/Pipeline/Pipeline::carry():194}:195}(Object(Illuminate/Http/Request))
#45 E:/CooperativeTraining/web/vendor/laravel/framework/src/Illuminate/Foundation/Http/Kernel.php(175): Illuminate/Pipeline/Pipeline->then(Object(Closure))
#46 E:/CooperativeTraining/web/vendor/laravel/framework/src/Illuminate/Foundation/Http/Kernel.php(144): Illuminate/Foundation/Http/Kernel->sendRequestThroughRouter(Object(Illuminate/Http/Request))
#47 E:/CooperativeTraining/web/vendor/laravel/framework/src/Illuminate/Foundation/Testing/Concerns/MakesHttpRequests.php(638): Illuminate/Foundation/Http/Kernel->handle(Object(Illuminate/Http/Request))
#48 E:/CooperativeTraining/web/vendor/laravel/framework/src/Illuminate/Foundation/Testing/Concerns/MakesHttpRequests.php(368): Illuminate/Foundation/Testing/TestCase->call('GET', 'http://localhos...', Array, Array, Array, Array)
#49 E:/CooperativeTraining/web/tests/Feature/Auth/PasswordConfirmationTest.php(17): Illuminate/Foundation/Testing/TestCase->get('http://localhos...')
#50 E:/CooperativeTraining/web/vendor/phpunit/phpunit/src/Framework/TestCase.php(1318): Tests/Feature/Auth/PasswordConfirmationTest->test_confirm_password_screen_can_be_rendered()
#51 E:/CooperativeTraining/web/vendor/phpunit/phpunit/src/Framework/TestCase.php(1355): PHPUnit/Framework/TestCase->invokeTestMethod('test_confirm_pa...', Array)
#52 E:/CooperativeTraining/web/vendor/phpunit/phpunit/src/Framework/TestCase.php(521): PHPUnit/Framework/TestCase->runTest()
#53 E:/CooperativeTraining/web/vendor/phpunit/phpunit/src/Framework/TestRunner/TestRunner.php(99): PHPUnit/Framework/TestCase->runBare()
#54 E:/CooperativeTraining/web/vendor/phpunit/phpunit/src/Framework/TestCase.php(361): PHPUnit/Framework/TestRunner->run(Object(Tests/Feature/Auth/PasswordConfirmationTest))
#55 E:/CooperativeTraining/web/vendor/phpunit/phpunit/src/Framework/TestSuite.php(374): PHPUnit/Framework/TestCase->run()
#56 E:/CooperativeTraining/web/vendor/phpunit/phpunit/src/Framework/TestSuite.php(374): PHPUnit/Framework/TestSuite->run()
#57 E:/CooperativeTraining/web/vendor/phpunit/phpunit/src/Framework/TestSuite.php(374): PHPUnit/Framework/TestSuite->run()
#58 E:/CooperativeTraining/web/vendor/phpunit/phpunit/src/TextUI/TestRunner.php(64): PHPUnit/Framework/TestSuite->run()
#59 E:/CooperativeTraining/web/vendor/phpunit/phpunit/src/TextUI/Application.php(229): PHPUnit/TextUI/TestRunner->run(Object(PHPUnit/TextUI/Configuration/Configuration), Object(PHPUnit/Runner/ResultCache/DefaultResultCache), Object(PHPUnit/Framework/TestSuite))
#60 E:/CooperativeTraining/web/vendor/phpunit/phpunit/phpunit(104): PHPUnit/TextUI/Application->run(Array)
#61 {main}
"} 
[2026-09-02 22:11:34] testing.ERROR: No application encryption key has been specified. {"exception":"[object] (Illuminate\\Encryption\\MissingAppKeyException(code: 0): No application encryption key has been specified. at E:/CooperativeTraining/web/vendor/laravel/framework/src/Illuminate/Encryption/EncryptionServiceProvider.php:83)
[stacktrace]
#0 E:/CooperativeTraining/web/vendor/laravel/framework/src/Illuminate/Support/helpers.php(393): Illuminate/Encryption/EncryptionServiceProvider->{closure:Illuminate/Encryption/EncryptionServiceProvider::key():81}('')
#1 E:/CooperativeTraining/web/vendor/laravel/framework/src/Illuminate/Encryption/EncryptionServiceProvider.php(81): tap('', Object(Closure))
#2 E:/CooperativeTraining/web/vendor/laravel/framework/src/Illuminate/Encryption/EncryptionServiceProvider.php(64): Illuminate/Encryption/EncryptionServiceProvider->key(Array)
#3 E:/CooperativeTraining/web/vendor/laravel/framework/src/Illuminate/Encryption/EncryptionServiceProvider.php(32): Illuminate/Encryption/EncryptionServiceProvider->parseKey(Array)
#4 E:/CooperativeTraining/web/vendor/laravel/framework/src/Illuminate/Container/Container.php(1140): Illuminate/Encryption/EncryptionServiceProvider->{closure:Illuminate/Encryption/EncryptionServiceProvider::registerEncrypter():29}(Object(Illuminate/Foundation/Application), Array)
#5 E:/CooperativeTraining/web/vendor/laravel/framework/src/Illuminate/Container/Container.php(939): Illuminate/Container/Container->build(Object(Closure))
#6 E:/CooperativeTraining/web/vendor/laravel/framework/src/Illuminate/Foundation/Application.php(1085): Illuminate/Container/Container->resolve('encrypter', Array, true)
#7 E:/CooperativeTraining/web/vendor/laravel/framework/src/Illuminate/Container/Container.php(867): Illuminate/Foundation/Application->resolve('encrypter', Array)
#8 E:/CooperativeTraining/web/vendor/laravel/framework/src/Illuminate/Foundation/Application.php(1065): Illuminate/Container/Container->make('encrypter', Array)
#9 E:/CooperativeTraining/web/vendor/laravel/framework/src/Illuminate/Container/Container.php(1361): Illuminate/Foundation/Application->make('encrypter')
#10 E:/CooperativeTraining/web/vendor/laravel/framework/src/Illuminate/Container/Container.php(1262): Illuminate/Container/Container->resolveClass(Object(ReflectionParameter), 'Illuminate//Cont...')
#11 E:/CooperativeTraining/web/vendor/laravel/framework/src/Illuminate/Container/Container.php(1187): Illuminate/Container/Container->resolveDependencies(Array)
#12 E:/CooperativeTraining/web/vendor/laravel/framework/src/Illuminate/Container/Container.php(939): Illuminate/Container/Container->build('Illuminate//Cook...')
#13 E:/CooperativeTraining/web/vendor/laravel/framework/src/Illuminate/Foundation/Application.php(1085): Illuminate/Container/Container->resolve('Illuminate//Cook...', Array, true)
#14 E:/CooperativeTraining/web/vendor/laravel/framework/src/Illuminate/Container/Container.php(867): Illuminate/Foundation/Application->resolve('Illuminate//Cook...', Array)
#15 E:/CooperativeTraining/web/vendor/laravel/framework/src/Illuminate/Foundation/Application.php(1065): Illuminate/Container/Container->make('Illuminate//Cook...', Array)
#16 E:/CooperativeTraining/web/vendor/laravel/framework/src/Illuminate/Pipeline/Pipeline.php(208): Illuminate/Foundation/Application->make('Illuminate//Cook...')
#17 E:/CooperativeTraining/web/vendor/laravel/framework/src/Illuminate/Pipeline/Pipeline.php(137): Illuminate/Pipeline/Pipeline->{closure:{closure:Illuminate/Pipeline/Pipeline::carry():194}:195}(Object(Illuminate/Http/Request))
#18 E:/CooperativeTraining/web/vendor/laravel/framework/src/Illuminate/Routing/Router.php(821): Illuminate/Pipeline/Pipeline->then(Object(Closure))
#19 E:/CooperativeTraining/web/vendor/laravel/framework/src/Illuminate/Routing/Router.php(800): Illuminate/Routing/Router->runRouteWithinStack(Object(Illuminate/Routing/Route), Object(Illuminate/Http/Request))
#20 E:/CooperativeTraining/web/vendor/laravel/framework/src/Illuminate/Routing/Router.php(764): Illuminate/Routing/Router->runRoute(Object(Illuminate/Http/Request), Object(Illuminate/Routing/Route))
#21 E:/CooperativeTraining/web/vendor/laravel/framework/src/Illuminate/Routing/Router.php(753): Illuminate/Routing/Router->dispatchToRoute(Object(Illuminate/Http/Request))
#22 E:/CooperativeTraining/web/vendor/laravel/framework/src/Illuminate/Foundation/Http/Kernel.php(200): Illuminate/Routing/Router->dispatch(Object(Illuminate/Http/Request))
#23 E:/CooperativeTraining/web/vendor/laravel/framework/src/Illuminate/Pipeline/Pipeline.php(180): Illuminate/Foundation/Http/Kernel->{closure:Illuminate/Foundation/Http/Kernel::dispatchToRouter():197}(Object(Illuminate/Http/Request))
#24 E:/CooperativeTraining/web/vendor/livewire/livewire/src/Features/SupportDisablingBackButtonCache/DisableBackButtonCacheMiddleware.php(19): Illuminate/Pipeline/Pipeline->{closure:Illuminate/Pipeline/Pipeline::prepareDestination():178}(Object(Illuminate/Http/Request))
#25 E:/CooperativeTraining/web/vendor/laravel/framework/src/Illuminate/Pipeline/Pipeline.php(219): Livewire/Features/SupportDisablingBackButtonCache/DisableBackButtonCacheMiddleware->handle(Object(Illuminate/Http/Request), Object(Closure))
#26 E:/CooperativeTraining/web/vendor/laravel/framework/src/Illuminate/Foundation/Http/Middleware/TransformsRequest.php(21): Illuminate/Pipeline/Pipeline->{closure:{closure:Illuminate/Pipeline/Pipeline::carry():194}:195}(Object(Illuminate/Http/Request))
#27 E:/CooperativeTraining/web/vendor/laravel/framework/src/Illuminate/Foundation/Http/Middleware/ConvertEmptyStringsToNull.php(31): Illuminate/Foundation/Http/Middleware/TransformsRequest->handle(Object(Illuminate/Http/Request), Object(Closure))
#28 E:/CooperativeTraining/web/vendor/laravel/framework/src/Illuminate/Pipeline/Pipeline.php(219): Illuminate/Foundation/Http/Middleware/ConvertEmptyStringsToNull->handle(Object(Illuminate/Http/Request), Object(Closure))
#29 E:/CooperativeTraining/web/vendor/laravel/framework/src/Illuminate/Foundation/Http/Middleware/TransformsRequest.php(21): Illuminate/Pipeline/Pipeline->{closure:{closure:Illuminate/Pipeline/Pipeline::carry():194}:195}(Object(Illuminate/Http/Request))
#30 E:/CooperativeTraining/web/vendor/laravel/framework/src/Illuminate/Foundation/Http/Middleware/TrimStrings.php(51): Illuminate/Foundation/Http/Middleware/TransformsRequest->handle(Object(Illuminate/Http/Request), Object(Closure))
#31 E:/CooperativeTraining/web/vendor/laravel/framework/src/Illuminate/Pipeline/Pipeline.php(219): Illuminate/Foundation/Http/Middleware/TrimStrings->handle(Object(Illuminate/Http/Request), Object(Closure))
#32 E:/CooperativeTraining/web/vendor/laravel/framework/src/Illuminate/Http/Middleware/ValidatePostSize.php(27): Illuminate/Pipeline/Pipeline->{closure:{closure:Illuminate/Pipeline/Pipeline::carry():194}:195}(Object(Illuminate/Http/Request))
#33 E:/CooperativeTraining/web/vendor/laravel/framework/src/Illuminate/Pipeline/Pipeline.php(219): Illuminate/Http/Middleware/ValidatePostSize->handle(Object(Illuminate/Http/Request), Object(Closure))
#34 E:/CooperativeTraining/web/vendor/laravel/framework/src/Illuminate/Foundation/Http/Middleware/PreventRequestsDuringMaintenance.php(110): Illuminate/Pipeline/Pipeline->{closure:{closure:Illuminate/Pipeline/Pipeline::carry():194}:195}(Object(Illuminate/Http/Request))
#35 E:/CooperativeTraining/web/vendor/laravel/framework/src/Illuminate/Pipeline/Pipeline.php(219): Illuminate/Foundation/Http/Middleware/PreventRequestsDuringMaintenance->handle(Object(Illuminate/Http/Request), Object(Closure))
#36 E:/CooperativeTraining/web/vendor/laravel/framework/src/Illuminate/Http/Middleware/HandleCors.php(61): Illuminate/Pipeline/Pipeline->{closure:{closure:Illuminate/Pipeline/Pipeline::carry():194}:195}(Object(Illuminate/Http/Request))
#37 E:/CooperativeTraining/web/vendor/laravel/framework/src/Illuminate/Pipeline/Pipeline.php(219): Illuminate/Http/Middleware/HandleCors->handle(Object(Illuminate/Http/Request), Object(Closure))
#38 E:/CooperativeTraining/web/vendor/laravel/framework/src/Illuminate/Http/Middleware/TrustProxies.php(58): Illuminate/Pipeline/Pipeline->{closure:{closure:Illuminate/Pipeline/Pipeline::carry():194}:195}(Object(Illuminate/Http/Request))
#39 E:/CooperativeTraining/web/vendor/laravel/framework/src/Illuminate/Pipeline/Pipeline.php(219): Illuminate/Http/Middleware/TrustProxies->handle(Object(Illuminate/Http/Request), Object(Closure))
#40 E:/CooperativeTraining/web/vendor/laravel/framework/src/Illuminate/Foundation/Http/Middleware/InvokeDeferredCallbacks.php(22): Illuminate/Pipeline/Pipeline->{closure:{closure:Illuminate/Pipeline/Pipeline::carry():194}:195}(Object(Illuminate/Http/Request))
#41 E:/CooperativeTraining/web/vendor/laravel/framework/src/Illuminate/Pipeline/Pipeline.php(219): Illuminate/Foundation/Http/Middleware/InvokeDeferredCallbacks->handle(Object(Illuminate/Http/Request), Object(Closure))
#42 E:/CooperativeTraining/web/vendor/laravel/framework/src/Illuminate/Http/Middleware/ValidatePathEncoding.php(28): Illuminate/Pipeline/Pipeline->{closure:{closure:Illuminate/Pipeline/Pipeline::carry():194}:195}(Object(Illuminate/Http/Request))
#43 E:/CooperativeTraining/web/vendor/laravel/framework/src/Illuminate/Pipeline/Pipeline.php(219): Illuminate/Http/Middleware/ValidatePathEncoding->handle(Object(Illuminate/Http/Request), Object(Closure))
#44 E:/CooperativeTraining/web/vendor/laravel/framework/src/Illuminate/Pipeline/Pipeline.php(137): Illuminate/Pipeline/Pipeline->{closure:{closure:Illuminate/Pipeline/Pipeline::carry():194}:195}(Object(Illuminate/Http/Request))
#45 E:/CooperativeTraining/web/vendor/laravel/framework/src/Illuminate/Foundation/Http/Kernel.php(175): Illuminate/Pipeline/Pipeline->then(Object(Closure))
#46 E:/CooperativeTraining/web/vendor/laravel/framework/src/Illuminate/Foundation/Http/Kernel.php(144): Illuminate/Foundation/Http/Kernel->sendRequestThroughRouter(Object(Illuminate/Http/Request))
#47 E:/CooperativeTraining/web/vendor/laravel/framework/src/Illuminate/Foundation/Testing/Concerns/MakesHttpRequests.php(638): Illuminate/Foundation/Http/Kernel->handle(Object(Illuminate/Http/Request))
#48 E:/CooperativeTraining/web/vendor/laravel/framework/src/Illuminate/Foundation/Testing/Concerns/MakesHttpRequests.php(368): Illuminate/Foundation/Testing/TestCase->call('GET', 'http://localhos...', Array, Array, Array, Array)
#49 E:/CooperativeTraining/web/tests/Feature/Auth/PasswordResetTest.php(25): Illuminate/Foundation/Testing/TestCase->get('http://localhos...')
#50 E:/CooperativeTraining/web/vendor/phpunit/phpunit/src/Framework/TestCase.php(1318): Tests/Feature/Auth/PasswordResetTest->test_reset_password_link_screen_can_be_rendered()
#51 E:/CooperativeTraining/web/vendor/phpunit/phpunit/src/Framework/TestCase.php(1355): PHPUnit/Framework/TestCase->invokeTestMethod('test_reset_pass...', Array)
#52 E:/CooperativeTraining/web/vendor/phpunit/phpunit/src/Framework/TestCase.php(521): PHPUnit/Framework/TestCase->runTest()
#53 E:/CooperativeTraining/web/vendor/phpunit/phpunit/src/Framework/TestRunner/TestRunner.php(99): PHPUnit/Framework/TestCase->runBare()
#54 E:/CooperativeTraining/web/vendor/phpunit/phpunit/src/Framework/TestCase.php(361): PHPUnit/Framework/TestRunner->run(Object(Tests/Feature/Auth/PasswordResetTest))
#55 E:/CooperativeTraining/web/vendor/phpunit/phpunit/src/Framework/TestSuite.php(374): PHPUnit/Framework/TestCase->run()
#56 E:/CooperativeTraining/web/vendor/phpunit/phpunit/src/Framework/TestSuite.php(374): PHPUnit/Framework/TestSuite->run()
#57 E:/CooperativeTraining/web/vendor/phpunit/phpunit/src/Framework/TestSuite.php(374): PHPUnit/Framework/TestSuite->run()
#58 E:/CooperativeTraining/web/vendor/phpunit/phpunit/src/TextUI/TestRunner.php(64): PHPUnit/Framework/TestSuite->run()
#59 E:/CooperativeTraining/web/vendor/phpunit/phpunit/src/TextUI/Application.php(229): PHPUnit/TextUI/TestRunner->run(Object(PHPUnit/TextUI/Configuration/Configuration), Object(PHPUnit/Runner/ResultCache/DefaultResultCache), Object(PHPUnit/Framework/TestSuite))
#60 E:/CooperativeTraining/web/vendor/phpunit/phpunit/phpunit(104): PHPUnit/TextUI/Application->run(Array)
#61 {main}
"} 
[2026-09-02 22:11:35] testing.ERROR: No application encryption key has been specified. {"exception":"[object] (Illuminate\\Encryption\\MissingAppKeyException(code: 0): No application encryption key has been specified. at E:/CooperativeTraining/web/vendor/laravel/framework/src/Illuminate/Encryption/EncryptionServiceProvider.php:83)
[stacktrace]
#0 E:/CooperativeTraining/web/vendor/laravel/framework/src/Illuminate/Support/helpers.php(393): Illuminate/Encryption/EncryptionServiceProvider->{closure:Illuminate/Encryption/EncryptionServiceProvider::key():81}('')
#1 E:/CooperativeTraining/web/vendor/laravel/framework/src/Illuminate/Encryption/EncryptionServiceProvider.php(81): tap('', Object(Closure))
#2 E:/CooperativeTraining/web/vendor/laravel/framework/src/Illuminate/Encryption/EncryptionServiceProvider.php(64): Illuminate/Encryption/EncryptionServiceProvider->key(Array)
#3 E:/CooperativeTraining/web/vendor/laravel/framework/src/Illuminate/Encryption/EncryptionServiceProvider.php(32): Illuminate/Encryption/EncryptionServiceProvider->parseKey(Array)
#4 E:/CooperativeTraining/web/vendor/laravel/framework/src/Illuminate/Container/Container.php(1140): Illuminate/Encryption/EncryptionServiceProvider->{closure:Illuminate/Encryption/EncryptionServiceProvider::registerEncrypter():29}(Object(Illuminate/Foundation/Application), Array)
#5 E:/CooperativeTraining/web/vendor/laravel/framework/src/Illuminate/Container/Container.php(939): Illuminate/Container/Container->build(Object(Closure))
#6 E:/CooperativeTraining/web/vendor/laravel/framework/src/Illuminate/Foundation/Application.php(1085): Illuminate/Container/Container->resolve('encrypter', Array, true)
#7 E:/CooperativeTraining/web/vendor/laravel/framework/src/Illuminate/Container/Container.php(867): Illuminate/Foundation/Application->resolve('encrypter', Array)
#8 E:/CooperativeTraining/web/vendor/laravel/framework/src/Illuminate/Foundation/Application.php(1065): Illuminate/Container/Container->make('encrypter', Array)
#9 E:/CooperativeTraining/web/vendor/laravel/framework/src/Illuminate/Container/Container.php(1361): Illuminate/Foundation/Application->make('encrypter')
#10 E:/CooperativeTraining/web/vendor/laravel/framework/src/Illuminate/Container/Container.php(1262): Illuminate/Container/Container->resolveClass(Object(ReflectionParameter), 'Illuminate//Cont...')
#11 E:/CooperativeTraining/web/vendor/laravel/framework/src/Illuminate/Container/Container.php(1187): Illuminate/Container/Container->resolveDependencies(Array)
#12 E:/CooperativeTraining/web/vendor/laravel/framework/src/Illuminate/Container/Container.php(939): Illuminate/Container/Container->build('Illuminate//Cook...')
#13 E:/CooperativeTraining/web/vendor/laravel/framework/src/Illuminate/Foundation/Application.php(1085): Illuminate/Container/Container->resolve('Illuminate//Cook...', Array, true)
#14 E:/CooperativeTraining/web/vendor/laravel/framework/src/Illuminate/Container/Container.php(867): Illuminate/Foundation/Application->resolve('Illuminate//Cook...', Array)
#15 E:/CooperativeTraining/web/vendor/laravel/framework/src/Illuminate/Foundation/Application.php(1065): Illuminate/Container/Container->make('Illuminate//Cook...', Array)
#16 E:/CooperativeTraining/web/vendor/laravel/framework/src/Illuminate/Pipeline/Pipeline.php(208): Illuminate/Foundation/Application->make('Illuminate//Cook...')
#17 E:/CooperativeTraining/web/vendor/laravel/framework/src/Illuminate/Pipeline/Pipeline.php(137): Illuminate/Pipeline/Pipeline->{closure:{closure:Illuminate/Pipeline/Pipeline::carry():194}:195}(Object(Illuminate/Http/Request))
#18 E:/CooperativeTraining/web/vendor/laravel/framework/src/Illuminate/Routing/Router.php(821): Illuminate/Pipeline/Pipeline->then(Object(Closure))
#19 E:/CooperativeTraining/web/vendor/laravel/framework/src/Illuminate/Routing/Router.php(800): Illuminate/Routing/Router->runRouteWithinStack(Object(Illuminate/Routing/Route), Object(Illuminate/Http/Request))
#20 E:/CooperativeTraining/web/vendor/laravel/framework/src/Illuminate/Routing/Router.php(764): Illuminate/Routing/Router->runRoute(Object(Illuminate/Http/Request), Object(Illuminate/Routing/Route))
#21 E:/CooperativeTraining/web/vendor/laravel/framework/src/Illuminate/Routing/Router.php(753): Illuminate/Routing/Router->dispatchToRoute(Object(Illuminate/Http/Request))
#22 E:/CooperativeTraining/web/vendor/laravel/framework/src/Illuminate/Foundation/Http/Kernel.php(200): Illuminate/Routing/Router->dispatch(Object(Illuminate/Http/Request))
#23 E:/CooperativeTraining/web/vendor/laravel/framework/src/Illuminate/Pipeline/Pipeline.php(180): Illuminate/Foundation/Http/Kernel->{closure:Illuminate/Foundation/Http/Kernel::dispatchToRouter():197}(Object(Illuminate/Http/Request))
#24 E:/CooperativeTraining/web/vendor/livewire/livewire/src/Features/SupportDisablingBackButtonCache/DisableBackButtonCacheMiddleware.php(19): Illuminate/Pipeline/Pipeline->{closure:Illuminate/Pipeline/Pipeline::prepareDestination():178}(Object(Illuminate/Http/Request))
#25 E:/CooperativeTraining/web/vendor/laravel/framework/src/Illuminate/Pipeline/Pipeline.php(219): Livewire/Features/SupportDisablingBackButtonCache/DisableBackButtonCacheMiddleware->handle(Object(Illuminate/Http/Request), Object(Closure))
#26 E:/CooperativeTraining/web/vendor/laravel/framework/src/Illuminate/Foundation/Http/Middleware/TransformsRequest.php(21): Illuminate/Pipeline/Pipeline->{closure:{closure:Illuminate/Pipeline/Pipeline::carry():194}:195}(Object(Illuminate/Http/Request))
#27 E:/CooperativeTraining/web/vendor/laravel/framework/src/Illuminate/Foundation/Http/Middleware/ConvertEmptyStringsToNull.php(31): Illuminate/Foundation/Http/Middleware/TransformsRequest->handle(Object(Illuminate/Http/Request), Object(Closure))
#28 E:/CooperativeTraining/web/vendor/laravel/framework/src/Illuminate/Pipeline/Pipeline.php(219): Illuminate/Foundation/Http/Middleware/ConvertEmptyStringsToNull->handle(Object(Illuminate/Http/Request), Object(Closure))
#29 E:/CooperativeTraining/web/vendor/laravel/framework/src/Illuminate/Foundation/Http/Middleware/TransformsRequest.php(21): Illuminate/Pipeline/Pipeline->{closure:{closure:Illuminate/Pipeline/Pipeline::carry():194}:195}(Object(Illuminate/Http/Request))
#30 E:/CooperativeTraining/web/vendor/laravel/framework/src/Illuminate/Foundation/Http/Middleware/TrimStrings.php(51): Illuminate/Foundation/Http/Middleware/TransformsRequest->handle(Object(Illuminate/Http/Request), Object(Closure))
#31 E:/CooperativeTraining/web/vendor/laravel/framework/src/Illuminate/Pipeline/Pipeline.php(219): Illuminate/Foundation/Http/Middleware/TrimStrings->handle(Object(Illuminate/Http/Request), Object(Closure))
#32 E:/CooperativeTraining/web/vendor/laravel/framework/src/Illuminate/Http/Middleware/ValidatePostSize.php(27): Illuminate/Pipeline/Pipeline->{closure:{closure:Illuminate/Pipeline/Pipeline::carry():194}:195}(Object(Illuminate/Http/Request))
#33 E:/CooperativeTraining/web/vendor/laravel/framework/src/Illuminate/Pipeline/Pipeline.php(219): Illuminate/Http/Middleware/ValidatePostSize->handle(Object(Illuminate/Http/Request), Object(Closure))
#34 E:/CooperativeTraining/web/vendor/laravel/framework/src/Illuminate/Foundation/Http/Middleware/PreventRequestsDuringMaintenance.php(110): Illuminate/Pipeline/Pipeline->{closure:{closure:Illuminate/Pipeline/Pipeline::carry():194}:195}(Object(Illuminate/Http/Request))
#35 E:/CooperativeTraining/web/vendor/laravel/framework/src/Illuminate/Pipeline/Pipeline.php(219): Illuminate/Foundation/Http/Middleware/PreventRequestsDuringMaintenance->handle(Object(Illuminate/Http/Request), Object(Closure))
#36 E:/CooperativeTraining/web/vendor/laravel/framework/src/Illuminate/Http/Middleware/HandleCors.php(61): Illuminate/Pipeline/Pipeline->{closure:{closure:Illuminate/Pipeline/Pipeline::carry():194}:195}(Object(Illuminate/Http/Request))
#37 E:/CooperativeTraining/web/vendor/laravel/framework/src/Illuminate/Pipeline/Pipeline.php(219): Illuminate/Http/Middleware/HandleCors->handle(Object(Illuminate/Http/Request), Object(Closure))
#38 E:/CooperativeTraining/web/vendor/laravel/framework/src/Illuminate/Http/Middleware/TrustProxies.php(58): Illuminate/Pipeline/Pipeline->{closure:{closure:Illuminate/Pipeline/Pipeline::carry():194}:195}(Object(Illuminate/Http/Request))
#39 E:/CooperativeTraining/web/vendor/laravel/framework/src/Illuminate/Pipeline/Pipeline.php(219): Illuminate/Http/Middleware/TrustProxies->handle(Object(Illuminate/Http/Request), Object(Closure))
#40 E:/CooperativeTraining/web/vendor/laravel/framework/src/Illuminate/Foundation/Http/Middleware/InvokeDeferredCallbacks.php(22): Illuminate/Pipeline/Pipeline->{closure:{closure:Illuminate/Pipeline/Pipeline::carry():194}:195}(Object(Illuminate/Http/Request))
#41 E:/CooperativeTraining/web/vendor/laravel/framework/src/Illuminate/Pipeline/Pipeline.php(219): Illuminate/Foundation/Http/Middleware/InvokeDeferredCallbacks->handle(Object(Illuminate/Http/Request), Object(Closure))
#42 E:/CooperativeTraining/web/vendor/laravel/framework/src/Illuminate/Http/Middleware/ValidatePathEncoding.php(28): Illuminate/Pipeline/Pipeline->{closure:{closure:Illuminate/Pipeline/Pipeline::carry():194}:195}(Object(Illuminate/Http/Request))
#43 E:/CooperativeTraining/web/vendor/laravel/framework/src/Illuminate/Pipeline/Pipeline.php(219): Illuminate/Http/Middleware/ValidatePathEncoding->handle(Object(Illuminate/Http/Request), Object(Closure))
#44 E:/CooperativeTraining/web/vendor/laravel/framework/src/Illuminate/Pipeline/Pipeline.php(137): Illuminate/Pipeline/Pipeline->{closure:{closure:Illuminate/Pipeline/Pipeline::carry():194}:195}(Object(Illuminate/Http/Request))
#45 E:/CooperativeTraining/web/vendor/laravel/framework/src/Illuminate/Foundation/Http/Kernel.php(175): Illuminate/Pipeline/Pipeline->then(Object(Closure))
#46 E:/CooperativeTraining/web/vendor/laravel/framework/src/Illuminate/Foundation/Http/Kernel.php(144): Illuminate/Foundation/Http/Kernel->sendRequestThroughRouter(Object(Illuminate/Http/Request))
#47 E:/CooperativeTraining/web/vendor/laravel/framework/src/Illuminate/Foundation/Testing/Concerns/MakesHttpRequests.php(638): Illuminate/Foundation/Http/Kernel->handle(Object(Illuminate/Http/Request))
#48 E:/CooperativeTraining/web/vendor/laravel/framework/src/Illuminate/Foundation/Testing/Concerns/MakesHttpRequests.php(397): Illuminate/Foundation/Testing/TestCase->call('POST', 'http://localhos...', Array, Array, Array, Array)
#49 E:/CooperativeTraining/web/tests/Feature/Auth/PasswordResetTest.php(36): Illuminate/Foundation/Testing/TestCase->post('http://localhos...', Array)
#50 E:/CooperativeTraining/web/vendor/phpunit/phpunit/src/Framework/TestCase.php(1318): Tests/Feature/Auth/PasswordResetTest->test_reset_password_link_can_be_requested()
#51 E:/CooperativeTraining/web/vendor/phpunit/phpunit/src/Framework/TestCase.php(1355): PHPUnit/Framework/TestCase->invokeTestMethod('test_reset_pass...', Array)
#52 E:/CooperativeTraining/web/vendor/phpunit/phpunit/src/Framework/TestCase.php(521): PHPUnit/Framework/TestCase->runTest()
#53 E:/CooperativeTraining/web/vendor/phpunit/phpunit/src/Framework/TestRunner/TestRunner.php(99): PHPUnit/Framework/TestCase->runBare()
#54 E:/CooperativeTraining/web/vendor/phpunit/phpunit/src/Framework/TestCase.php(361): PHPUnit/Framework/TestRunner->run(Object(Tests/Feature/Auth/PasswordResetTest))
#55 E:/CooperativeTraining/web/vendor/phpunit/phpunit/src/Framework/TestSuite.php(374): PHPUnit/Framework/TestCase->run()
#56 E:/CooperativeTraining/web/vendor/phpunit/phpunit/src/Framework/TestSuite.php(374): PHPUnit/Framework/TestSuite->run()
#57 E:/CooperativeTraining/web/vendor/phpunit/phpunit/src/Framework/TestSuite.php(374): PHPUnit/Framework/TestSuite->run()
#58 E:/CooperativeTraining/web/vendor/phpunit/phpunit/src/TextUI/TestRunner.php(64): PHPUnit/Framework/TestSuite->run()
#59 E:/CooperativeTraining/web/vendor/phpunit/phpunit/src/TextUI/Application.php(229): PHPUnit/TextUI/TestRunner->run(Object(PHPUnit/TextUI/Configuration/Configuration), Object(PHPUnit/Runner/ResultCache/DefaultResultCache), Object(PHPUnit/Framework/TestSuite))
#60 E:/CooperativeTraining/web/vendor/phpunit/phpunit/phpunit(104): PHPUnit/TextUI/Application->run(Array)
#61 {main}
"} 
[2026-09-02 22:11:35] testing.ERROR: No application encryption key has been specified. {"exception":"[object] (Illuminate\\Encryption\\MissingAppKeyException(code: 0): No application encryption key has been specified. at E:/CooperativeTraining/web/vendor/laravel/framework/src/Illuminate/Encryption/EncryptionServiceProvider.php:83)
[stacktrace]
#0 E:/CooperativeTraining/web/vendor/laravel/framework/src/Illuminate/Support/helpers.php(393): Illuminate/Encryption/EncryptionServiceProvider->{closure:Illuminate/Encryption/EncryptionServiceProvider::key():81}('')
#1 E:/CooperativeTraining/web/vendor/laravel/framework/src/Illuminate/Encryption/EncryptionServiceProvider.php(81): tap('', Object(Closure))
#2 E:/CooperativeTraining/web/vendor/laravel/framework/src/Illuminate/Encryption/EncryptionServiceProvider.php(64): Illuminate/Encryption/EncryptionServiceProvider->key(Array)
#3 E:/CooperativeTraining/web/vendor/laravel/framework/src/Illuminate/Encryption/EncryptionServiceProvider.php(32): Illuminate/Encryption/EncryptionServiceProvider->parseKey(Array)
#4 E:/CooperativeTraining/web/vendor/laravel/framework/src/Illuminate/Container/Container.php(1140): Illuminate/Encryption/EncryptionServiceProvider->{closure:Illuminate/Encryption/EncryptionServiceProvider::registerEncrypter():29}(Object(Illuminate/Foundation/Application), Array)
#5 E:/CooperativeTraining/web/vendor/laravel/framework/src/Illuminate/Container/Container.php(939): Illuminate/Container/Container->build(Object(Closure))
#6 E:/CooperativeTraining/web/vendor/laravel/framework/src/Illuminate/Foundation/Application.php(1085): Illuminate/Container/Container->resolve('encrypter', Array, true)
#7 E:/CooperativeTraining/web/vendor/laravel/framework/src/Illuminate/Container/Container.php(867): Illuminate/Foundation/Application->resolve('encrypter', Array)
#8 E:/CooperativeTraining/web/vendor/laravel/framework/src/Illuminate/Foundation/Application.php(1065): Illuminate/Container/Container->make('encrypter', Array)
#9 E:/CooperativeTraining/web/vendor/laravel/framework/src/Illuminate/Container/Container.php(1361): Illuminate/Foundation/Application->make('encrypter')
#10 E:/CooperativeTraining/web/vendor/laravel/framework/src/Illuminate/Container/Container.php(1262): Illuminate/Container/Container->resolveClass(Object(ReflectionParameter), 'Illuminate//Cont...')
#11 E:/CooperativeTraining/web/vendor/laravel/framework/src/Illuminate/Container/Container.php(1187): Illuminate/Container/Container->resolveDependencies(Array)
#12 E:/CooperativeTraining/web/vendor/laravel/framework/src/Illuminate/Container/Container.php(939): Illuminate/Container/Container->build('Illuminate//Cook...')
#13 E:/CooperativeTraining/web/vendor/laravel/framework/src/Illuminate/Foundation/Application.php(1085): Illuminate/Container/Container->resolve('Illuminate//Cook...', Array, true)
#14 E:/CooperativeTraining/web/vendor/laravel/framework/src/Illuminate/Container/Container.php(867): Illuminate/Foundation/Application->resolve('Illuminate//Cook...', Array)
#15 E:/CooperativeTraining/web/vendor/laravel/framework/src/Illuminate/Foundation/Application.php(1065): Illuminate/Container/Container->make('Illuminate//Cook...', Array)
#16 E:/CooperativeTraining/web/vendor/laravel/framework/src/Illuminate/Pipeline/Pipeline.php(208): Illuminate/Foundation/Application->make('Illuminate//Cook...')
#17 E:/CooperativeTraining/web/vendor/laravel/framework/src/Illuminate/Pipeline/Pipeline.php(137): Illuminate/Pipeline/Pipeline->{closure:{closure:Illuminate/Pipeline/Pipeline::carry():194}:195}(Object(Illuminate/Http/Request))
#18 E:/CooperativeTraining/web/vendor/laravel/framework/src/Illuminate/Routing/Router.php(821): Illuminate/Pipeline/Pipeline->then(Object(Closure))
#19 E:/CooperativeTraining/web/vendor/laravel/framework/src/Illuminate/Routing/Router.php(800): Illuminate/Routing/Router->runRouteWithinStack(Object(Illuminate/Routing/Route), Object(Illuminate/Http/Request))
#20 E:/CooperativeTraining/web/vendor/laravel/framework/src/Illuminate/Routing/Router.php(764): Illuminate/Routing/Router->runRoute(Object(Illuminate/Http/Request), Object(Illuminate/Routing/Route))
#21 E:/CooperativeTraining/web/vendor/laravel/framework/src/Illuminate/Routing/Router.php(753): Illuminate/Routing/Router->dispatchToRoute(Object(Illuminate/Http/Request))
#22 E:/CooperativeTraining/web/vendor/laravel/framework/src/Illuminate/Foundation/Http/Kernel.php(200): Illuminate/Routing/Router->dispatch(Object(Illuminate/Http/Request))
#23 E:/CooperativeTraining/web/vendor/laravel/framework/src/Illuminate/Pipeline/Pipeline.php(180): Illuminate/Foundation/Http/Kernel->{closure:Illuminate/Foundation/Http/Kernel::dispatchToRouter():197}(Object(Illuminate/Http/Request))
#24 E:/CooperativeTraining/web/vendor/livewire/livewire/src/Features/SupportDisablingBackButtonCache/DisableBackButtonCacheMiddleware.php(19): Illuminate/Pipeline/Pipeline->{closure:Illuminate/Pipeline/Pipeline::prepareDestination():178}(Object(Illuminate/Http/Request))
#25 E:/CooperativeTraining/web/vendor/laravel/framework/src/Illuminate/Pipeline/Pipeline.php(219): Livewire/Features/SupportDisablingBackButtonCache/DisableBackButtonCacheMiddleware->handle(Object(Illuminate/Http/Request), Object(Closure))
#26 E:/CooperativeTraining/web/vendor/laravel/framework/src/Illuminate/Foundation/Http/Middleware/TransformsRequest.php(21): Illuminate/Pipeline/Pipeline->{closure:{closure:Illuminate/Pipeline/Pipeline::carry():194}:195}(Object(Illuminate/Http/Request))
#27 E:/CooperativeTraining/web/vendor/laravel/framework/src/Illuminate/Foundation/Http/Middleware/ConvertEmptyStringsToNull.php(31): Illuminate/Foundation/Http/Middleware/TransformsRequest->handle(Object(Illuminate/Http/Request), Object(Closure))
#28 E:/CooperativeTraining/web/vendor/laravel/framework/src/Illuminate/Pipeline/Pipeline.php(219): Illuminate/Foundation/Http/Middleware/ConvertEmptyStringsToNull->handle(Object(Illuminate/Http/Request), Object(Closure))
#29 E:/CooperativeTraining/web/vendor/laravel/framework/src/Illuminate/Foundation/Http/Middleware/TransformsRequest.php(21): Illuminate/Pipeline/Pipeline->{closure:{closure:Illuminate/Pipeline/Pipeline::carry():194}:195}(Object(Illuminate/Http/Request))
#30 E:/CooperativeTraining/web/vendor/laravel/framework/src/Illuminate/Foundation/Http/Middleware/TrimStrings.php(51): Illuminate/Foundation/Http/Middleware/TransformsRequest->handle(Object(Illuminate/Http/Request), Object(Closure))
#31 E:/CooperativeTraining/web/vendor/laravel/framework/src/Illuminate/Pipeline/Pipeline.php(219): Illuminate/Foundation/Http/Middleware/TrimStrings->handle(Object(Illuminate/Http/Request), Object(Closure))
#32 E:/CooperativeTraining/web/vendor/laravel/framework/src/Illuminate/Http/Middleware/ValidatePostSize.php(27): Illuminate/Pipeline/Pipeline->{closure:{closure:Illuminate/Pipeline/Pipeline::carry():194}:195}(Object(Illuminate/Http/Request))
#33 E:/CooperativeTraining/web/vendor/laravel/framework/src/Illuminate/Pipeline/Pipeline.php(219): Illuminate/Http/Middleware/ValidatePostSize->handle(Object(Illuminate/Http/Request), Object(Closure))
#34 E:/CooperativeTraining/web/vendor/laravel/framework/src/Illuminate/Foundation/Http/Middleware/PreventRequestsDuringMaintenance.php(110): Illuminate/Pipeline/Pipeline->{closure:{closure:Illuminate/Pipeline/Pipeline::carry():194}:195}(Object(Illuminate/Http/Request))
#35 E:/CooperativeTraining/web/vendor/laravel/framework/src/Illuminate/Pipeline/Pipeline.php(219): Illuminate/Foundation/Http/Middleware/PreventRequestsDuringMaintenance->handle(Object(Illuminate/Http/Request), Object(Closure))
#36 E:/CooperativeTraining/web/vendor/laravel/framework/src/Illuminate/Http/Middleware/HandleCors.php(61): Illuminate/Pipeline/Pipeline->{closure:{closure:Illuminate/Pipeline/Pipeline::carry():194}:195}(Object(Illuminate/Http/Request))
#37 E:/CooperativeTraining/web/vendor/laravel/framework/src/Illuminate/Pipeline/Pipeline.php(219): Illuminate/Http/Middleware/HandleCors->handle(Object(Illuminate/Http/Request), Object(Closure))
#38 E:/CooperativeTraining/web/vendor/laravel/framework/src/Illuminate/Http/Middleware/TrustProxies.php(58): Illuminate/Pipeline/Pipeline->{closure:{closure:Illuminate/Pipeline/Pipeline::carry():194}:195}(Object(Illuminate/Http/Request))
#39 E:/CooperativeTraining/web/vendor/laravel/framework/src/Illuminate/Pipeline/Pipeline.php(219): Illuminate/Http/Middleware/TrustProxies->handle(Object(Illuminate/Http/Request), Object(Closure))
#40 E:/CooperativeTraining/web/vendor/laravel/framework/src/Illuminate/Foundation/Http/Middleware/InvokeDeferredCallbacks.php(22): Illuminate/Pipeline/Pipeline->{closure:{closure:Illuminate/Pipeline/Pipeline::carry():194}:195}(Object(Illuminate/Http/Request))
#41 E:/CooperativeTraining/web/vendor/laravel/framework/src/Illuminate/Pipeline/Pipeline.php(219): Illuminate/Foundation/Http/Middleware/InvokeDeferredCallbacks->handle(Object(Illuminate/Http/Request), Object(Closure))
#42 E:/CooperativeTraining/web/vendor/laravel/framework/src/Illuminate/Http/Middleware/ValidatePathEncoding.php(28): Illuminate/Pipeline/Pipeline->{closure:{closure:Illuminate/Pipeline/Pipeline::carry():194}:195}(Object(Illuminate/Http/Request))
#43 E:/CooperativeTraining/web/vendor/laravel/framework/src/Illuminate/Pipeline/Pipeline.php(219): Illuminate/Http/Middleware/ValidatePathEncoding->handle(Object(Illuminate/Http/Request), Object(Closure))
#44 E:/CooperativeTraining/web/vendor/laravel/framework/src/Illuminate/Pipeline/Pipeline.php(137): Illuminate/Pipeline/Pipeline->{closure:{closure:Illuminate/Pipeline/Pipeline::carry():194}:195}(Object(Illuminate/Http/Request))
#45 E:/CooperativeTraining/web/vendor/laravel/framework/src/Illuminate/Foundation/Http/Kernel.php(175): Illuminate/Pipeline/Pipeline->then(Object(Closure))
#46 E:/CooperativeTraining/web/vendor/laravel/framework/src/Illuminate/Foundation/Http/Kernel.php(144): Illuminate/Foundation/Http/Kernel->sendRequestThroughRouter(Object(Illuminate/Http/Request))
#47 E:/CooperativeTraining/web/vendor/laravel/framework/src/Illuminate/Foundation/Testing/Concerns/MakesHttpRequests.php(638): Illuminate/Foundation/Http/Kernel->handle(Object(Illuminate/Http/Request))
#48 E:/CooperativeTraining/web/vendor/laravel/framework/src/Illuminate/Foundation/Testing/Concerns/MakesHttpRequests.php(397): Illuminate/Foundation/Testing/TestCase->call('POST', 'http://localhos...', Array, Array, Array, Array)
#49 E:/CooperativeTraining/web/tests/Feature/Auth/PasswordResetTest.php(47): Illuminate/Foundation/Testing/TestCase->post('http://localhos...', Array)
#50 E:/CooperativeTraining/web/vendor/phpunit/phpunit/src/Framework/TestCase.php(1318): Tests/Feature/Auth/PasswordResetTest->test_reset_password_screen_can_be_rendered()
#51 E:/CooperativeTraining/web/vendor/phpunit/phpunit/src/Framework/TestCase.php(1355): PHPUnit/Framework/TestCase->invokeTestMethod('test_reset_pass...', Array)
#52 E:/CooperativeTraining/web/vendor/phpunit/phpunit/src/Framework/TestCase.php(521): PHPUnit/Framework/TestCase->runTest()
#53 E:/CooperativeTraining/web/vendor/phpunit/phpunit/src/Framework/TestRunner/TestRunner.php(99): PHPUnit/Framework/TestCase->runBare()
#54 E:/CooperativeTraining/web/vendor/phpunit/phpunit/src/Framework/TestCase.php(361): PHPUnit/Framework/TestRunner->run(Object(Tests/Feature/Auth/PasswordResetTest))
#55 E:/CooperativeTraining/web/vendor/phpunit/phpunit/src/Framework/TestSuite.php(374): PHPUnit/Framework/TestCase->run()
#56 E:/CooperativeTraining/web/vendor/phpunit/phpunit/src/Framework/TestSuite.php(374): PHPUnit/Framework/TestSuite->run()
#57 E:/CooperativeTraining/web/vendor/phpunit/phpunit/src/Framework/TestSuite.php(374): PHPUnit/Framework/TestSuite->run()
#58 E:/CooperativeTraining/web/vendor/phpunit/phpunit/src/TextUI/TestRunner.php(64): PHPUnit/Framework/TestSuite->run()
#59 E:/CooperativeTraining/web/vendor/phpunit/phpunit/src/TextUI/Application.php(229): PHPUnit/TextUI/TestRunner->run(Object(PHPUnit/TextUI/Configuration/Configuration), Object(PHPUnit/Runner/ResultCache/DefaultResultCache), Object(PHPUnit/Framework/TestSuite))
#60 E:/CooperativeTraining/web/vendor/phpunit/phpunit/phpunit(104): PHPUnit/TextUI/Application->run(Array)
#61 {main}
"} 
[2026-09-02 22:11:35] testing.ERROR: No application encryption key has been specified. {"exception":"[object] (Illuminate\\Encryption\\MissingAppKeyException(code: 0): No application encryption key has been specified. at E:/CooperativeTraining/web/vendor/laravel/framework/src/Illuminate/Encryption/EncryptionServiceProvider.php:83)
[stacktrace]
#0 E:/CooperativeTraining/web/vendor/laravel/framework/src/Illuminate/Support/helpers.php(393): Illuminate/Encryption/EncryptionServiceProvider->{closure:Illuminate/Encryption/EncryptionServiceProvider::key():81}('')
#1 E:/CooperativeTraining/web/vendor/laravel/framework/src/Illuminate/Encryption/EncryptionServiceProvider.php(81): tap('', Object(Closure))
#2 E:/CooperativeTraining/web/vendor/laravel/framework/src/Illuminate/Encryption/EncryptionServiceProvider.php(64): Illuminate/Encryption/EncryptionServiceProvider->key(Array)
#3 E:/CooperativeTraining/web/vendor/laravel/framework/src/Illuminate/Encryption/EncryptionServiceProvider.php(32): Illuminate/Encryption/EncryptionServiceProvider->parseKey(Array)
#4 E:/CooperativeTraining/web/vendor/laravel/framework/src/Illuminate/Container/Container.php(1140): Illuminate/Encryption/EncryptionServiceProvider->{closure:Illuminate/Encryption/EncryptionServiceProvider::registerEncrypter():29}(Object(Illuminate/Foundation/Application), Array)
#5 E:/CooperativeTraining/web/vendor/laravel/framework/src/Illuminate/Container/Container.php(939): Illuminate/Container/Container->build(Object(Closure))
#6 E:/CooperativeTraining/web/vendor/laravel/framework/src/Illuminate/Foundation/Application.php(1085): Illuminate/Container/Container->resolve('encrypter', Array, true)
#7 E:/CooperativeTraining/web/vendor/laravel/framework/src/Illuminate/Container/Container.php(867): Illuminate/Foundation/Application->resolve('encrypter', Array)
#8 E:/CooperativeTraining/web/vendor/laravel/framework/src/Illuminate/Foundation/Application.php(1065): Illuminate/Container/Container->make('encrypter', Array)
#9 E:/CooperativeTraining/web/vendor/laravel/framework/src/Illuminate/Container/Container.php(1361): Illuminate/Foundation/Application->make('encrypter')
#10 E:/CooperativeTraining/web/vendor/laravel/framework/src/Illuminate/Container/Container.php(1262): Illuminate/Container/Container->resolveClass(Object(ReflectionParameter), 'Illuminate//Cont...')
#11 E:/CooperativeTraining/web/vendor/laravel/framework/src/Illuminate/Container/Container.php(1187): Illuminate/Container/Container->resolveDependencies(Array)
#12 E:/CooperativeTraining/web/vendor/laravel/framework/src/Illuminate/Container/Container.php(939): Illuminate/Container/Container->build('Illuminate//Cook...')
#13 E:/CooperativeTraining/web/vendor/laravel/framework/src/Illuminate/Foundation/Application.php(1085): Illuminate/Container/Container->resolve('Illuminate//Cook...', Array, true)
#14 E:/CooperativeTraining/web/vendor/laravel/framework/src/Illuminate/Container/Container.php(867): Illuminate/Foundation/Application->resolve('Illuminate//Cook...', Array)
#15 E:/CooperativeTraining/web/vendor/laravel/framework/src/Illuminate/Foundation/Application.php(1065): Illuminate/Container/Container->make('Illuminate//Cook...', Array)
#16 E:/CooperativeTraining/web/vendor/laravel/framework/src/Illuminate/Pipeline/Pipeline.php(208): Illuminate/Foundation/Application->make('Illuminate//Cook...')
#17 E:/CooperativeTraining/web/vendor/laravel/framework/src/Illuminate/Pipeline/Pipeline.php(137): Illuminate/Pipeline/Pipeline->{closure:{closure:Illuminate/Pipeline/Pipeline::carry():194}:195}(Object(Illuminate/Http/Request))
#18 E:/CooperativeTraining/web/vendor/laravel/framework/src/Illuminate/Routing/Router.php(821): Illuminate/Pipeline/Pipeline->then(Object(Closure))
#19 E:/CooperativeTraining/web/vendor/laravel/framework/src/Illuminate/Routing/Router.php(800): Illuminate/Routing/Router->runRouteWithinStack(Object(Illuminate/Routing/Route), Object(Illuminate/Http/Request))
#20 E:/CooperativeTraining/web/vendor/laravel/framework/src/Illuminate/Routing/Router.php(764): Illuminate/Routing/Router->runRoute(Object(Illuminate/Http/Request), Object(Illuminate/Routing/Route))
#21 E:/CooperativeTraining/web/vendor/laravel/framework/src/Illuminate/Routing/Router.php(753): Illuminate/Routing/Router->dispatchToRoute(Object(Illuminate/Http/Request))
#22 E:/CooperativeTraining/web/vendor/laravel/framework/src/Illuminate/Foundation/Http/Kernel.php(200): Illuminate/Routing/Router->dispatch(Object(Illuminate/Http/Request))
#23 E:/CooperativeTraining/web/vendor/laravel/framework/src/Illuminate/Pipeline/Pipeline.php(180): Illuminate/Foundation/Http/Kernel->{closure:Illuminate/Foundation/Http/Kernel::dispatchToRouter():197}(Object(Illuminate/Http/Request))
#24 E:/CooperativeTraining/web/vendor/livewire/livewire/src/Features/SupportDisablingBackButtonCache/DisableBackButtonCacheMiddleware.php(19): Illuminate/Pipeline/Pipeline->{closure:Illuminate/Pipeline/Pipeline::prepareDestination():178}(Object(Illuminate/Http/Request))
#25 E:/CooperativeTraining/web/vendor/laravel/framework/src/Illuminate/Pipeline/Pipeline.php(219): Livewire/Features/SupportDisablingBackButtonCache/DisableBackButtonCacheMiddleware->handle(Object(Illuminate/Http/Request), Object(Closure))
#26 E:/CooperativeTraining/web/vendor/laravel/framework/src/Illuminate/Foundation/Http/Middleware/TransformsRequest.php(21): Illuminate/Pipeline/Pipeline->{closure:{closure:Illuminate/Pipeline/Pipeline::carry():194}:195}(Object(Illuminate/Http/Request))
#27 E:/CooperativeTraining/web/vendor/laravel/framework/src/Illuminate/Foundation/Http/Middleware/ConvertEmptyStringsToNull.php(31): Illuminate/Foundation/Http/Middleware/TransformsRequest->handle(Object(Illuminate/Http/Request), Object(Closure))
#28 E:/CooperativeTraining/web/vendor/laravel/framework/src/Illuminate/Pipeline/Pipeline.php(219): Illuminate/Foundation/Http/Middleware/ConvertEmptyStringsToNull->handle(Object(Illuminate/Http/Request), Object(Closure))
#29 E:/CooperativeTraining/web/vendor/laravel/framework/src/Illuminate/Foundation/Http/Middleware/TransformsRequest.php(21): Illuminate/Pipeline/Pipeline->{closure:{closure:Illuminate/Pipeline/Pipeline::carry():194}:195}(Object(Illuminate/Http/Request))
#30 E:/CooperativeTraining/web/vendor/laravel/framework/src/Illuminate/Foundation/Http/Middleware/TrimStrings.php(51): Illuminate/Foundation/Http/Middleware/TransformsRequest->handle(Object(Illuminate/Http/Request), Object(Closure))
#31 E:/CooperativeTraining/web/vendor/laravel/framework/src/Illuminate/Pipeline/Pipeline.php(219): Illuminate/Foundation/Http/Middleware/TrimStrings->handle(Object(Illuminate/Http/Request), Object(Closure))
#32 E:/CooperativeTraining/web/vendor/laravel/framework/src/Illuminate/Http/Middleware/ValidatePostSize.php(27): Illuminate/Pipeline/Pipeline->{closure:{closure:Illuminate/Pipeline/Pipeline::carry():194}:195}(Object(Illuminate/Http/Request))
#33 E:/CooperativeTraining/web/vendor/laravel/framework/src/Illuminate/Pipeline/Pipeline.php(219): Illuminate/Http/Middleware/ValidatePostSize->handle(Object(Illuminate/Http/Request), Object(Closure))
#34 E:/CooperativeTraining/web/vendor/laravel/framework/src/Illuminate/Foundation/Http/Middleware/PreventRequestsDuringMaintenance.php(110): Illuminate/Pipeline/Pipeline->{closure:{closure:Illuminate/Pipeline/Pipeline::carry():194}:195}(Object(Illuminate/Http/Request))
#35 E:/CooperativeTraining/web/vendor/laravel/framework/src/Illuminate/Pipeline/Pipeline.php(219): Illuminate/Foundation/Http/Middleware/PreventRequestsDuringMaintenance->handle(Object(Illuminate/Http/Request), Object(Closure))
#36 E:/CooperativeTraining/web/vendor/laravel/framework/src/Illuminate/Http/Middleware/HandleCors.php(61): Illuminate/Pipeline/Pipeline->{closure:{closure:Illuminate/Pipeline/Pipeline::carry():194}:195}(Object(Illuminate/Http/Request))
#37 E:/CooperativeTraining/web/vendor/laravel/framework/src/Illuminate/Pipeline/Pipeline.php(219): Illuminate/Http/Middleware/HandleCors->handle(Object(Illuminate/Http/Request), Object(Closure))
#38 E:/CooperativeTraining/web/vendor/laravel/framework/src/Illuminate/Http/Middleware/TrustProxies.php(58): Illuminate/Pipeline/Pipeline->{closure:{closure:Illuminate/Pipeline/Pipeline::carry():194}:195}(Object(Illuminate/Http/Request))
#39 E:/CooperativeTraining/web/vendor/laravel/framework/src/Illuminate/Pipeline/Pipeline.php(219): Illuminate/Http/Middleware/TrustProxies->handle(Object(Illuminate/Http/Request), Object(Closure))
#40 E:/CooperativeTraining/web/vendor/laravel/framework/src/Illuminate/Foundation/Http/Middleware/InvokeDeferredCallbacks.php(22): Illuminate/Pipeline/Pipeline->{closure:{closure:Illuminate/Pipeline/Pipeline::carry():194}:195}(Object(Illuminate/Http/Request))
#41 E:/CooperativeTraining/web/vendor/laravel/framework/src/Illuminate/Pipeline/Pipeline.php(219): Illuminate/Foundation/Http/Middleware/InvokeDeferredCallbacks->handle(Object(Illuminate/Http/Request), Object(Closure))
#42 E:/CooperativeTraining/web/vendor/laravel/framework/src/Illuminate/Http/Middleware/ValidatePathEncoding.php(28): Illuminate/Pipeline/Pipeline->{closure:{closure:Illuminate/Pipeline/Pipeline::carry():194}:195}(Object(Illuminate/Http/Request))
#43 E:/CooperativeTraining/web/vendor/laravel/framework/src/Illuminate/Pipeline/Pipeline.php(219): Illuminate/Http/Middleware/ValidatePathEncoding->handle(Object(Illuminate/Http/Request), Object(Closure))
#44 E:/CooperativeTraining/web/vendor/laravel/framework/src/Illuminate/Pipeline/Pipeline.php(137): Illuminate/Pipeline/Pipeline->{closure:{closure:Illuminate/Pipeline/Pipeline::carry():194}:195}(Object(Illuminate/Http/Request))
#45 E:/CooperativeTraining/web/vendor/laravel/framework/src/Illuminate/Foundation/Http/Kernel.php(175): Illuminate/Pipeline/Pipeline->then(Object(Closure))
#46 E:/CooperativeTraining/web/vendor/laravel/framework/src/Illuminate/Foundation/Http/Kernel.php(144): Illuminate/Foundation/Http/Kernel->sendRequestThroughRouter(Object(Illuminate/Http/Request))
#47 E:/CooperativeTraining/web/vendor/laravel/framework/src/Illuminate/Foundation/Testing/Concerns/MakesHttpRequests.php(638): Illuminate/Foundation/Http/Kernel->handle(Object(Illuminate/Http/Request))
#48 E:/CooperativeTraining/web/vendor/laravel/framework/src/Illuminate/Foundation/Testing/Concerns/MakesHttpRequests.php(397): Illuminate/Foundation/Testing/TestCase->call('POST', 'http://localhos...', Array, Array, Array, Array)
#49 E:/CooperativeTraining/web/tests/Feature/Auth/PasswordResetTest.php(64): Illuminate/Foundation/Testing/TestCase->post('http://localhos...', Array)
#50 E:/CooperativeTraining/web/vendor/phpunit/phpunit/src/Framework/TestCase.php(1318): Tests/Feature/Auth/PasswordResetTest->test_password_can_be_reset_with_valid_token()
#51 E:/CooperativeTraining/web/vendor/phpunit/phpunit/src/Framework/TestCase.php(1355): PHPUnit/Framework/TestCase->invokeTestMethod('test_password_c...', Array)
#52 E:/CooperativeTraining/web/vendor/phpunit/phpunit/src/Framework/TestCase.php(521): PHPUnit/Framework/TestCase->runTest()
#53 E:/CooperativeTraining/web/vendor/phpunit/phpunit/src/Framework/TestRunner/TestRunner.php(99): PHPUnit/Framework/TestCase->runBare()
#54 E:/CooperativeTraining/web/vendor/phpunit/phpunit/src/Framework/TestCase.php(361): PHPUnit/Framework/TestRunner->run(Object(Tests/Feature/Auth/PasswordResetTest))
#55 E:/CooperativeTraining/web/vendor/phpunit/phpunit/src/Framework/TestSuite.php(374): PHPUnit/Framework/TestCase->run()
#56 E:/CooperativeTraining/web/vendor/phpunit/phpunit/src/Framework/TestSuite.php(374): PHPUnit/Framework/TestSuite->run()
#57 E:/CooperativeTraining/web/vendor/phpunit/phpunit/src/Framework/TestSuite.php(374): PHPUnit/Framework/TestSuite->run()
#58 E:/CooperativeTraining/web/vendor/phpunit/phpunit/src/TextUI/TestRunner.php(64): PHPUnit/Framework/TestSuite->run()
#59 E:/CooperativeTraining/web/vendor/phpunit/phpunit/src/TextUI/Application.php(229): PHPUnit/TextUI/TestRunner->run(Object(PHPUnit/TextUI/Configuration/Configuration), Object(PHPUnit/Runner/ResultCache/DefaultResultCache), Object(PHPUnit/Framework/TestSuite))
#60 E:/CooperativeTraining/web/vendor/phpunit/phpunit/phpunit(104): PHPUnit/TextUI/Application->run(Array)
#61 {main}
"} 
[2026-09-02 22:11:35] testing.ERROR: No application encryption key has been specified. {"exception":"[object] (Illuminate\\Encryption\\MissingAppKeyException(code: 0): No application encryption key has been specified. at E:/CooperativeTraining/web/vendor/laravel/framework/src/Illuminate/Encryption/EncryptionServiceProvider.php:83)
[stacktrace]
#0 E:/CooperativeTraining/web/vendor/laravel/framework/src/Illuminate/Support/helpers.php(393): Illuminate/Encryption/EncryptionServiceProvider->{closure:Illuminate/Encryption/EncryptionServiceProvider::key():81}('')
#1 E:/CooperativeTraining/web/vendor/laravel/framework/src/Illuminate/Encryption/EncryptionServiceProvider.php(81): tap('', Object(Closure))
#2 E:/CooperativeTraining/web/vendor/laravel/framework/src/Illuminate/Encryption/EncryptionServiceProvider.php(64): Illuminate/Encryption/EncryptionServiceProvider->key(Array)
#3 E:/CooperativeTraining/web/vendor/laravel/framework/src/Illuminate/Encryption/EncryptionServiceProvider.php(32): Illuminate/Encryption/EncryptionServiceProvider->parseKey(Array)
#4 E:/CooperativeTraining/web/vendor/laravel/framework/src/Illuminate/Container/Container.php(1140): Illuminate/Encryption/EncryptionServiceProvider->{closure:Illuminate/Encryption/EncryptionServiceProvider::registerEncrypter():29}(Object(Illuminate/Foundation/Application), Array)
#5 E:/CooperativeTraining/web/vendor/laravel/framework/src/Illuminate/Container/Container.php(939): Illuminate/Container/Container->build(Object(Closure))
#6 E:/CooperativeTraining/web/vendor/laravel/framework/src/Illuminate/Foundation/Application.php(1085): Illuminate/Container/Container->resolve('encrypter', Array, true)
#7 E:/CooperativeTraining/web/vendor/laravel/framework/src/Illuminate/Container/Container.php(867): Illuminate/Foundation/Application->resolve('encrypter', Array)
#8 E:/CooperativeTraining/web/vendor/laravel/framework/src/Illuminate/Foundation/Application.php(1065): Illuminate/Container/Container->make('encrypter', Array)
#9 E:/CooperativeTraining/web/vendor/laravel/framework/src/Illuminate/Container/Container.php(1361): Illuminate/Foundation/Application->make('encrypter')
#10 E:/CooperativeTraining/web/vendor/laravel/framework/src/Illuminate/Container/Container.php(1262): Illuminate/Container/Container->resolveClass(Object(ReflectionParameter), 'Illuminate//Cont...')
#11 E:/CooperativeTraining/web/vendor/laravel/framework/src/Illuminate/Container/Container.php(1187): Illuminate/Container/Container->resolveDependencies(Array)
#12 E:/CooperativeTraining/web/vendor/laravel/framework/src/Illuminate/Container/Container.php(939): Illuminate/Container/Container->build('Illuminate//Cook...')
#13 E:/CooperativeTraining/web/vendor/laravel/framework/src/Illuminate/Foundation/Application.php(1085): Illuminate/Container/Container->resolve('Illuminate//Cook...', Array, true)
#14 E:/CooperativeTraining/web/vendor/laravel/framework/src/Illuminate/Container/Container.php(867): Illuminate/Foundation/Application->resolve('Illuminate//Cook...', Array)
#15 E:/CooperativeTraining/web/vendor/laravel/framework/src/Illuminate/Foundation/Application.php(1065): Illuminate/Container/Container->make('Illuminate//Cook...', Array)
#16 E:/CooperativeTraining/web/vendor/laravel/framework/src/Illuminate/Pipeline/Pipeline.php(208): Illuminate/Foundation/Application->make('Illuminate//Cook...')
#17 E:/CooperativeTraining/web/vendor/laravel/framework/src/Illuminate/Pipeline/Pipeline.php(137): Illuminate/Pipeline/Pipeline->{closure:{closure:Illuminate/Pipeline/Pipeline::carry():194}:195}(Object(Illuminate/Http/Request))
#18 E:/CooperativeTraining/web/vendor/laravel/framework/src/Illuminate/Routing/Router.php(821): Illuminate/Pipeline/Pipeline->then(Object(Closure))
#19 E:/CooperativeTraining/web/vendor/laravel/framework/src/Illuminate/Routing/Router.php(800): Illuminate/Routing/Router->runRouteWithinStack(Object(Illuminate/Routing/Route), Object(Illuminate/Http/Request))
#20 E:/CooperativeTraining/web/vendor/laravel/framework/src/Illuminate/Routing/Router.php(764): Illuminate/Routing/Router->runRoute(Object(Illuminate/Http/Request), Object(Illuminate/Routing/Route))
#21 E:/CooperativeTraining/web/vendor/laravel/framework/src/Illuminate/Routing/Router.php(753): Illuminate/Routing/Router->dispatchToRoute(Object(Illuminate/Http/Request))
#22 E:/CooperativeTraining/web/vendor/laravel/framework/src/Illuminate/Foundation/Http/Kernel.php(200): Illuminate/Routing/Router->dispatch(Object(Illuminate/Http/Request))
#23 E:/CooperativeTraining/web/vendor/laravel/framework/src/Illuminate/Pipeline/Pipeline.php(180): Illuminate/Foundation/Http/Kernel->{closure:Illuminate/Foundation/Http/Kernel::dispatchToRouter():197}(Object(Illuminate/Http/Request))
#24 E:/CooperativeTraining/web/vendor/livewire/livewire/src/Features/SupportDisablingBackButtonCache/DisableBackButtonCacheMiddleware.php(19): Illuminate/Pipeline/Pipeline->{closure:Illuminate/Pipeline/Pipeline::prepareDestination():178}(Object(Illuminate/Http/Request))
#25 E:/CooperativeTraining/web/vendor/laravel/framework/src/Illuminate/Pipeline/Pipeline.php(219): Livewire/Features/SupportDisablingBackButtonCache/DisableBackButtonCacheMiddleware->handle(Object(Illuminate/Http/Request), Object(Closure))
#26 E:/CooperativeTraining/web/vendor/laravel/framework/src/Illuminate/Foundation/Http/Middleware/TransformsRequest.php(21): Illuminate/Pipeline/Pipeline->{closure:{closure:Illuminate/Pipeline/Pipeline::carry():194}:195}(Object(Illuminate/Http/Request))
#27 E:/CooperativeTraining/web/vendor/laravel/framework/src/Illuminate/Foundation/Http/Middleware/ConvertEmptyStringsToNull.php(31): Illuminate/Foundation/Http/Middleware/TransformsRequest->handle(Object(Illuminate/Http/Request), Object(Closure))
#28 E:/CooperativeTraining/web/vendor/laravel/framework/src/Illuminate/Pipeline/Pipeline.php(219): Illuminate/Foundation/Http/Middleware/ConvertEmptyStringsToNull->handle(Object(Illuminate/Http/Request), Object(Closure))
#29 E:/CooperativeTraining/web/vendor/laravel/framework/src/Illuminate/Foundation/Http/Middleware/TransformsRequest.php(21): Illuminate/Pipeline/Pipeline->{closure:{closure:Illuminate/Pipeline/Pipeline::carry():194}:195}(Object(Illuminate/Http/Request))
#30 E:/CooperativeTraining/web/vendor/laravel/framework/src/Illuminate/Foundation/Http/Middleware/TrimStrings.php(51): Illuminate/Foundation/Http/Middleware/TransformsRequest->handle(Object(Illuminate/Http/Request), Object(Closure))
#31 E:/CooperativeTraining/web/vendor/laravel/framework/src/Illuminate/Pipeline/Pipeline.php(219): Illuminate/Foundation/Http/Middleware/TrimStrings->handle(Object(Illuminate/Http/Request), Object(Closure))
#32 E:/CooperativeTraining/web/vendor/laravel/framework/src/Illuminate/Http/Middleware/ValidatePostSize.php(27): Illuminate/Pipeline/Pipeline->{closure:{closure:Illuminate/Pipeline/Pipeline::carry():194}:195}(Object(Illuminate/Http/Request))
#33 E:/CooperativeTraining/web/vendor/laravel/framework/src/Illuminate/Pipeline/Pipeline.php(219): Illuminate/Http/Middleware/ValidatePostSize->handle(Object(Illuminate/Http/Request), Object(Closure))
#34 E:/CooperativeTraining/web/vendor/laravel/framework/src/Illuminate/Foundation/Http/Middleware/PreventRequestsDuringMaintenance.php(110): Illuminate/Pipeline/Pipeline->{closure:{closure:Illuminate/Pipeline/Pipeline::carry():194}:195}(Object(Illuminate/Http/Request))
#35 E:/CooperativeTraining/web/vendor/laravel/framework/src/Illuminate/Pipeline/Pipeline.php(219): Illuminate/Foundation/Http/Middleware/PreventRequestsDuringMaintenance->handle(Object(Illuminate/Http/Request), Object(Closure))
#36 E:/CooperativeTraining/web/vendor/laravel/framework/src/Illuminate/Http/Middleware/HandleCors.php(61): Illuminate/Pipeline/Pipeline->{closure:{closure:Illuminate/Pipeline/Pipeline::carry():194}:195}(Object(Illuminate/Http/Request))
#37 E:/CooperativeTraining/web/vendor/laravel/framework/src/Illuminate/Pipeline/Pipeline.php(219): Illuminate/Http/Middleware/HandleCors->handle(Object(Illuminate/Http/Request), Object(Closure))
#38 E:/CooperativeTraining/web/vendor/laravel/framework/src/Illuminate/Http/Middleware/TrustProxies.php(58): Illuminate/Pipeline/Pipeline->{closure:{closure:Illuminate/Pipeline/Pipeline::carry():194}:195}(Object(Illuminate/Http/Request))
#39 E:/CooperativeTraining/web/vendor/laravel/framework/src/Illuminate/Pipeline/Pipeline.php(219): Illuminate/Http/Middleware/TrustProxies->handle(Object(Illuminate/Http/Request), Object(Closure))
#40 E:/CooperativeTraining/web/vendor/laravel/framework/src/Illuminate/Foundation/Http/Middleware/InvokeDeferredCallbacks.php(22): Illuminate/Pipeline/Pipeline->{closure:{closure:Illuminate/Pipeline/Pipeline::carry():194}:195}(Object(Illuminate/Http/Request))
#41 E:/CooperativeTraining/web/vendor/laravel/framework/src/Illuminate/Pipeline/Pipeline.php(219): Illuminate/Foundation/Http/Middleware/InvokeDeferredCallbacks->handle(Object(Illuminate/Http/Request), Object(Closure))
#42 E:/CooperativeTraining/web/vendor/laravel/framework/src/Illuminate/Http/Middleware/ValidatePathEncoding.php(28): Illuminate/Pipeline/Pipeline->{closure:{closure:Illuminate/Pipeline/Pipeline::carry():194}:195}(Object(Illuminate/Http/Request))
#43 E:/CooperativeTraining/web/vendor/laravel/framework/src/Illuminate/Pipeline/Pipeline.php(219): Illuminate/Http/Middleware/ValidatePathEncoding->handle(Object(Illuminate/Http/Request), Object(Closure))
#44 E:/CooperativeTraining/web/vendor/laravel/framework/src/Illuminate/Pipeline/Pipeline.php(137): Illuminate/Pipeline/Pipeline->{closure:{closure:Illuminate/Pipeline/Pipeline::carry():194}:195}(Object(Illuminate/Http/Request))
#45 E:/CooperativeTraining/web/vendor/laravel/framework/src/Illuminate/Foundation/Http/Kernel.php(175): Illuminate/Pipeline/Pipeline->then(Object(Closure))
#46 E:/CooperativeTraining/web/vendor/laravel/framework/src/Illuminate/Foundation/Http/Kernel.php(144): Illuminate/Foundation/Http/Kernel->sendRequestThroughRouter(Object(Illuminate/Http/Request))
#47 E:/CooperativeTraining/web/vendor/laravel/framework/src/Illuminate/Foundation/Testing/Concerns/MakesHttpRequests.php(638): Illuminate/Foundation/Http/Kernel->handle(Object(Illuminate/Http/Request))
#48 E:/CooperativeTraining/web/vendor/laravel/framework/src/Illuminate/Foundation/Testing/Concerns/MakesHttpRequests.php(368): Illuminate/Foundation/Testing/TestCase->call('GET', 'http://localhos...', Array, Array, Array, Array)
#49 E:/CooperativeTraining/web/tests/Feature/Auth/RegistrationTest.php(22): Illuminate/Foundation/Testing/TestCase->get('http://localhos...')
#50 E:/CooperativeTraining/web/vendor/phpunit/phpunit/src/Framework/TestCase.php(1318): Tests/Feature/Auth/RegistrationTest->test_registration_screen_can_be_rendered()
#51 E:/CooperativeTraining/web/vendor/phpunit/phpunit/src/Framework/TestCase.php(1355): PHPUnit/Framework/TestCase->invokeTestMethod('test_registrati...', Array)
#52 E:/CooperativeTraining/web/vendor/phpunit/phpunit/src/Framework/TestCase.php(521): PHPUnit/Framework/TestCase->runTest()
#53 E:/CooperativeTraining/web/vendor/phpunit/phpunit/src/Framework/TestRunner/TestRunner.php(99): PHPUnit/Framework/TestCase->runBare()
#54 E:/CooperativeTraining/web/vendor/phpunit/phpunit/src/Framework/TestCase.php(361): PHPUnit/Framework/TestRunner->run(Object(Tests/Feature/Auth/RegistrationTest))
#55 E:/CooperativeTraining/web/vendor/phpunit/phpunit/src/Framework/TestSuite.php(374): PHPUnit/Framework/TestCase->run()
#56 E:/CooperativeTraining/web/vendor/phpunit/phpunit/src/Framework/TestSuite.php(374): PHPUnit/Framework/TestSuite->run()
#57 E:/CooperativeTraining/web/vendor/phpunit/phpunit/src/Framework/TestSuite.php(374): PHPUnit/Framework/TestSuite->run()
#58 E:/CooperativeTraining/web/vendor/phpunit/phpunit/src/TextUI/TestRunner.php(64): PHPUnit/Framework/TestSuite->run()
#59 E:/CooperativeTraining/web/vendor/phpunit/phpunit/src/TextUI/Application.php(229): PHPUnit/TextUI/TestRunner->run(Object(PHPUnit/TextUI/Configuration/Configuration), Object(PHPUnit/Runner/ResultCache/DefaultResultCache), Object(PHPUnit/Framework/TestSuite))
#60 E:/CooperativeTraining/web/vendor/phpunit/phpunit/phpunit(104): PHPUnit/TextUI/Application->run(Array)
#61 {main}
"} 
[2026-09-02 22:11:36] testing.ERROR: No application encryption key has been specified. {"exception":"[object] (Illuminate\\Encryption\\MissingAppKeyException(code: 0): No application encryption key has been specified. at E:/CooperativeTraining/web/vendor/laravel/framework/src/Illuminate/Encryption/EncryptionServiceProvider.php:83)
[stacktrace]
#0 E:/CooperativeTraining/web/vendor/laravel/framework/src/Illuminate/Support/helpers.php(393): Illuminate/Encryption/EncryptionServiceProvider->{closure:Illuminate/Encryption/EncryptionServiceProvider::key():81}('')
#1 E:/CooperativeTraining/web/vendor/laravel/framework/src/Illuminate/Encryption/EncryptionServiceProvider.php(81): tap('', Object(Closure))
#2 E:/CooperativeTraining/web/vendor/laravel/framework/src/Illuminate/Encryption/EncryptionServiceProvider.php(64): Illuminate/Encryption/EncryptionServiceProvider->key(Array)
#3 E:/CooperativeTraining/web/vendor/laravel/framework/src/Illuminate/Encryption/EncryptionServiceProvider.php(32): Illuminate/Encryption/EncryptionServiceProvider->parseKey(Array)
#4 E:/CooperativeTraining/web/vendor/laravel/framework/src/Illuminate/Container/Container.php(1140): Illuminate/Encryption/EncryptionServiceProvider->{closure:Illuminate/Encryption/EncryptionServiceProvider::registerEncrypter():29}(Object(Illuminate/Foundation/Application), Array)
#5 E:/CooperativeTraining/web/vendor/laravel/framework/src/Illuminate/Container/Container.php(939): Illuminate/Container/Container->build(Object(Closure))
#6 E:/CooperativeTraining/web/vendor/laravel/framework/src/Illuminate/Foundation/Application.php(1085): Illuminate/Container/Container->resolve('encrypter', Array, true)
#7 E:/CooperativeTraining/web/vendor/laravel/framework/src/Illuminate/Container/Container.php(867): Illuminate/Foundation/Application->resolve('encrypter', Array)
#8 E:/CooperativeTraining/web/vendor/laravel/framework/src/Illuminate/Foundation/Application.php(1065): Illuminate/Container/Container->make('encrypter', Array)
#9 E:/CooperativeTraining/web/vendor/laravel/framework/src/Illuminate/Container/Container.php(1361): Illuminate/Foundation/Application->make('encrypter')
#10 E:/CooperativeTraining/web/vendor/laravel/framework/src/Illuminate/Container/Container.php(1262): Illuminate/Container/Container->resolveClass(Object(ReflectionParameter), 'Illuminate//Cont...')
#11 E:/CooperativeTraining/web/vendor/laravel/framework/src/Illuminate/Container/Container.php(1187): Illuminate/Container/Container->resolveDependencies(Array)
#12 E:/CooperativeTraining/web/vendor/laravel/framework/src/Illuminate/Container/Container.php(939): Illuminate/Container/Container->build('Illuminate//Cook...')
#13 E:/CooperativeTraining/web/vendor/laravel/framework/src/Illuminate/Foundation/Application.php(1085): Illuminate/Container/Container->resolve('Illuminate//Cook...', Array, true)
#14 E:/CooperativeTraining/web/vendor/laravel/framework/src/Illuminate/Container/Container.php(867): Illuminate/Foundation/Application->resolve('Illuminate//Cook...', Array)
#15 E:/CooperativeTraining/web/vendor/laravel/framework/src/Illuminate/Foundation/Application.php(1065): Illuminate/Container/Container->make('Illuminate//Cook...', Array)
#16 E:/CooperativeTraining/web/vendor/laravel/framework/src/Illuminate/Pipeline/Pipeline.php(208): Illuminate/Foundation/Application->make('Illuminate//Cook...')
#17 E:/CooperativeTraining/web/vendor/laravel/framework/src/Illuminate/Pipeline/Pipeline.php(137): Illuminate/Pipeline/Pipeline->{closure:{closure:Illuminate/Pipeline/Pipeline::carry():194}:195}(Object(Illuminate/Http/Request))
#18 E:/CooperativeTraining/web/vendor/laravel/framework/src/Illuminate/Routing/Router.php(821): Illuminate/Pipeline/Pipeline->then(Object(Closure))
#19 E:/CooperativeTraining/web/vendor/laravel/framework/src/Illuminate/Routing/Router.php(800): Illuminate/Routing/Router->runRouteWithinStack(Object(Illuminate/Routing/Route), Object(Illuminate/Http/Request))
#20 E:/CooperativeTraining/web/vendor/laravel/framework/src/Illuminate/Routing/Router.php(764): Illuminate/Routing/Router->runRoute(Object(Illuminate/Http/Request), Object(Illuminate/Routing/Route))
#21 E:/CooperativeTraining/web/vendor/laravel/framework/src/Illuminate/Routing/Router.php(753): Illuminate/Routing/Router->dispatchToRoute(Object(Illuminate/Http/Request))
#22 E:/CooperativeTraining/web/vendor/laravel/framework/src/Illuminate/Foundation/Http/Kernel.php(200): Illuminate/Routing/Router->dispatch(Object(Illuminate/Http/Request))
#23 E:/CooperativeTraining/web/vendor/laravel/framework/src/Illuminate/Pipeline/Pipeline.php(180): Illuminate/Foundation/Http/Kernel->{closure:Illuminate/Foundation/Http/Kernel::dispatchToRouter():197}(Object(Illuminate/Http/Request))
#24 E:/CooperativeTraining/web/vendor/livewire/livewire/src/Features/SupportDisablingBackButtonCache/DisableBackButtonCacheMiddleware.php(19): Illuminate/Pipeline/Pipeline->{closure:Illuminate/Pipeline/Pipeline::prepareDestination():178}(Object(Illuminate/Http/Request))
#25 E:/CooperativeTraining/web/vendor/laravel/framework/src/Illuminate/Pipeline/Pipeline.php(219): Livewire/Features/SupportDisablingBackButtonCache/DisableBackButtonCacheMiddleware->handle(Object(Illuminate/Http/Request), Object(Closure))
#26 E:/CooperativeTraining/web/vendor/laravel/framework/src/Illuminate/Foundation/Http/Middleware/TransformsRequest.php(21): Illuminate/Pipeline/Pipeline->{closure:{closure:Illuminate/Pipeline/Pipeline::carry():194}:195}(Object(Illuminate/Http/Request))
#27 E:/CooperativeTraining/web/vendor/laravel/framework/src/Illuminate/Foundation/Http/Middleware/ConvertEmptyStringsToNull.php(31): Illuminate/Foundation/Http/Middleware/TransformsRequest->handle(Object(Illuminate/Http/Request), Object(Closure))
#28 E:/CooperativeTraining/web/vendor/laravel/framework/src/Illuminate/Pipeline/Pipeline.php(219): Illuminate/Foundation/Http/Middleware/ConvertEmptyStringsToNull->handle(Object(Illuminate/Http/Request), Object(Closure))
#29 E:/CooperativeTraining/web/vendor/laravel/framework/src/Illuminate/Foundation/Http/Middleware/TransformsRequest.php(21): Illuminate/Pipeline/Pipeline->{closure:{closure:Illuminate/Pipeline/Pipeline::carry():194}:195}(Object(Illuminate/Http/Request))
#30 E:/CooperativeTraining/web/vendor/laravel/framework/src/Illuminate/Foundation/Http/Middleware/TrimStrings.php(51): Illuminate/Foundation/Http/Middleware/TransformsRequest->handle(Object(Illuminate/Http/Request), Object(Closure))
#31 E:/CooperativeTraining/web/vendor/laravel/framework/src/Illuminate/Pipeline/Pipeline.php(219): Illuminate/Foundation/Http/Middleware/TrimStrings->handle(Object(Illuminate/Http/Request), Object(Closure))
#32 E:/CooperativeTraining/web/vendor/laravel/framework/src/Illuminate/Http/Middleware/ValidatePostSize.php(27): Illuminate/Pipeline/Pipeline->{closure:{closure:Illuminate/Pipeline/Pipeline::carry():194}:195}(Object(Illuminate/Http/Request))
#33 E:/CooperativeTraining/web/vendor/laravel/framework/src/Illuminate/Pipeline/Pipeline.php(219): Illuminate/Http/Middleware/ValidatePostSize->handle(Object(Illuminate/Http/Request), Object(Closure))
#34 E:/CooperativeTraining/web/vendor/laravel/framework/src/Illuminate/Foundation/Http/Middleware/PreventRequestsDuringMaintenance.php(110): Illuminate/Pipeline/Pipeline->{closure:{closure:Illuminate/Pipeline/Pipeline::carry():194}:195}(Object(Illuminate/Http/Request))
#35 E:/CooperativeTraining/web/vendor/laravel/framework/src/Illuminate/Pipeline/Pipeline.php(219): Illuminate/Foundation/Http/Middleware/PreventRequestsDuringMaintenance->handle(Object(Illuminate/Http/Request), Object(Closure))
#36 E:/CooperativeTraining/web/vendor/laravel/framework/src/Illuminate/Http/Middleware/HandleCors.php(61): Illuminate/Pipeline/Pipeline->{closure:{closure:Illuminate/Pipeline/Pipeline::carry():194}:195}(Object(Illuminate/Http/Request))
#37 E:/CooperativeTraining/web/vendor/laravel/framework/src/Illuminate/Pipeline/Pipeline.php(219): Illuminate/Http/Middleware/HandleCors->handle(Object(Illuminate/Http/Request), Object(Closure))
#38 E:/CooperativeTraining/web/vendor/laravel/framework/src/Illuminate/Http/Middleware/TrustProxies.php(58): Illuminate/Pipeline/Pipeline->{closure:{closure:Illuminate/Pipeline/Pipeline::carry():194}:195}(Object(Illuminate/Http/Request))
#39 E:/CooperativeTraining/web/vendor/laravel/framework/src/Illuminate/Pipeline/Pipeline.php(219): Illuminate/Http/Middleware/TrustProxies->handle(Object(Illuminate/Http/Request), Object(Closure))
#40 E:/CooperativeTraining/web/vendor/laravel/framework/src/Illuminate/Foundation/Http/Middleware/InvokeDeferredCallbacks.php(22): Illuminate/Pipeline/Pipeline->{closure:{closure:Illuminate/Pipeline/Pipeline::carry():194}:195}(Object(Illuminate/Http/Request))
#41 E:/CooperativeTraining/web/vendor/laravel/framework/src/Illuminate/Pipeline/Pipeline.php(219): Illuminate/Foundation/Http/Middleware/InvokeDeferredCallbacks->handle(Object(Illuminate/Http/Request), Object(Closure))
#42 E:/CooperativeTraining/web/vendor/laravel/framework/src/Illuminate/Http/Middleware/ValidatePathEncoding.php(28): Illuminate/Pipeline/Pipeline->{closure:{closure:Illuminate/Pipeline/Pipeline::carry():194}:195}(Object(Illuminate/Http/Request))
#43 E:/CooperativeTraining/web/vendor/laravel/framework/src/Illuminate/Pipeline/Pipeline.php(219): Illuminate/Http/Middleware/ValidatePathEncoding->handle(Object(Illuminate/Http/Request), Object(Closure))
#44 E:/CooperativeTraining/web/vendor/laravel/framework/src/Illuminate/Pipeline/Pipeline.php(137): Illuminate/Pipeline/Pipeline->{closure:{closure:Illuminate/Pipeline/Pipeline::carry():194}:195}(Object(Illuminate/Http/Request))
#45 E:/CooperativeTraining/web/vendor/laravel/framework/src/Illuminate/Foundation/Http/Kernel.php(175): Illuminate/Pipeline/Pipeline->then(Object(Closure))
#46 E:/CooperativeTraining/web/vendor/laravel/framework/src/Illuminate/Foundation/Http/Kernel.php(144): Illuminate/Foundation/Http/Kernel->sendRequestThroughRouter(Object(Illuminate/Http/Request))
#47 E:/CooperativeTraining/web/vendor/laravel/framework/src/Illuminate/Foundation/Testing/Concerns/MakesHttpRequests.php(638): Illuminate/Foundation/Http/Kernel->handle(Object(Illuminate/Http/Request))
#48 E:/CooperativeTraining/web/vendor/laravel/framework/src/Illuminate/Foundation/Testing/Concerns/MakesHttpRequests.php(397): Illuminate/Foundation/Testing/TestCase->call('POST', 'http://localhos...', Array, Array, Array, Array)
#49 E:/CooperativeTraining/web/tests/Feature/Auth/RegistrationTest.php(29): Illuminate/Foundation/Testing/TestCase->post('http://localhos...', Array)
#50 E:/CooperativeTraining/web/vendor/phpunit/phpunit/src/Framework/TestCase.php(1318): Tests/Feature/Auth/RegistrationTest->test_new_users_can_register()
#51 E:/CooperativeTraining/web/vendor/phpunit/phpunit/src/Framework/TestCase.php(1355): PHPUnit/Framework/TestCase->invokeTestMethod('test_new_users_...', Array)
#52 E:/CooperativeTraining/web/vendor/phpunit/phpunit/src/Framework/TestCase.php(521): PHPUnit/Framework/TestCase->runTest()
#53 E:/CooperativeTraining/web/vendor/phpunit/phpunit/src/Framework/TestRunner/TestRunner.php(99): PHPUnit/Framework/TestCase->runBare()
#54 E:/CooperativeTraining/web/vendor/phpunit/phpunit/src/Framework/TestCase.php(361): PHPUnit/Framework/TestRunner->run(Object(Tests/Feature/Auth/RegistrationTest))
#55 E:/CooperativeTraining/web/vendor/phpunit/phpunit/src/Framework/TestSuite.php(374): PHPUnit/Framework/TestCase->run()
#56 E:/CooperativeTraining/web/vendor/phpunit/phpunit/src/Framework/TestSuite.php(374): PHPUnit/Framework/TestSuite->run()
#57 E:/CooperativeTraining/web/vendor/phpunit/phpunit/src/Framework/TestSuite.php(374): PHPUnit/Framework/TestSuite->run()
#58 E:/CooperativeTraining/web/vendor/phpunit/phpunit/src/TextUI/TestRunner.php(64): PHPUnit/Framework/TestSuite->run()
#59 E:/CooperativeTraining/web/vendor/phpunit/phpunit/src/TextUI/Application.php(229): PHPUnit/TextUI/TestRunner->run(Object(PHPUnit/TextUI/Configuration/Configuration), Object(PHPUnit/Runner/ResultCache/DefaultResultCache), Object(PHPUnit/Framework/TestSuite))
#60 E:/CooperativeTraining/web/vendor/phpunit/phpunit/phpunit(104): PHPUnit/TextUI/Application->run(Array)
#61 {main}
"} 
[2026-09-02 22:11:36] testing.ERROR: No application encryption key has been specified. {"exception":"[object] (Illuminate\\Encryption\\MissingAppKeyException(code: 0): No application encryption key has been specified. at E:/CooperativeTraining/web/vendor/laravel/framework/src/Illuminate/Encryption/EncryptionServiceProvider.php:83)
[stacktrace]
#0 E:/CooperativeTraining/web/vendor/laravel/framework/src/Illuminate/Support/helpers.php(393): Illuminate/Encryption/EncryptionServiceProvider->{closure:Illuminate/Encryption/EncryptionServiceProvider::key():81}('')
#1 E:/CooperativeTraining/web/vendor/laravel/framework/src/Illuminate/Encryption/EncryptionServiceProvider.php(81): tap('', Object(Closure))
#2 E:/CooperativeTraining/web/vendor/laravel/framework/src/Illuminate/Encryption/EncryptionServiceProvider.php(64): Illuminate/Encryption/EncryptionServiceProvider->key(Array)
#3 E:/CooperativeTraining/web/vendor/laravel/framework/src/Illuminate/Encryption/EncryptionServiceProvider.php(32): Illuminate/Encryption/EncryptionServiceProvider->parseKey(Array)
#4 E:/CooperativeTraining/web/vendor/laravel/framework/src/Illuminate/Container/Container.php(1140): Illuminate/Encryption/EncryptionServiceProvider->{closure:Illuminate/Encryption/EncryptionServiceProvider::registerEncrypter():29}(Object(Illuminate/Foundation/Application), Array)
#5 E:/CooperativeTraining/web/vendor/laravel/framework/src/Illuminate/Container/Container.php(939): Illuminate/Container/Container->build(Object(Closure))
#6 E:/CooperativeTraining/web/vendor/laravel/framework/src/Illuminate/Foundation/Application.php(1085): Illuminate/Container/Container->resolve('encrypter', Array, true)
#7 E:/CooperativeTraining/web/vendor/laravel/framework/src/Illuminate/Container/Container.php(867): Illuminate/Foundation/Application->resolve('encrypter', Array)
#8 E:/CooperativeTraining/web/vendor/laravel/framework/src/Illuminate/Foundation/Application.php(1065): Illuminate/Container/Container->make('encrypter', Array)
#9 E:/CooperativeTraining/web/vendor/laravel/framework/src/Illuminate/Container/Container.php(1361): Illuminate/Foundation/Application->make('encrypter')
#10 E:/CooperativeTraining/web/vendor/laravel/framework/src/Illuminate/Container/Container.php(1262): Illuminate/Container/Container->resolveClass(Object(ReflectionParameter), 'Illuminate//Cont...')
#11 E:/CooperativeTraining/web/vendor/laravel/framework/src/Illuminate/Container/Container.php(1187): Illuminate/Container/Container->resolveDependencies(Array)
#12 E:/CooperativeTraining/web/vendor/laravel/framework/src/Illuminate/Container/Container.php(939): Illuminate/Container/Container->build('Illuminate//Cook...')
#13 E:/CooperativeTraining/web/vendor/laravel/framework/src/Illuminate/Foundation/Application.php(1085): Illuminate/Container/Container->resolve('Illuminate//Cook...', Array, true)
#14 E:/CooperativeTraining/web/vendor/laravel/framework/src/Illuminate/Container/Container.php(867): Illuminate/Foundation/Application->resolve('Illuminate//Cook...', Array)
#15 E:/CooperativeTraining/web/vendor/laravel/framework/src/Illuminate/Foundation/Application.php(1065): Illuminate/Container/Container->make('Illuminate//Cook...', Array)
#16 E:/CooperativeTraining/web/vendor/laravel/framework/src/Illuminate/Pipeline/Pipeline.php(208): Illuminate/Foundation/Application->make('Illuminate//Cook...')
#17 E:/CooperativeTraining/web/vendor/laravel/framework/src/Illuminate/Pipeline/Pipeline.php(137): Illuminate/Pipeline/Pipeline->{closure:{closure:Illuminate/Pipeline/Pipeline::carry():194}:195}(Object(Illuminate/Http/Request))
#18 E:/CooperativeTraining/web/vendor/laravel/framework/src/Illuminate/Routing/Router.php(821): Illuminate/Pipeline/Pipeline->then(Object(Closure))
#19 E:/CooperativeTraining/web/vendor/laravel/framework/src/Illuminate/Routing/Router.php(800): Illuminate/Routing/Router->runRouteWithinStack(Object(Illuminate/Routing/Route), Object(Illuminate/Http/Request))
#20 E:/CooperativeTraining/web/vendor/laravel/framework/src/Illuminate/Routing/Router.php(764): Illuminate/Routing/Router->runRoute(Object(Illuminate/Http/Request), Object(Illuminate/Routing/Route))
#21 E:/CooperativeTraining/web/vendor/laravel/framework/src/Illuminate/Routing/Router.php(753): Illuminate/Routing/Router->dispatchToRoute(Object(Illuminate/Http/Request))
#22 E:/CooperativeTraining/web/vendor/laravel/framework/src/Illuminate/Foundation/Http/Kernel.php(200): Illuminate/Routing/Router->dispatch(Object(Illuminate/Http/Request))
#23 E:/CooperativeTraining/web/vendor/laravel/framework/src/Illuminate/Pipeline/Pipeline.php(180): Illuminate/Foundation/Http/Kernel->{closure:Illuminate/Foundation/Http/Kernel::dispatchToRouter():197}(Object(Illuminate/Http/Request))
#24 E:/CooperativeTraining/web/vendor/livewire/livewire/src/Features/SupportDisablingBackButtonCache/DisableBackButtonCacheMiddleware.php(19): Illuminate/Pipeline/Pipeline->{closure:Illuminate/Pipeline/Pipeline::prepareDestination():178}(Object(Illuminate/Http/Request))
#25 E:/CooperativeTraining/web/vendor/laravel/framework/src/Illuminate/Pipeline/Pipeline.php(219): Livewire/Features/SupportDisablingBackButtonCache/DisableBackButtonCacheMiddleware->handle(Object(Illuminate/Http/Request), Object(Closure))
#26 E:/CooperativeTraining/web/vendor/laravel/framework/src/Illuminate/Foundation/Http/Middleware/TransformsRequest.php(21): Illuminate/Pipeline/Pipeline->{closure:{closure:Illuminate/Pipeline/Pipeline::carry():194}:195}(Object(Illuminate/Http/Request))
#27 E:/CooperativeTraining/web/vendor/laravel/framework/src/Illuminate/Foundation/Http/Middleware/ConvertEmptyStringsToNull.php(31): Illuminate/Foundation/Http/Middleware/TransformsRequest->handle(Object(Illuminate/Http/Request), Object(Closure))
#28 E:/CooperativeTraining/web/vendor/laravel/framework/src/Illuminate/Pipeline/Pipeline.php(219): Illuminate/Foundation/Http/Middleware/ConvertEmptyStringsToNull->handle(Object(Illuminate/Http/Request), Object(Closure))
#29 E:/CooperativeTraining/web/vendor/laravel/framework/src/Illuminate/Foundation/Http/Middleware/TransformsRequest.php(21): Illuminate/Pipeline/Pipeline->{closure:{closure:Illuminate/Pipeline/Pipeline::carry():194}:195}(Object(Illuminate/Http/Request))
#30 E:/CooperativeTraining/web/vendor/laravel/framework/src/Illuminate/Foundation/Http/Middleware/TrimStrings.php(51): Illuminate/Foundation/Http/Middleware/TransformsRequest->handle(Object(Illuminate/Http/Request), Object(Closure))
#31 E:/CooperativeTraining/web/vendor/laravel/framework/src/Illuminate/Pipeline/Pipeline.php(219): Illuminate/Foundation/Http/Middleware/TrimStrings->handle(Object(Illuminate/Http/Request), Object(Closure))
#32 E:/CooperativeTraining/web/vendor/laravel/framework/src/Illuminate/Http/Middleware/ValidatePostSize.php(27): Illuminate/Pipeline/Pipeline->{closure:{closure:Illuminate/Pipeline/Pipeline::carry():194}:195}(Object(Illuminate/Http/Request))
#33 E:/CooperativeTraining/web/vendor/laravel/framework/src/Illuminate/Pipeline/Pipeline.php(219): Illuminate/Http/Middleware/ValidatePostSize->handle(Object(Illuminate/Http/Request), Object(Closure))
#34 E:/CooperativeTraining/web/vendor/laravel/framework/src/Illuminate/Foundation/Http/Middleware/PreventRequestsDuringMaintenance.php(110): Illuminate/Pipeline/Pipeline->{closure:{closure:Illuminate/Pipeline/Pipeline::carry():194}:195}(Object(Illuminate/Http/Request))
#35 E:/CooperativeTraining/web/vendor/laravel/framework/src/Illuminate/Pipeline/Pipeline.php(219): Illuminate/Foundation/Http/Middleware/PreventRequestsDuringMaintenance->handle(Object(Illuminate/Http/Request), Object(Closure))
#36 E:/CooperativeTraining/web/vendor/laravel/framework/src/Illuminate/Http/Middleware/HandleCors.php(61): Illuminate/Pipeline/Pipeline->{closure:{closure:Illuminate/Pipeline/Pipeline::carry():194}:195}(Object(Illuminate/Http/Request))
#37 E:/CooperativeTraining/web/vendor/laravel/framework/src/Illuminate/Pipeline/Pipeline.php(219): Illuminate/Http/Middleware/HandleCors->handle(Object(Illuminate/Http/Request), Object(Closure))
#38 E:/CooperativeTraining/web/vendor/laravel/framework/src/Illuminate/Http/Middleware/TrustProxies.php(58): Illuminate/Pipeline/Pipeline->{closure:{closure:Illuminate/Pipeline/Pipeline::carry():194}:195}(Object(Illuminate/Http/Request))
#39 E:/CooperativeTraining/web/vendor/laravel/framework/src/Illuminate/Pipeline/Pipeline.php(219): Illuminate/Http/Middleware/TrustProxies->handle(Object(Illuminate/Http/Request), Object(Closure))
#40 E:/CooperativeTraining/web/vendor/laravel/framework/src/Illuminate/Foundation/Http/Middleware/InvokeDeferredCallbacks.php(22): Illuminate/Pipeline/Pipeline->{closure:{closure:Illuminate/Pipeline/Pipeline::carry():194}:195}(Object(Illuminate/Http/Request))
#41 E:/CooperativeTraining/web/vendor/laravel/framework/src/Illuminate/Pipeline/Pipeline.php(219): Illuminate/Foundation/Http/Middleware/InvokeDeferredCallbacks->handle(Object(Illuminate/Http/Request), Object(Closure))
#42 E:/CooperativeTraining/web/vendor/laravel/framework/src/Illuminate/Http/Middleware/ValidatePathEncoding.php(28): Illuminate/Pipeline/Pipeline->{closure:{closure:Illuminate/Pipeline/Pipeline::carry():194}:195}(Object(Illuminate/Http/Request))
#43 E:/CooperativeTraining/web/vendor/laravel/framework/src/Illuminate/Pipeline/Pipeline.php(219): Illuminate/Http/Middleware/ValidatePathEncoding->handle(Object(Illuminate/Http/Request), Object(Closure))
#44 E:/CooperativeTraining/web/vendor/laravel/framework/src/Illuminate/Pipeline/Pipeline.php(137): Illuminate/Pipeline/Pipeline->{closure:{closure:Illuminate/Pipeline/Pipeline::carry():194}:195}(Object(Illuminate/Http/Request))
#45 E:/CooperativeTraining/web/vendor/laravel/framework/src/Illuminate/Foundation/Http/Kernel.php(175): Illuminate/Pipeline/Pipeline->then(Object(Closure))
#46 E:/CooperativeTraining/web/vendor/laravel/framework/src/Illuminate/Foundation/Http/Kernel.php(144): Illuminate/Foundation/Http/Kernel->sendRequestThroughRouter(Object(Illuminate/Http/Request))
#47 E:/CooperativeTraining/web/vendor/laravel/framework/src/Illuminate/Foundation/Testing/Concerns/MakesHttpRequests.php(638): Illuminate/Foundation/Http/Kernel->handle(Object(Illuminate/Http/Request))
#48 E:/CooperativeTraining/web/vendor/laravel/framework/src/Illuminate/Foundation/Testing/Concerns/MakesHttpRequests.php(368): Illuminate/Foundation/Testing/TestCase->call('GET', 'http://localhos...', Array, Array, Array, Array)
#49 E:/CooperativeTraining/web/tests/Feature/Auth/TwoFactorChallengeTest.php(23): Illuminate/Foundation/Testing/TestCase->get('http://localhos...')
#50 E:/CooperativeTraining/web/vendor/phpunit/phpunit/src/Framework/TestCase.php(1318): Tests/Feature/Auth/TwoFactorChallengeTest->test_two_factor_challenge_redirects_to_login_when_not_authenticated()
#51 E:/CooperativeTraining/web/vendor/phpunit/phpunit/src/Framework/TestCase.php(1355): PHPUnit/Framework/TestCase->invokeTestMethod('test_two_factor...', Array)
#52 E:/CooperativeTraining/web/vendor/phpunit/phpunit/src/Framework/TestCase.php(521): PHPUnit/Framework/TestCase->runTest()
#53 E:/CooperativeTraining/web/vendor/phpunit/phpunit/src/Framework/TestRunner/TestRunner.php(99): PHPUnit/Framework/TestCase->runBare()
#54 E:/CooperativeTraining/web/vendor/phpunit/phpunit/src/Framework/TestCase.php(361): PHPUnit/Framework/TestRunner->run(Object(Tests/Feature/Auth/TwoFactorChallengeTest))
#55 E:/CooperativeTraining/web/vendor/phpunit/phpunit/src/Framework/TestSuite.php(374): PHPUnit/Framework/TestCase->run()
#56 E:/CooperativeTraining/web/vendor/phpunit/phpunit/src/Framework/TestSuite.php(374): PHPUnit/Framework/TestSuite->run()
#57 E:/CooperativeTraining/web/vendor/phpunit/phpunit/src/Framework/TestSuite.php(374): PHPUnit/Framework/TestSuite->run()
#58 E:/CooperativeTraining/web/vendor/phpunit/phpunit/src/TextUI/TestRunner.php(64): PHPUnit/Framework/TestSuite->run()
#59 E:/CooperativeTraining/web/vendor/phpunit/phpunit/src/TextUI/Application.php(229): PHPUnit/TextUI/TestRunner->run(Object(PHPUnit/TextUI/Configuration/Configuration), Object(PHPUnit/Runner/ResultCache/DefaultResultCache), Object(PHPUnit/Framework/TestSuite))
#60 E:/CooperativeTraining/web/vendor/phpunit/phpunit/phpunit(104): PHPUnit/TextUI/Application->run(Array)
#61 {main}
"} 
[2026-09-02 22:11:36] testing.ERROR: No application encryption key has been specified. {"exception":"[object] (Illuminate\\Encryption\\MissingAppKeyException(code: 0): No application encryption key has been specified. at E:/CooperativeTraining/web/vendor/laravel/framework/src/Illuminate/Encryption/EncryptionServiceProvider.php:83)
[stacktrace]
#0 E:/CooperativeTraining/web/vendor/laravel/framework/src/Illuminate/Support/helpers.php(393): Illuminate/Encryption/EncryptionServiceProvider->{closure:Illuminate/Encryption/EncryptionServiceProvider::key():81}('')
#1 E:/CooperativeTraining/web/vendor/laravel/framework/src/Illuminate/Encryption/EncryptionServiceProvider.php(81): tap('', Object(Closure))
#2 E:/CooperativeTraining/web/vendor/laravel/framework/src/Illuminate/Encryption/EncryptionServiceProvider.php(64): Illuminate/Encryption/EncryptionServiceProvider->key(Array)
#3 E:/CooperativeTraining/web/vendor/laravel/framework/src/Illuminate/Encryption/EncryptionServiceProvider.php(32): Illuminate/Encryption/EncryptionServiceProvider->parseKey(Array)
#4 E:/CooperativeTraining/web/vendor/laravel/framework/src/Illuminate/Container/Container.php(1140): Illuminate/Encryption/EncryptionServiceProvider->{closure:Illuminate/Encryption/EncryptionServiceProvider::registerEncrypter():29}(Object(Illuminate/Foundation/Application), Array)
#5 E:/CooperativeTraining/web/vendor/laravel/framework/src/Illuminate/Container/Container.php(939): Illuminate/Container/Container->build(Object(Closure))
#6 E:/CooperativeTraining/web/vendor/laravel/framework/src/Illuminate/Foundation/Application.php(1085): Illuminate/Container/Container->resolve('encrypter', Array, true)
#7 E:/CooperativeTraining/web/vendor/laravel/framework/src/Illuminate/Container/Container.php(867): Illuminate/Foundation/Application->resolve('encrypter', Array)
#8 E:/CooperativeTraining/web/vendor/laravel/framework/src/Illuminate/Foundation/Application.php(1065): Illuminate/Container/Container->make('encrypter', Array)
#9 E:/CooperativeTraining/web/vendor/laravel/framework/src/Illuminate/Container/Container.php(1361): Illuminate/Foundation/Application->make('encrypter')
#10 E:/CooperativeTraining/web/vendor/laravel/framework/src/Illuminate/Container/Container.php(1262): Illuminate/Container/Container->resolveClass(Object(ReflectionParameter), 'Illuminate//Cont...')
#11 E:/CooperativeTraining/web/vendor/laravel/framework/src/Illuminate/Container/Container.php(1187): Illuminate/Container/Container->resolveDependencies(Array)
#12 E:/CooperativeTraining/web/vendor/laravel/framework/src/Illuminate/Container/Container.php(939): Illuminate/Container/Container->build('Illuminate//Cook...')
#13 E:/CooperativeTraining/web/vendor/laravel/framework/src/Illuminate/Foundation/Application.php(1085): Illuminate/Container/Container->resolve('Illuminate//Cook...', Array, true)
#14 E:/CooperativeTraining/web/vendor/laravel/framework/src/Illuminate/Container/Container.php(867): Illuminate/Foundation/Application->resolve('Illuminate//Cook...', Array)
#15 E:/CooperativeTraining/web/vendor/laravel/framework/src/Illuminate/Foundation/Application.php(1065): Illuminate/Container/Container->make('Illuminate//Cook...', Array)
#16 E:/CooperativeTraining/web/vendor/laravel/framework/src/Illuminate/Pipeline/Pipeline.php(208): Illuminate/Foundation/Application->make('Illuminate//Cook...')
#17 E:/CooperativeTraining/web/vendor/laravel/framework/src/Illuminate/Pipeline/Pipeline.php(137): Illuminate/Pipeline/Pipeline->{closure:{closure:Illuminate/Pipeline/Pipeline::carry():194}:195}(Object(Illuminate/Http/Request))
#18 E:/CooperativeTraining/web/vendor/laravel/framework/src/Illuminate/Routing/Router.php(821): Illuminate/Pipeline/Pipeline->then(Object(Closure))
#19 E:/CooperativeTraining/web/vendor/laravel/framework/src/Illuminate/Routing/Router.php(800): Illuminate/Routing/Router->runRouteWithinStack(Object(Illuminate/Routing/Route), Object(Illuminate/Http/Request))
#20 E:/CooperativeTraining/web/vendor/laravel/framework/src/Illuminate/Routing/Router.php(764): Illuminate/Routing/Router->runRoute(Object(Illuminate/Http/Request), Object(Illuminate/Routing/Route))
#21 E:/CooperativeTraining/web/vendor/laravel/framework/src/Illuminate/Routing/Router.php(753): Illuminate/Routing/Router->dispatchToRoute(Object(Illuminate/Http/Request))
#22 E:/CooperativeTraining/web/vendor/laravel/framework/src/Illuminate/Foundation/Http/Kernel.php(200): Illuminate/Routing/Router->dispatch(Object(Illuminate/Http/Request))
#23 E:/CooperativeTraining/web/vendor/laravel/framework/src/Illuminate/Pipeline/Pipeline.php(180): Illuminate/Foundation/Http/Kernel->{closure:Illuminate/Foundation/Http/Kernel::dispatchToRouter():197}(Object(Illuminate/Http/Request))
#24 E:/CooperativeTraining/web/vendor/livewire/livewire/src/Features/SupportDisablingBackButtonCache/DisableBackButtonCacheMiddleware.php(19): Illuminate/Pipeline/Pipeline->{closure:Illuminate/Pipeline/Pipeline::prepareDestination():178}(Object(Illuminate/Http/Request))
#25 E:/CooperativeTraining/web/vendor/laravel/framework/src/Illuminate/Pipeline/Pipeline.php(219): Livewire/Features/SupportDisablingBackButtonCache/DisableBackButtonCacheMiddleware->handle(Object(Illuminate/Http/Request), Object(Closure))
#26 E:/CooperativeTraining/web/vendor/laravel/framework/src/Illuminate/Foundation/Http/Middleware/TransformsRequest.php(21): Illuminate/Pipeline/Pipeline->{closure:{closure:Illuminate/Pipeline/Pipeline::carry():194}:195}(Object(Illuminate/Http/Request))
#27 E:/CooperativeTraining/web/vendor/laravel/framework/src/Illuminate/Foundation/Http/Middleware/ConvertEmptyStringsToNull.php(31): Illuminate/Foundation/Http/Middleware/TransformsRequest->handle(Object(Illuminate/Http/Request), Object(Closure))
#28 E:/CooperativeTraining/web/vendor/laravel/framework/src/Illuminate/Pipeline/Pipeline.php(219): Illuminate/Foundation/Http/Middleware/ConvertEmptyStringsToNull->handle(Object(Illuminate/Http/Request), Object(Closure))
#29 E:/CooperativeTraining/web/vendor/laravel/framework/src/Illuminate/Foundation/Http/Middleware/TransformsRequest.php(21): Illuminate/Pipeline/Pipeline->{closure:{closure:Illuminate/Pipeline/Pipeline::carry():194}:195}(Object(Illuminate/Http/Request))
#30 E:/CooperativeTraining/web/vendor/laravel/framework/src/Illuminate/Foundation/Http/Middleware/TrimStrings.php(51): Illuminate/Foundation/Http/Middleware/TransformsRequest->handle(Object(Illuminate/Http/Request), Object(Closure))
#31 E:/CooperativeTraining/web/vendor/laravel/framework/src/Illuminate/Pipeline/Pipeline.php(219): Illuminate/Foundation/Http/Middleware/TrimStrings->handle(Object(Illuminate/Http/Request), Object(Closure))
#32 E:/CooperativeTraining/web/vendor/laravel/framework/src/Illuminate/Http/Middleware/ValidatePostSize.php(27): Illuminate/Pipeline/Pipeline->{closure:{closure:Illuminate/Pipeline/Pipeline::carry():194}:195}(Object(Illuminate/Http/Request))
#33 E:/CooperativeTraining/web/vendor/laravel/framework/src/Illuminate/Pipeline/Pipeline.php(219): Illuminate/Http/Middleware/ValidatePostSize->handle(Object(Illuminate/Http/Request), Object(Closure))
#34 E:/CooperativeTraining/web/vendor/laravel/framework/src/Illuminate/Foundation/Http/Middleware/PreventRequestsDuringMaintenance.php(110): Illuminate/Pipeline/Pipeline->{closure:{closure:Illuminate/Pipeline/Pipeline::carry():194}:195}(Object(Illuminate/Http/Request))
#35 E:/CooperativeTraining/web/vendor/laravel/framework/src/Illuminate/Pipeline/Pipeline.php(219): Illuminate/Foundation/Http/Middleware/PreventRequestsDuringMaintenance->handle(Object(Illuminate/Http/Request), Object(Closure))
#36 E:/CooperativeTraining/web/vendor/laravel/framework/src/Illuminate/Http/Middleware/HandleCors.php(61): Illuminate/Pipeline/Pipeline->{closure:{closure:Illuminate/Pipeline/Pipeline::carry():194}:195}(Object(Illuminate/Http/Request))
#37 E:/CooperativeTraining/web/vendor/laravel/framework/src/Illuminate/Pipeline/Pipeline.php(219): Illuminate/Http/Middleware/HandleCors->handle(Object(Illuminate/Http/Request), Object(Closure))
#38 E:/CooperativeTraining/web/vendor/laravel/framework/src/Illuminate/Http/Middleware/TrustProxies.php(58): Illuminate/Pipeline/Pipeline->{closure:{closure:Illuminate/Pipeline/Pipeline::carry():194}:195}(Object(Illuminate/Http/Request))
#39 E:/CooperativeTraining/web/vendor/laravel/framework/src/Illuminate/Pipeline/Pipeline.php(219): Illuminate/Http/Middleware/TrustProxies->handle(Object(Illuminate/Http/Request), Object(Closure))
#40 E:/CooperativeTraining/web/vendor/laravel/framework/src/Illuminate/Foundation/Http/Middleware/InvokeDeferredCallbacks.php(22): Illuminate/Pipeline/Pipeline->{closure:{closure:Illuminate/Pipeline/Pipeline::carry():194}:195}(Object(Illuminate/Http/Request))
#41 E:/CooperativeTraining/web/vendor/laravel/framework/src/Illuminate/Pipeline/Pipeline.php(219): Illuminate/Foundation/Http/Middleware/InvokeDeferredCallbacks->handle(Object(Illuminate/Http/Request), Object(Closure))
#42 E:/CooperativeTraining/web/vendor/laravel/framework/src/Illuminate/Http/Middleware/ValidatePathEncoding.php(28): Illuminate/Pipeline/Pipeline->{closure:{closure:Illuminate/Pipeline/Pipeline::carry():194}:195}(Object(Illuminate/Http/Request))
#43 E:/CooperativeTraining/web/vendor/laravel/framework/src/Illuminate/Pipeline/Pipeline.php(219): Illuminate/Http/Middleware/ValidatePathEncoding->handle(Object(Illuminate/Http/Request), Object(Closure))
#44 E:/CooperativeTraining/web/vendor/laravel/framework/src/Illuminate/Pipeline/Pipeline.php(137): Illuminate/Pipeline/Pipeline->{closure:{closure:Illuminate/Pipeline/Pipeline::carry():194}:195}(Object(Illuminate/Http/Request))
#45 E:/CooperativeTraining/web/vendor/laravel/framework/src/Illuminate/Foundation/Http/Kernel.php(175): Illuminate/Pipeline/Pipeline->then(Object(Closure))
#46 E:/CooperativeTraining/web/vendor/laravel/framework/src/Illuminate/Foundation/Http/Kernel.php(144): Illuminate/Foundation/Http/Kernel->sendRequestThroughRouter(Object(Illuminate/Http/Request))
#47 E:/CooperativeTraining/web/vendor/laravel/framework/src/Illuminate/Foundation/Testing/Concerns/MakesHttpRequests.php(638): Illuminate/Foundation/Http/Kernel->handle(Object(Illuminate/Http/Request))
#48 E:/CooperativeTraining/web/vendor/laravel/framework/src/Illuminate/Foundation/Testing/Concerns/MakesHttpRequests.php(368): Illuminate/Foundation/Testing/TestCase->call('GET', 'http://localhos...', Array, Array, Array, Array)
#49 E:/CooperativeTraining/web/tests/Feature/DashboardTest.php(15): Illuminate/Foundation/Testing/TestCase->get('http://localhos...')
#50 E:/CooperativeTraining/web/vendor/phpunit/phpunit/src/Framework/TestCase.php(1318): Tests/Feature/DashboardTest->test_guests_are_redirected_to_the_login_page()
#51 E:/CooperativeTraining/web/vendor/phpunit/phpunit/src/Framework/TestCase.php(1355): PHPUnit/Framework/TestCase->invokeTestMethod('test_guests_are...', Array)
#52 E:/CooperativeTraining/web/vendor/phpunit/phpunit/src/Framework/TestCase.php(521): PHPUnit/Framework/TestCase->runTest()
#53 E:/CooperativeTraining/web/vendor/phpunit/phpunit/src/Framework/TestRunner/TestRunner.php(99): PHPUnit/Framework/TestCase->runBare()
#54 E:/CooperativeTraining/web/vendor/phpunit/phpunit/src/Framework/TestCase.php(361): PHPUnit/Framework/TestRunner->run(Object(Tests/Feature/DashboardTest))
#55 E:/CooperativeTraining/web/vendor/phpunit/phpunit/src/Framework/TestSuite.php(374): PHPUnit/Framework/TestCase->run()
#56 E:/CooperativeTraining/web/vendor/phpunit/phpunit/src/Framework/TestSuite.php(374): PHPUnit/Framework/TestSuite->run()
#57 E:/CooperativeTraining/web/vendor/phpunit/phpunit/src/Framework/TestSuite.php(374): PHPUnit/Framework/TestSuite->run()
#58 E:/CooperativeTraining/web/vendor/phpunit/phpunit/src/TextUI/TestRunner.php(64): PHPUnit/Framework/TestSuite->run()
#59 E:/CooperativeTraining/web/vendor/phpunit/phpunit/src/TextUI/Application.php(229): PHPUnit/TextUI/TestRunner->run(Object(PHPUnit/TextUI/Configuration/Configuration), Object(PHPUnit/Runner/ResultCache/DefaultResultCache), Object(PHPUnit/Framework/TestSuite))
#60 E:/CooperativeTraining/web/vendor/phpunit/phpunit/phpunit(104): PHPUnit/TextUI/Application->run(Array)
#61 {main}
"} 
[2026-09-02 22:11:37] testing.ERROR: No application encryption key has been specified. {"userId":1,"exception":"[object] (Illuminate\\Encryption\\MissingAppKeyException(code: 0): No application encryption key has been specified. at E:/CooperativeTraining/web/vendor/laravel/framework/src/Illuminate/Encryption/EncryptionServiceProvider.php:83)
[stacktrace]
#0 E:/CooperativeTraining/web/vendor/laravel/framework/src/Illuminate/Support/helpers.php(393): Illuminate/Encryption/EncryptionServiceProvider->{closure:Illuminate/Encryption/EncryptionServiceProvider::key():81}('')
#1 E:/CooperativeTraining/web/vendor/laravel/framework/src/Illuminate/Encryption/EncryptionServiceProvider.php(81): tap('', Object(Closure))
#2 E:/CooperativeTraining/web/vendor/laravel/framework/src/Illuminate/Encryption/EncryptionServiceProvider.php(64): Illuminate/Encryption/EncryptionServiceProvider->key(Array)
#3 E:/CooperativeTraining/web/vendor/laravel/framework/src/Illuminate/Encryption/EncryptionServiceProvider.php(32): Illuminate/Encryption/EncryptionServiceProvider->parseKey(Array)
#4 E:/CooperativeTraining/web/vendor/laravel/framework/src/Illuminate/Container/Container.php(1140): Illuminate/Encryption/EncryptionServiceProvider->{closure:Illuminate/Encryption/EncryptionServiceProvider::registerEncrypter():29}(Object(Illuminate/Foundation/Application), Array)
#5 E:/CooperativeTraining/web/vendor/laravel/framework/src/Illuminate/Container/Container.php(939): Illuminate/Container/Container->build(Object(Closure))
#6 E:/CooperativeTraining/web/vendor/laravel/framework/src/Illuminate/Foundation/Application.php(1085): Illuminate/Container/Container->resolve('encrypter', Array, true)
#7 E:/CooperativeTraining/web/vendor/laravel/framework/src/Illuminate/Container/Container.php(867): Illuminate/Foundation/Application->resolve('encrypter', Array)
#8 E:/CooperativeTraining/web/vendor/laravel/framework/src/Illuminate/Foundation/Application.php(1065): Illuminate/Container/Container->make('encrypter', Array)
#9 E:/CooperativeTraining/web/vendor/laravel/framework/src/Illuminate/Container/Container.php(1361): Illuminate/Foundation/Application->make('encrypter')
#10 E:/CooperativeTraining/web/vendor/laravel/framework/src/Illuminate/Container/Container.php(1262): Illuminate/Container/Container->resolveClass(Object(ReflectionParameter), 'Illuminate//Cont...')
#11 E:/CooperativeTraining/web/vendor/laravel/framework/src/Illuminate/Container/Container.php(1187): Illuminate/Container/Container->resolveDependencies(Array)
#12 E:/CooperativeTraining/web/vendor/laravel/framework/src/Illuminate/Container/Container.php(939): Illuminate/Container/Container->build('Illuminate//Cook...')
#13 E:/CooperativeTraining/web/vendor/laravel/framework/src/Illuminate/Foundation/Application.php(1085): Illuminate/Container/Container->resolve('Illuminate//Cook...', Array, true)
#14 E:/CooperativeTraining/web/vendor/laravel/framework/src/Illuminate/Container/Container.php(867): Illuminate/Foundation/Application->resolve('Illuminate//Cook...', Array)
#15 E:/CooperativeTraining/web/vendor/laravel/framework/src/Illuminate/Foundation/Application.php(1065): Illuminate/Container/Container->make('Illuminate//Cook...', Array)
#16 E:/CooperativeTraining/web/vendor/laravel/framework/src/Illuminate/Pipeline/Pipeline.php(208): Illuminate/Foundation/Application->make('Illuminate//Cook...')
#17 E:/CooperativeTraining/web/vendor/laravel/framework/src/Illuminate/Pipeline/Pipeline.php(137): Illuminate/Pipeline/Pipeline->{closure:{closure:Illuminate/Pipeline/Pipeline::carry():194}:195}(Object(Illuminate/Http/Request))
#18 E:/CooperativeTraining/web/vendor/laravel/framework/src/Illuminate/Routing/Router.php(821): Illuminate/Pipeline/Pipeline->then(Object(Closure))
#19 E:/CooperativeTraining/web/vendor/laravel/framework/src/Illuminate/Routing/Router.php(800): Illuminate/Routing/Router->runRouteWithinStack(Object(Illuminate/Routing/Route), Object(Illuminate/Http/Request))
#20 E:/CooperativeTraining/web/vendor/laravel/framework/src/Illuminate/Routing/Router.php(764): Illuminate/Routing/Router->runRoute(Object(Illuminate/Http/Request), Object(Illuminate/Routing/Route))
#21 E:/CooperativeTraining/web/vendor/laravel/framework/src/Illuminate/Routing/Router.php(753): Illuminate/Routing/Router->dispatchToRoute(Object(Illuminate/Http/Request))
#22 E:/CooperativeTraining/web/vendor/laravel/framework/src/Illuminate/Foundation/Http/Kernel.php(200): Illuminate/Routing/Router->dispatch(Object(Illuminate/Http/Request))
#23 E:/CooperativeTraining/web/vendor/laravel/framework/src/Illuminate/Pipeline/Pipeline.php(180): Illuminate/Foundation/Http/Kernel->{closure:Illuminate/Foundation/Http/Kernel::dispatchToRouter():197}(Object(Illuminate/Http/Request))
#24 E:/CooperativeTraining/web/vendor/livewire/livewire/src/Features/SupportDisablingBackButtonCache/DisableBackButtonCacheMiddleware.php(19): Illuminate/Pipeline/Pipeline->{closure:Illuminate/Pipeline/Pipeline::prepareDestination():178}(Object(Illuminate/Http/Request))
#25 E:/CooperativeTraining/web/vendor/laravel/framework/src/Illuminate/Pipeline/Pipeline.php(219): Livewire/Features/SupportDisablingBackButtonCache/DisableBackButtonCacheMiddleware->handle(Object(Illuminate/Http/Request), Object(Closure))
#26 E:/CooperativeTraining/web/vendor/laravel/framework/src/Illuminate/Foundation/Http/Middleware/TransformsRequest.php(21): Illuminate/Pipeline/Pipeline->{closure:{closure:Illuminate/Pipeline/Pipeline::carry():194}:195}(Object(Illuminate/Http/Request))
#27 E:/CooperativeTraining/web/vendor/laravel/framework/src/Illuminate/Foundation/Http/Middleware/ConvertEmptyStringsToNull.php(31): Illuminate/Foundation/Http/Middleware/TransformsRequest->handle(Object(Illuminate/Http/Request), Object(Closure))
#28 E:/CooperativeTraining/web/vendor/laravel/framework/src/Illuminate/Pipeline/Pipeline.php(219): Illuminate/Foundation/Http/Middleware/ConvertEmptyStringsToNull->handle(Object(Illuminate/Http/Request), Object(Closure))
#29 E:/CooperativeTraining/web/vendor/laravel/framework/src/Illuminate/Foundation/Http/Middleware/TransformsRequest.php(21): Illuminate/Pipeline/Pipeline->{closure:{closure:Illuminate/Pipeline/Pipeline::carry():194}:195}(Object(Illuminate/Http/Request))
#30 E:/CooperativeTraining/web/vendor/laravel/framework/src/Illuminate/Foundation/Http/Middleware/TrimStrings.php(51): Illuminate/Foundation/Http/Middleware/TransformsRequest->handle(Object(Illuminate/Http/Request), Object(Closure))
#31 E:/CooperativeTraining/web/vendor/laravel/framework/src/Illuminate/Pipeline/Pipeline.php(219): Illuminate/Foundation/Http/Middleware/TrimStrings->handle(Object(Illuminate/Http/Request), Object(Closure))
#32 E:/CooperativeTraining/web/vendor/laravel/framework/src/Illuminate/Http/Middleware/ValidatePostSize.php(27): Illuminate/Pipeline/Pipeline->{closure:{closure:Illuminate/Pipeline/Pipeline::carry():194}:195}(Object(Illuminate/Http/Request))
#33 E:/CooperativeTraining/web/vendor/laravel/framework/src/Illuminate/Pipeline/Pipeline.php(219): Illuminate/Http/Middleware/ValidatePostSize->handle(Object(Illuminate/Http/Request), Object(Closure))
#34 E:/CooperativeTraining/web/vendor/laravel/framework/src/Illuminate/Foundation/Http/Middleware/PreventRequestsDuringMaintenance.php(110): Illuminate/Pipeline/Pipeline->{closure:{closure:Illuminate/Pipeline/Pipeline::carry():194}:195}(Object(Illuminate/Http/Request))
#35 E:/CooperativeTraining/web/vendor/laravel/framework/src/Illuminate/Pipeline/Pipeline.php(219): Illuminate/Foundation/Http/Middleware/PreventRequestsDuringMaintenance->handle(Object(Illuminate/Http/Request), Object(Closure))
#36 E:/CooperativeTraining/web/vendor/laravel/framework/src/Illuminate/Http/Middleware/HandleCors.php(61): Illuminate/Pipeline/Pipeline->{closure:{closure:Illuminate/Pipeline/Pipeline::carry():194}:195}(Object(Illuminate/Http/Request))
#37 E:/CooperativeTraining/web/vendor/laravel/framework/src/Illuminate/Pipeline/Pipeline.php(219): Illuminate/Http/Middleware/HandleCors->handle(Object(Illuminate/Http/Request), Object(Closure))
#38 E:/CooperativeTraining/web/vendor/laravel/framework/src/Illuminate/Http/Middleware/TrustProxies.php(58): Illuminate/Pipeline/Pipeline->{closure:{closure:Illuminate/Pipeline/Pipeline::carry():194}:195}(Object(Illuminate/Http/Request))
#39 E:/CooperativeTraining/web/vendor/laravel/framework/src/Illuminate/Pipeline/Pipeline.php(219): Illuminate/Http/Middleware/TrustProxies->handle(Object(Illuminate/Http/Request), Object(Closure))
#40 E:/CooperativeTraining/web/vendor/laravel/framework/src/Illuminate/Foundation/Http/Middleware/InvokeDeferredCallbacks.php(22): Illuminate/Pipeline/Pipeline->{closure:{closure:Illuminate/Pipeline/Pipeline::carry():194}:195}(Object(Illuminate/Http/Request))
#41 E:/CooperativeTraining/web/vendor/laravel/framework/src/Illuminate/Pipeline/Pipeline.php(219): Illuminate/Foundation/Http/Middleware/InvokeDeferredCallbacks->handle(Object(Illuminate/Http/Request), Object(Closure))
#42 E:/CooperativeTraining/web/vendor/laravel/framework/src/Illuminate/Http/Middleware/ValidatePathEncoding.php(28): Illuminate/Pipeline/Pipeline->{closure:{closure:Illuminate/Pipeline/Pipeline::carry():194}:195}(Object(Illuminate/Http/Request))
#43 E:/CooperativeTraining/web/vendor/laravel/framework/src/Illuminate/Pipeline/Pipeline.php(219): Illuminate/Http/Middleware/ValidatePathEncoding->handle(Object(Illuminate/Http/Request), Object(Closure))
#44 E:/CooperativeTraining/web/vendor/laravel/framework/src/Illuminate/Pipeline/Pipeline.php(137): Illuminate/Pipeline/Pipeline->{closure:{closure:Illuminate/Pipeline/Pipeline::carry():194}:195}(Object(Illuminate/Http/Request))
#45 E:/CooperativeTraining/web/vendor/laravel/framework/src/Illuminate/Foundation/Http/Kernel.php(175): Illuminate/Pipeline/Pipeline->then(Object(Closure))
#46 E:/CooperativeTraining/web/vendor/laravel/framework/src/Illuminate/Foundation/Http/Kernel.php(144): Illuminate/Foundation/Http/Kernel->sendRequestThroughRouter(Object(Illuminate/Http/Request))
#47 E:/CooperativeTraining/web/vendor/laravel/framework/src/Illuminate/Foundation/Testing/Concerns/MakesHttpRequests.php(638): Illuminate/Foundation/Http/Kernel->handle(Object(Illuminate/Http/Request))
#48 E:/CooperativeTraining/web/vendor/laravel/framework/src/Illuminate/Foundation/Testing/Concerns/MakesHttpRequests.php(368): Illuminate/Foundation/Testing/TestCase->call('GET', 'http://localhos...', Array, Array, Array, Array)
#49 E:/CooperativeTraining/web/tests/Feature/DashboardTest.php(24): Illuminate/Foundation/Testing/TestCase->get('http://localhos...')
#50 E:/CooperativeTraining/web/vendor/phpunit/phpunit/src/Framework/TestCase.php(1318): Tests/Feature/DashboardTest->test_authenticated_users_can_visit_the_dashboard()
#51 E:/CooperativeTraining/web/vendor/phpunit/phpunit/src/Framework/TestCase.php(1355): PHPUnit/Framework/TestCase->invokeTestMethod('test_authentica...', Array)
#52 E:/CooperativeTraining/web/vendor/phpunit/phpunit/src/Framework/TestCase.php(521): PHPUnit/Framework/TestCase->runTest()
#53 E:/CooperativeTraining/web/vendor/phpunit/phpunit/src/Framework/TestRunner/TestRunner.php(99): PHPUnit/Framework/TestCase->runBare()
#54 E:/CooperativeTraining/web/vendor/phpunit/phpunit/src/Framework/TestCase.php(361): PHPUnit/Framework/TestRunner->run(Object(Tests/Feature/DashboardTest))
#55 E:/CooperativeTraining/web/vendor/phpunit/phpunit/src/Framework/TestSuite.php(374): PHPUnit/Framework/TestCase->run()
#56 E:/CooperativeTraining/web/vendor/phpunit/phpunit/src/Framework/TestSuite.php(374): PHPUnit/Framework/TestSuite->run()
#57 E:/CooperativeTraining/web/vendor/phpunit/phpunit/src/Framework/TestSuite.php(374): PHPUnit/Framework/TestSuite->run()
#58 E:/CooperativeTraining/web/vendor/phpunit/phpunit/src/TextUI/TestRunner.php(64): PHPUnit/Framework/TestSuite->run()
#59 E:/CooperativeTraining/web/vendor/phpunit/phpunit/src/TextUI/Application.php(229): PHPUnit/TextUI/TestRunner->run(Object(PHPUnit/TextUI/Configuration/Configuration), Object(PHPUnit/Runner/ResultCache/DefaultResultCache), Object(PHPUnit/Framework/TestSuite))
#60 E:/CooperativeTraining/web/vendor/phpunit/phpunit/phpunit(104): PHPUnit/TextUI/Application->run(Array)
#61 {main}
"} 
[2026-09-02 22:11:37] testing.ERROR: No application encryption key has been specified. {"exception":"[object] (Illuminate\\Encryption\\MissingAppKeyException(code: 0): No application encryption key has been specified. at E:/CooperativeTraining/web/vendor/laravel/framework/src/Illuminate/Encryption/EncryptionServiceProvider.php:83)
[stacktrace]
#0 E:/CooperativeTraining/web/vendor/laravel/framework/src/Illuminate/Support/helpers.php(393): Illuminate/Encryption/EncryptionServiceProvider->{closure:Illuminate/Encryption/EncryptionServiceProvider::key():81}('')
#1 E:/CooperativeTraining/web/vendor/laravel/framework/src/Illuminate/Encryption/EncryptionServiceProvider.php(81): tap('', Object(Closure))
#2 E:/CooperativeTraining/web/vendor/laravel/framework/src/Illuminate/Encryption/EncryptionServiceProvider.php(64): Illuminate/Encryption/EncryptionServiceProvider->key(Array)
#3 E:/CooperativeTraining/web/vendor/laravel/framework/src/Illuminate/Encryption/EncryptionServiceProvider.php(32): Illuminate/Encryption/EncryptionServiceProvider->parseKey(Array)
#4 E:/CooperativeTraining/web/vendor/laravel/framework/src/Illuminate/Container/Container.php(1140): Illuminate/Encryption/EncryptionServiceProvider->{closure:Illuminate/Encryption/EncryptionServiceProvider::registerEncrypter():29}(Object(Illuminate/Foundation/Application), Array)
#5 E:/CooperativeTraining/web/vendor/laravel/framework/src/Illuminate/Container/Container.php(939): Illuminate/Container/Container->build(Object(Closure))
#6 E:/CooperativeTraining/web/vendor/laravel/framework/src/Illuminate/Foundation/Application.php(1085): Illuminate/Container/Container->resolve('encrypter', Array, true)
#7 E:/CooperativeTraining/web/vendor/laravel/framework/src/Illuminate/Container/Container.php(867): Illuminate/Foundation/Application->resolve('encrypter', Array)
#8 E:/CooperativeTraining/web/vendor/laravel/framework/src/Illuminate/Foundation/Application.php(1065): Illuminate/Container/Container->make('encrypter', Array)
#9 E:/CooperativeTraining/web/vendor/laravel/framework/src/Illuminate/Container/Container.php(1361): Illuminate/Foundation/Application->make('encrypter')
#10 E:/CooperativeTraining/web/vendor/laravel/framework/src/Illuminate/Container/Container.php(1262): Illuminate/Container/Container->resolveClass(Object(ReflectionParameter), 'Illuminate//Cont...')
#11 E:/CooperativeTraining/web/vendor/laravel/framework/src/Illuminate/Container/Container.php(1187): Illuminate/Container/Container->resolveDependencies(Array)
#12 E:/CooperativeTraining/web/vendor/laravel/framework/src/Illuminate/Container/Container.php(939): Illuminate/Container/Container->build('Illuminate//Cook...')
#13 E:/CooperativeTraining/web/vendor/laravel/framework/src/Illuminate/Foundation/Application.php(1085): Illuminate/Container/Container->resolve('Illuminate//Cook...', Array, true)
#14 E:/CooperativeTraining/web/vendor/laravel/framework/src/Illuminate/Container/Container.php(867): Illuminate/Foundation/Application->resolve('Illuminate//Cook...', Array)
#15 E:/CooperativeTraining/web/vendor/laravel/framework/src/Illuminate/Foundation/Application.php(1065): Illuminate/Container/Container->make('Illuminate//Cook...', Array)
#16 E:/CooperativeTraining/web/vendor/laravel/framework/src/Illuminate/Pipeline/Pipeline.php(208): Illuminate/Foundation/Application->make('Illuminate//Cook...')
#17 E:/CooperativeTraining/web/vendor/laravel/framework/src/Illuminate/Pipeline/Pipeline.php(137): Illuminate/Pipeline/Pipeline->{closure:{closure:Illuminate/Pipeline/Pipeline::carry():194}:195}(Object(Illuminate/Http/Request))
#18 E:/CooperativeTraining/web/vendor/laravel/framework/src/Illuminate/Routing/Router.php(821): Illuminate/Pipeline/Pipeline->then(Object(Closure))
#19 E:/CooperativeTraining/web/vendor/laravel/framework/src/Illuminate/Routing/Router.php(800): Illuminate/Routing/Router->runRouteWithinStack(Object(Illuminate/Routing/Route), Object(Illuminate/Http/Request))
#20 E:/CooperativeTraining/web/vendor/laravel/framework/src/Illuminate/Routing/Router.php(764): Illuminate/Routing/Router->runRoute(Object(Illuminate/Http/Request), Object(Illuminate/Routing/Route))
#21 E:/CooperativeTraining/web/vendor/laravel/framework/src/Illuminate/Routing/Router.php(753): Illuminate/Routing/Router->dispatchToRoute(Object(Illuminate/Http/Request))
#22 E:/CooperativeTraining/web/vendor/laravel/framework/src/Illuminate/Foundation/Http/Kernel.php(200): Illuminate/Routing/Router->dispatch(Object(Illuminate/Http/Request))
#23 E:/CooperativeTraining/web/vendor/laravel/framework/src/Illuminate/Pipeline/Pipeline.php(180): Illuminate/Foundation/Http/Kernel->{closure:Illuminate/Foundation/Http/Kernel::dispatchToRouter():197}(Object(Illuminate/Http/Request))
#24 E:/CooperativeTraining/web/vendor/livewire/livewire/src/Features/SupportDisablingBackButtonCache/DisableBackButtonCacheMiddleware.php(19): Illuminate/Pipeline/Pipeline->{closure:Illuminate/Pipeline/Pipeline::prepareDestination():178}(Object(Illuminate/Http/Request))
#25 E:/CooperativeTraining/web/vendor/laravel/framework/src/Illuminate/Pipeline/Pipeline.php(219): Livewire/Features/SupportDisablingBackButtonCache/DisableBackButtonCacheMiddleware->handle(Object(Illuminate/Http/Request), Object(Closure))
#26 E:/CooperativeTraining/web/vendor/laravel/framework/src/Illuminate/Foundation/Http/Middleware/TransformsRequest.php(21): Illuminate/Pipeline/Pipeline->{closure:{closure:Illuminate/Pipeline/Pipeline::carry():194}:195}(Object(Illuminate/Http/Request))
#27 E:/CooperativeTraining/web/vendor/laravel/framework/src/Illuminate/Foundation/Http/Middleware/ConvertEmptyStringsToNull.php(31): Illuminate/Foundation/Http/Middleware/TransformsRequest->handle(Object(Illuminate/Http/Request), Object(Closure))
#28 E:/CooperativeTraining/web/vendor/laravel/framework/src/Illuminate/Pipeline/Pipeline.php(219): Illuminate/Foundation/Http/Middleware/ConvertEmptyStringsToNull->handle(Object(Illuminate/Http/Request), Object(Closure))
#29 E:/CooperativeTraining/web/vendor/laravel/framework/src/Illuminate/Foundation/Http/Middleware/TransformsRequest.php(21): Illuminate/Pipeline/Pipeline->{closure:{closure:Illuminate/Pipeline/Pipeline::carry():194}:195}(Object(Illuminate/Http/Request))
#30 E:/CooperativeTraining/web/vendor/laravel/framework/src/Illuminate/Foundation/Http/Middleware/TrimStrings.php(51): Illuminate/Foundation/Http/Middleware/TransformsRequest->handle(Object(Illuminate/Http/Request), Object(Closure))
#31 E:/CooperativeTraining/web/vendor/laravel/framework/src/Illuminate/Pipeline/Pipeline.php(219): Illuminate/Foundation/Http/Middleware/TrimStrings->handle(Object(Illuminate/Http/Request), Object(Closure))
#32 E:/CooperativeTraining/web/vendor/laravel/framework/src/Illuminate/Http/Middleware/ValidatePostSize.php(27): Illuminate/Pipeline/Pipeline->{closure:{closure:Illuminate/Pipeline/Pipeline::carry():194}:195}(Object(Illuminate/Http/Request))
#33 E:/CooperativeTraining/web/vendor/laravel/framework/src/Illuminate/Pipeline/Pipeline.php(219): Illuminate/Http/Middleware/ValidatePostSize->handle(Object(Illuminate/Http/Request), Object(Closure))
#34 E:/CooperativeTraining/web/vendor/laravel/framework/src/Illuminate/Foundation/Http/Middleware/PreventRequestsDuringMaintenance.php(110): Illuminate/Pipeline/Pipeline->{closure:{closure:Illuminate/Pipeline/Pipeline::carry():194}:195}(Object(Illuminate/Http/Request))
#35 E:/CooperativeTraining/web/vendor/laravel/framework/src/Illuminate/Pipeline/Pipeline.php(219): Illuminate/Foundation/Http/Middleware/PreventRequestsDuringMaintenance->handle(Object(Illuminate/Http/Request), Object(Closure))
#36 E:/CooperativeTraining/web/vendor/laravel/framework/src/Illuminate/Http/Middleware/HandleCors.php(61): Illuminate/Pipeline/Pipeline->{closure:{closure:Illuminate/Pipeline/Pipeline::carry():194}:195}(Object(Illuminate/Http/Request))
#37 E:/CooperativeTraining/web/vendor/laravel/framework/src/Illuminate/Pipeline/Pipeline.php(219): Illuminate/Http/Middleware/HandleCors->handle(Object(Illuminate/Http/Request), Object(Closure))
#38 E:/CooperativeTraining/web/vendor/laravel/framework/src/Illuminate/Http/Middleware/TrustProxies.php(58): Illuminate/Pipeline/Pipeline->{closure:{closure:Illuminate/Pipeline/Pipeline::carry():194}:195}(Object(Illuminate/Http/Request))
#39 E:/CooperativeTraining/web/vendor/laravel/framework/src/Illuminate/Pipeline/Pipeline.php(219): Illuminate/Http/Middleware/TrustProxies->handle(Object(Illuminate/Http/Request), Object(Closure))
#40 E:/CooperativeTraining/web/vendor/laravel/framework/src/Illuminate/Foundation/Http/Middleware/InvokeDeferredCallbacks.php(22): Illuminate/Pipeline/Pipeline->{closure:{closure:Illuminate/Pipeline/Pipeline::carry():194}:195}(Object(Illuminate/Http/Request))
#41 E:/CooperativeTraining/web/vendor/laravel/framework/src/Illuminate/Pipeline/Pipeline.php(219): Illuminate/Foundation/Http/Middleware/InvokeDeferredCallbacks->handle(Object(Illuminate/Http/Request), Object(Closure))
#42 E:/CooperativeTraining/web/vendor/laravel/framework/src/Illuminate/Http/Middleware/ValidatePathEncoding.php(28): Illuminate/Pipeline/Pipeline->{closure:{closure:Illuminate/Pipeline/Pipeline::carry():194}:195}(Object(Illuminate/Http/Request))
#43 E:/CooperativeTraining/web/vendor/laravel/framework/src/Illuminate/Pipeline/Pipeline.php(219): Illuminate/Http/Middleware/ValidatePathEncoding->handle(Object(Illuminate/Http/Request), Object(Closure))
#44 E:/CooperativeTraining/web/vendor/laravel/framework/src/Illuminate/Pipeline/Pipeline.php(137): Illuminate/Pipeline/Pipeline->{closure:{closure:Illuminate/Pipeline/Pipeline::carry():194}:195}(Object(Illuminate/Http/Request))
#45 E:/CooperativeTraining/web/vendor/laravel/framework/src/Illuminate/Foundation/Http/Kernel.php(175): Illuminate/Pipeline/Pipeline->then(Object(Closure))
#46 E:/CooperativeTraining/web/vendor/laravel/framework/src/Illuminate/Foundation/Http/Kernel.php(144): Illuminate/Foundation/Http/Kernel->sendRequestThroughRouter(Object(Illuminate/Http/Request))
#47 E:/CooperativeTraining/web/vendor/laravel/framework/src/Illuminate/Foundation/Testing/Concerns/MakesHttpRequests.php(638): Illuminate/Foundation/Http/Kernel->handle(Object(Illuminate/Http/Request))
#48 E:/CooperativeTraining/web/vendor/laravel/framework/src/Illuminate/Foundation/Testing/Concerns/MakesHttpRequests.php(368): Illuminate/Foundation/Testing/TestCase->call('GET', 'http://localhos...', Array, Array, Array, Array)
#49 E:/CooperativeTraining/web/tests/Feature/ExampleTest.php(14): Illuminate/Foundation/Testing/TestCase->get('http://localhos...')
#50 E:/CooperativeTraining/web/vendor/phpunit/phpunit/src/Framework/TestCase.php(1318): Tests/Feature/ExampleTest->test_returns_a_successful_response()
#51 E:/CooperativeTraining/web/vendor/phpunit/phpunit/src/Framework/TestCase.php(1355): PHPUnit/Framework/TestCase->invokeTestMethod('test_returns_a_...', Array)
#52 E:/CooperativeTraining/web/vendor/phpunit/phpunit/src/Framework/TestCase.php(521): PHPUnit/Framework/TestCase->runTest()
#53 E:/CooperativeTraining/web/vendor/phpunit/phpunit/src/Framework/TestRunner/TestRunner.php(99): PHPUnit/Framework/TestCase->runBare()
#54 E:/CooperativeTraining/web/vendor/phpunit/phpunit/src/Framework/TestCase.php(361): PHPUnit/Framework/TestRunner->run(Object(Tests/Feature/ExampleTest))
#55 E:/CooperativeTraining/web/vendor/phpunit/phpunit/src/Framework/TestSuite.php(374): PHPUnit/Framework/TestCase->run()
#56 E:/CooperativeTraining/web/vendor/phpunit/phpunit/src/Framework/TestSuite.php(374): PHPUnit/Framework/TestSuite->run()
#57 E:/CooperativeTraining/web/vendor/phpunit/phpunit/src/Framework/TestSuite.php(374): PHPUnit/Framework/TestSuite->run()
#58 E:/CooperativeTraining/web/vendor/phpunit/phpunit/src/TextUI/TestRunner.php(64): PHPUnit/Framework/TestSuite->run()
#59 E:/CooperativeTraining/web/vendor/phpunit/phpunit/src/TextUI/Application.php(229): PHPUnit/TextUI/TestRunner->run(Object(PHPUnit/TextUI/Configuration/Configuration), Object(PHPUnit/Runner/ResultCache/DefaultResultCache), Object(PHPUnit/Framework/TestSuite))
#60 E:/CooperativeTraining/web/vendor/phpunit/phpunit/phpunit(104): PHPUnit/TextUI/Application->run(Array)
#61 {main}
"} 
[2026-09-02 22:11:37] testing.ERROR: No application encryption key has been specified. {"userId":1,"exception":"[object] (Illuminate\\Encryption\\MissingAppKeyException(code: 0): No application encryption key has been specified. at E:/CooperativeTraining/web/vendor/laravel/framework/src/Illuminate/Encryption/EncryptionServiceProvider.php:83)
[stacktrace]
#0 E:/CooperativeTraining/web/vendor/laravel/framework/src/Illuminate/Support/helpers.php(393): Illuminate/Encryption/EncryptionServiceProvider->{closure:Illuminate/Encryption/EncryptionServiceProvider::key():81}('')
#1 E:/CooperativeTraining/web/vendor/laravel/framework/src/Illuminate/Encryption/EncryptionServiceProvider.php(81): tap('', Object(Closure))
#2 E:/CooperativeTraining/web/vendor/laravel/framework/src/Illuminate/Encryption/EncryptionServiceProvider.php(64): Illuminate/Encryption/EncryptionServiceProvider->key(Array)
#3 E:/CooperativeTraining/web/vendor/laravel/framework/src/Illuminate/Encryption/EncryptionServiceProvider.php(32): Illuminate/Encryption/EncryptionServiceProvider->parseKey(Array)
#4 E:/CooperativeTraining/web/vendor/laravel/framework/src/Illuminate/Container/Container.php(1140): Illuminate/Encryption/EncryptionServiceProvider->{closure:Illuminate/Encryption/EncryptionServiceProvider::registerEncrypter():29}(Object(Illuminate/Foundation/Application), Array)
#5 E:/CooperativeTraining/web/vendor/laravel/framework/src/Illuminate/Container/Container.php(939): Illuminate/Container/Container->build(Object(Closure))
#6 E:/CooperativeTraining/web/vendor/laravel/framework/src/Illuminate/Foundation/Application.php(1085): Illuminate/Container/Container->resolve('encrypter', Array, true)
#7 E:/CooperativeTraining/web/vendor/laravel/framework/src/Illuminate/Container/Container.php(867): Illuminate/Foundation/Application->resolve('encrypter', Array)
#8 E:/CooperativeTraining/web/vendor/laravel/framework/src/Illuminate/Foundation/Application.php(1065): Illuminate/Container/Container->make('encrypter', Array)
#9 E:/CooperativeTraining/web/vendor/laravel/framework/src/Illuminate/Container/Container.php(1361): Illuminate/Foundation/Application->make('encrypter')
#10 E:/CooperativeTraining/web/vendor/laravel/framework/src/Illuminate/Container/Container.php(1262): Illuminate/Container/Container->resolveClass(Object(ReflectionParameter), 'Illuminate//Cont...')
#11 E:/CooperativeTraining/web/vendor/laravel/framework/src/Illuminate/Container/Container.php(1187): Illuminate/Container/Container->resolveDependencies(Array)
#12 E:/CooperativeTraining/web/vendor/laravel/framework/src/Illuminate/Container/Container.php(939): Illuminate/Container/Container->build('Illuminate//Cook...')
#13 E:/CooperativeTraining/web/vendor/laravel/framework/src/Illuminate/Foundation/Application.php(1085): Illuminate/Container/Container->resolve('Illuminate//Cook...', Array, true)
#14 E:/CooperativeTraining/web/vendor/laravel/framework/src/Illuminate/Container/Container.php(867): Illuminate/Foundation/Application->resolve('Illuminate//Cook...', Array)
#15 E:/CooperativeTraining/web/vendor/laravel/framework/src/Illuminate/Foundation/Application.php(1065): Illuminate/Container/Container->make('Illuminate//Cook...', Array)
#16 E:/CooperativeTraining/web/vendor/laravel/framework/src/Illuminate/Pipeline/Pipeline.php(208): Illuminate/Foundation/Application->make('Illuminate//Cook...')
#17 E:/CooperativeTraining/web/vendor/laravel/framework/src/Illuminate/Pipeline/Pipeline.php(137): Illuminate/Pipeline/Pipeline->{closure:{closure:Illuminate/Pipeline/Pipeline::carry():194}:195}(Object(Illuminate/Http/Request))
#18 E:/CooperativeTraining/web/vendor/laravel/framework/src/Illuminate/Routing/Router.php(821): Illuminate/Pipeline/Pipeline->then(Object(Closure))
#19 E:/CooperativeTraining/web/vendor/laravel/framework/src/Illuminate/Routing/Router.php(800): Illuminate/Routing/Router->runRouteWithinStack(Object(Illuminate/Routing/Route), Object(Illuminate/Http/Request))
#20 E:/CooperativeTraining/web/vendor/laravel/framework/src/Illuminate/Routing/Router.php(764): Illuminate/Routing/Router->runRoute(Object(Illuminate/Http/Request), Object(Illuminate/Routing/Route))
#21 E:/CooperativeTraining/web/vendor/laravel/framework/src/Illuminate/Routing/Router.php(753): Illuminate/Routing/Router->dispatchToRoute(Object(Illuminate/Http/Request))
#22 E:/CooperativeTraining/web/vendor/laravel/framework/src/Illuminate/Foundation/Http/Kernel.php(200): Illuminate/Routing/Router->dispatch(Object(Illuminate/Http/Request))
#23 E:/CooperativeTraining/web/vendor/laravel/framework/src/Illuminate/Pipeline/Pipeline.php(180): Illuminate/Foundation/Http/Kernel->{closure:Illuminate/Foundation/Http/Kernel::dispatchToRouter():197}(Object(Illuminate/Http/Request))
#24 E:/CooperativeTraining/web/vendor/livewire/livewire/src/Features/SupportDisablingBackButtonCache/DisableBackButtonCacheMiddleware.php(19): Illuminate/Pipeline/Pipeline->{closure:Illuminate/Pipeline/Pipeline::prepareDestination():178}(Object(Illuminate/Http/Request))
#25 E:/CooperativeTraining/web/vendor/laravel/framework/src/Illuminate/Pipeline/Pipeline.php(219): Livewire/Features/SupportDisablingBackButtonCache/DisableBackButtonCacheMiddleware->handle(Object(Illuminate/Http/Request), Object(Closure))
#26 E:/CooperativeTraining/web/vendor/laravel/framework/src/Illuminate/Foundation/Http/Middleware/TransformsRequest.php(21): Illuminate/Pipeline/Pipeline->{closure:{closure:Illuminate/Pipeline/Pipeline::carry():194}:195}(Object(Illuminate/Http/Request))
#27 E:/CooperativeTraining/web/vendor/laravel/framework/src/Illuminate/Foundation/Http/Middleware/ConvertEmptyStringsToNull.php(31): Illuminate/Foundation/Http/Middleware/TransformsRequest->handle(Object(Illuminate/Http/Request), Object(Closure))
#28 E:/CooperativeTraining/web/vendor/laravel/framework/src/Illuminate/Pipeline/Pipeline.php(219): Illuminate/Foundation/Http/Middleware/ConvertEmptyStringsToNull->handle(Object(Illuminate/Http/Request), Object(Closure))
#29 E:/CooperativeTraining/web/vendor/laravel/framework/src/Illuminate/Foundation/Http/Middleware/TransformsRequest.php(21): Illuminate/Pipeline/Pipeline->{closure:{closure:Illuminate/Pipeline/Pipeline::carry():194}:195}(Object(Illuminate/Http/Request))
#30 E:/CooperativeTraining/web/vendor/laravel/framework/src/Illuminate/Foundation/Http/Middleware/TrimStrings.php(51): Illuminate/Foundation/Http/Middleware/TransformsRequest->handle(Object(Illuminate/Http/Request), Object(Closure))
#31 E:/CooperativeTraining/web/vendor/laravel/framework/src/Illuminate/Pipeline/Pipeline.php(219): Illuminate/Foundation/Http/Middleware/TrimStrings->handle(Object(Illuminate/Http/Request), Object(Closure))
#32 E:/CooperativeTraining/web/vendor/laravel/framework/src/Illuminate/Http/Middleware/ValidatePostSize.php(27): Illuminate/Pipeline/Pipeline->{closure:{closure:Illuminate/Pipeline/Pipeline::carry():194}:195}(Object(Illuminate/Http/Request))
#33 E:/CooperativeTraining/web/vendor/laravel/framework/src/Illuminate/Pipeline/Pipeline.php(219): Illuminate/Http/Middleware/ValidatePostSize->handle(Object(Illuminate/Http/Request), Object(Closure))
#34 E:/CooperativeTraining/web/vendor/laravel/framework/src/Illuminate/Foundation/Http/Middleware/PreventRequestsDuringMaintenance.php(110): Illuminate/Pipeline/Pipeline->{closure:{closure:Illuminate/Pipeline/Pipeline::carry():194}:195}(Object(Illuminate/Http/Request))
#35 E:/CooperativeTraining/web/vendor/laravel/framework/src/Illuminate/Pipeline/Pipeline.php(219): Illuminate/Foundation/Http/Middleware/PreventRequestsDuringMaintenance->handle(Object(Illuminate/Http/Request), Object(Closure))
#36 E:/CooperativeTraining/web/vendor/laravel/framework/src/Illuminate/Http/Middleware/HandleCors.php(61): Illuminate/Pipeline/Pipeline->{closure:{closure:Illuminate/Pipeline/Pipeline::carry():194}:195}(Object(Illuminate/Http/Request))
#37 E:/CooperativeTraining/web/vendor/laravel/framework/src/Illuminate/Pipeline/Pipeline.php(219): Illuminate/Http/Middleware/HandleCors->handle(Object(Illuminate/Http/Request), Object(Closure))
#38 E:/CooperativeTraining/web/vendor/laravel/framework/src/Illuminate/Http/Middleware/TrustProxies.php(58): Illuminate/Pipeline/Pipeline->{closure:{closure:Illuminate/Pipeline/Pipeline::carry():194}:195}(Object(Illuminate/Http/Request))
#39 E:/CooperativeTraining/web/vendor/laravel/framework/src/Illuminate/Pipeline/Pipeline.php(219): Illuminate/Http/Middleware/TrustProxies->handle(Object(Illuminate/Http/Request), Object(Closure))
#40 E:/CooperativeTraining/web/vendor/laravel/framework/src/Illuminate/Foundation/Http/Middleware/InvokeDeferredCallbacks.php(22): Illuminate/Pipeline/Pipeline->{closure:{closure:Illuminate/Pipeline/Pipeline::carry():194}:195}(Object(Illuminate/Http/Request))
#41 E:/CooperativeTraining/web/vendor/laravel/framework/src/Illuminate/Pipeline/Pipeline.php(219): Illuminate/Foundation/Http/Middleware/InvokeDeferredCallbacks->handle(Object(Illuminate/Http/Request), Object(Closure))
#42 E:/CooperativeTraining/web/vendor/laravel/framework/src/Illuminate/Http/Middleware/ValidatePathEncoding.php(28): Illuminate/Pipeline/Pipeline->{closure:{closure:Illuminate/Pipeline/Pipeline::carry():194}:195}(Object(Illuminate/Http/Request))
#43 E:/CooperativeTraining/web/vendor/laravel/framework/src/Illuminate/Pipeline/Pipeline.php(219): Illuminate/Http/Middleware/ValidatePathEncoding->handle(Object(Illuminate/Http/Request), Object(Closure))
#44 E:/CooperativeTraining/web/vendor/laravel/framework/src/Illuminate/Pipeline/Pipeline.php(137): Illuminate/Pipeline/Pipeline->{closure:{closure:Illuminate/Pipeline/Pipeline::carry():194}:195}(Object(Illuminate/Http/Request))
#45 E:/CooperativeTraining/web/vendor/laravel/framework/src/Illuminate/Foundation/Http/Kernel.php(175): Illuminate/Pipeline/Pipeline->then(Object(Closure))
#46 E:/CooperativeTraining/web/vendor/laravel/framework/src/Illuminate/Foundation/Http/Kernel.php(144): Illuminate/Foundation/Http/Kernel->sendRequestThroughRouter(Object(Illuminate/Http/Request))
#47 E:/CooperativeTraining/web/vendor/laravel/framework/src/Illuminate/Foundation/Testing/Concerns/MakesHttpRequests.php(638): Illuminate/Foundation/Http/Kernel->handle(Object(Illuminate/Http/Request))
#48 E:/CooperativeTraining/web/vendor/laravel/framework/src/Illuminate/Foundation/Testing/Concerns/MakesHttpRequests.php(368): Illuminate/Foundation/Testing/TestCase->call('GET', 'http://localhos...', Array, Array, Array, Array)
#49 E:/CooperativeTraining/web/tests/Feature/Settings/ProfileUpdateTest.php(18): Illuminate/Foundation/Testing/TestCase->get('http://localhos...')
#50 E:/CooperativeTraining/web/vendor/phpunit/phpunit/src/Framework/TestCase.php(1318): Tests/Feature/Settings/ProfileUpdateTest->test_profile_page_is_displayed()
#51 E:/CooperativeTraining/web/vendor/phpunit/phpunit/src/Framework/TestCase.php(1355): PHPUnit/Framework/TestCase->invokeTestMethod('test_profile_pa...', Array)
#52 E:/CooperativeTraining/web/vendor/phpunit/phpunit/src/Framework/TestCase.php(521): PHPUnit/Framework/TestCase->runTest()
#53 E:/CooperativeTraining/web/vendor/phpunit/phpunit/src/Framework/TestRunner/TestRunner.php(99): PHPUnit/Framework/TestCase->runBare()
#54 E:/CooperativeTraining/web/vendor/phpunit/phpunit/src/Framework/TestCase.php(361): PHPUnit/Framework/TestRunner->run(Object(Tests/Feature/Settings/ProfileUpdateTest))
#55 E:/CooperativeTraining/web/vendor/phpunit/phpunit/src/Framework/TestSuite.php(374): PHPUnit/Framework/TestCase->run()
#56 E:/CooperativeTraining/web/vendor/phpunit/phpunit/src/Framework/TestSuite.php(374): PHPUnit/Framework/TestSuite->run()
#57 E:/CooperativeTraining/web/vendor/phpunit/phpunit/src/Framework/TestSuite.php(374): PHPUnit/Framework/TestSuite->run()
#58 E:/CooperativeTraining/web/vendor/phpunit/phpunit/src/TextUI/TestRunner.php(64): PHPUnit/Framework/TestSuite->run()
#59 E:/CooperativeTraining/web/vendor/phpunit/phpunit/src/TextUI/Application.php(229): PHPUnit/TextUI/TestRunner->run(Object(PHPUnit/TextUI/Configuration/Configuration), Object(PHPUnit/Runner/ResultCache/DefaultResultCache), Object(PHPUnit/Framework/TestSuite))
#60 E:/CooperativeTraining/web/vendor/phpunit/phpunit/phpunit(104): PHPUnit/TextUI/Application->run(Array)
#61 {main}
"} 
[2026-09-02 22:11:42] testing.ERROR: No application encryption key has been specified. {"userId":1,"exception":"[object] (Illuminate\\Encryption\\MissingAppKeyException(code: 0): No application encryption key has been specified. at E:/CooperativeTraining/web/vendor/laravel/framework/src/Illuminate/Encryption/EncryptionServiceProvider.php:83)
[stacktrace]
#0 E:/CooperativeTraining/web/vendor/laravel/framework/src/Illuminate/Support/helpers.php(393): Illuminate/Encryption/EncryptionServiceProvider->{closure:Illuminate/Encryption/EncryptionServiceProvider::key():81}('')
#1 E:/CooperativeTraining/web/vendor/laravel/framework/src/Illuminate/Encryption/EncryptionServiceProvider.php(81): tap('', Object(Closure))
#2 E:/CooperativeTraining/web/vendor/laravel/framework/src/Illuminate/Encryption/EncryptionServiceProvider.php(64): Illuminate/Encryption/EncryptionServiceProvider->key(Array)
#3 E:/CooperativeTraining/web/vendor/laravel/framework/src/Illuminate/Encryption/EncryptionServiceProvider.php(32): Illuminate/Encryption/EncryptionServiceProvider->parseKey(Array)
#4 E:/CooperativeTraining/web/vendor/laravel/framework/src/Illuminate/Container/Container.php(1140): Illuminate/Encryption/EncryptionServiceProvider->{closure:Illuminate/Encryption/EncryptionServiceProvider::registerEncrypter():29}(Object(Illuminate/Foundation/Application), Array)
#5 E:/CooperativeTraining/web/vendor/laravel/framework/src/Illuminate/Container/Container.php(939): Illuminate/Container/Container->build(Object(Closure))
#6 E:/CooperativeTraining/web/vendor/laravel/framework/src/Illuminate/Foundation/Application.php(1085): Illuminate/Container/Container->resolve('encrypter', Array, true)
#7 E:/CooperativeTraining/web/vendor/laravel/framework/src/Illuminate/Container/Container.php(867): Illuminate/Foundation/Application->resolve('encrypter', Array)
#8 E:/CooperativeTraining/web/vendor/laravel/framework/src/Illuminate/Foundation/Application.php(1065): Illuminate/Container/Container->make('encrypter', Array)
#9 E:/CooperativeTraining/web/vendor/laravel/framework/src/Illuminate/Container/Container.php(1361): Illuminate/Foundation/Application->make('encrypter')
#10 E:/CooperativeTraining/web/vendor/laravel/framework/src/Illuminate/Container/Container.php(1262): Illuminate/Container/Container->resolveClass(Object(ReflectionParameter), 'Illuminate//Cont...')
#11 E:/CooperativeTraining/web/vendor/laravel/framework/src/Illuminate/Container/Container.php(1187): Illuminate/Container/Container->resolveDependencies(Array)
#12 E:/CooperativeTraining/web/vendor/laravel/framework/src/Illuminate/Container/Container.php(939): Illuminate/Container/Container->build('Illuminate//Cook...')
#13 E:/CooperativeTraining/web/vendor/laravel/framework/src/Illuminate/Foundation/Application.php(1085): Illuminate/Container/Container->resolve('Illuminate//Cook...', Array, true)
#14 E:/CooperativeTraining/web/vendor/laravel/framework/src/Illuminate/Container/Container.php(867): Illuminate/Foundation/Application->resolve('Illuminate//Cook...', Array)
#15 E:/CooperativeTraining/web/vendor/laravel/framework/src/Illuminate/Foundation/Application.php(1065): Illuminate/Container/Container->make('Illuminate//Cook...', Array)
#16 E:/CooperativeTraining/web/vendor/laravel/framework/src/Illuminate/Pipeline/Pipeline.php(208): Illuminate/Foundation/Application->make('Illuminate//Cook...')
#17 E:/CooperativeTraining/web/vendor/laravel/framework/src/Illuminate/Pipeline/Pipeline.php(137): Illuminate/Pipeline/Pipeline->{closure:{closure:Illuminate/Pipeline/Pipeline::carry():194}:195}(Object(Illuminate/Http/Request))
#18 E:/CooperativeTraining/web/vendor/laravel/framework/src/Illuminate/Routing/Router.php(821): Illuminate/Pipeline/Pipeline->then(Object(Closure))
#19 E:/CooperativeTraining/web/vendor/laravel/framework/src/Illuminate/Routing/Router.php(800): Illuminate/Routing/Router->runRouteWithinStack(Object(Illuminate/Routing/Route), Object(Illuminate/Http/Request))
#20 E:/CooperativeTraining/web/vendor/laravel/framework/src/Illuminate/Routing/Router.php(764): Illuminate/Routing/Router->runRoute(Object(Illuminate/Http/Request), Object(Illuminate/Routing/Route))
#21 E:/CooperativeTraining/web/vendor/laravel/framework/src/Illuminate/Routing/Router.php(753): Illuminate/Routing/Router->dispatchToRoute(Object(Illuminate/Http/Request))
#22 E:/CooperativeTraining/web/vendor/laravel/framework/src/Illuminate/Foundation/Http/Kernel.php(200): Illuminate/Routing/Router->dispatch(Object(Illuminate/Http/Request))
#23 E:/CooperativeTraining/web/vendor/laravel/framework/src/Illuminate/Pipeline/Pipeline.php(180): Illuminate/Foundation/Http/Kernel->{closure:Illuminate/Foundation/Http/Kernel::dispatchToRouter():197}(Object(Illuminate/Http/Request))
#24 E:/CooperativeTraining/web/vendor/livewire/livewire/src/Features/SupportDisablingBackButtonCache/DisableBackButtonCacheMiddleware.php(19): Illuminate/Pipeline/Pipeline->{closure:Illuminate/Pipeline/Pipeline::prepareDestination():178}(Object(Illuminate/Http/Request))
#25 E:/CooperativeTraining/web/vendor/laravel/framework/src/Illuminate/Pipeline/Pipeline.php(219): Livewire/Features/SupportDisablingBackButtonCache/DisableBackButtonCacheMiddleware->handle(Object(Illuminate/Http/Request), Object(Closure))
#26 E:/CooperativeTraining/web/vendor/laravel/framework/src/Illuminate/Foundation/Http/Middleware/TransformsRequest.php(21): Illuminate/Pipeline/Pipeline->{closure:{closure:Illuminate/Pipeline/Pipeline::carry():194}:195}(Object(Illuminate/Http/Request))
#27 E:/CooperativeTraining/web/vendor/laravel/framework/src/Illuminate/Foundation/Http/Middleware/ConvertEmptyStringsToNull.php(31): Illuminate/Foundation/Http/Middleware/TransformsRequest->handle(Object(Illuminate/Http/Request), Object(Closure))
#28 E:/CooperativeTraining/web/vendor/laravel/framework/src/Illuminate/Pipeline/Pipeline.php(219): Illuminate/Foundation/Http/Middleware/ConvertEmptyStringsToNull->handle(Object(Illuminate/Http/Request), Object(Closure))
#29 E:/CooperativeTraining/web/vendor/laravel/framework/src/Illuminate/Foundation/Http/Middleware/TransformsRequest.php(21): Illuminate/Pipeline/Pipeline->{closure:{closure:Illuminate/Pipeline/Pipeline::carry():194}:195}(Object(Illuminate/Http/Request))
#30 E:/CooperativeTraining/web/vendor/laravel/framework/src/Illuminate/Foundation/Http/Middleware/TrimStrings.php(51): Illuminate/Foundation/Http/Middleware/TransformsRequest->handle(Object(Illuminate/Http/Request), Object(Closure))
#31 E:/CooperativeTraining/web/vendor/laravel/framework/src/Illuminate/Pipeline/Pipeline.php(219): Illuminate/Foundation/Http/Middleware/TrimStrings->handle(Object(Illuminate/Http/Request), Object(Closure))
#32 E:/CooperativeTraining/web/vendor/laravel/framework/src/Illuminate/Http/Middleware/ValidatePostSize.php(27): Illuminate/Pipeline/Pipeline->{closure:{closure:Illuminate/Pipeline/Pipeline::carry():194}:195}(Object(Illuminate/Http/Request))
#33 E:/CooperativeTraining/web/vendor/laravel/framework/src/Illuminate/Pipeline/Pipeline.php(219): Illuminate/Http/Middleware/ValidatePostSize->handle(Object(Illuminate/Http/Request), Object(Closure))
#34 E:/CooperativeTraining/web/vendor/laravel/framework/src/Illuminate/Foundation/Http/Middleware/PreventRequestsDuringMaintenance.php(110): Illuminate/Pipeline/Pipeline->{closure:{closure:Illuminate/Pipeline/Pipeline::carry():194}:195}(Object(Illuminate/Http/Request))
#35 E:/CooperativeTraining/web/vendor/laravel/framework/src/Illuminate/Pipeline/Pipeline.php(219): Illuminate/Foundation/Http/Middleware/PreventRequestsDuringMaintenance->handle(Object(Illuminate/Http/Request), Object(Closure))
#36 E:/CooperativeTraining/web/vendor/laravel/framework/src/Illuminate/Http/Middleware/HandleCors.php(61): Illuminate/Pipeline/Pipeline->{closure:{closure:Illuminate/Pipeline/Pipeline::carry():194}:195}(Object(Illuminate/Http/Request))
#37 E:/CooperativeTraining/web/vendor/laravel/framework/src/Illuminate/Pipeline/Pipeline.php(219): Illuminate/Http/Middleware/HandleCors->handle(Object(Illuminate/Http/Request), Object(Closure))
#38 E:/CooperativeTraining/web/vendor/laravel/framework/src/Illuminate/Http/Middleware/TrustProxies.php(58): Illuminate/Pipeline/Pipeline->{closure:{closure:Illuminate/Pipeline/Pipeline::carry():194}:195}(Object(Illuminate/Http/Request))
#39 E:/CooperativeTraining/web/vendor/laravel/framework/src/Illuminate/Pipeline/Pipeline.php(219): Illuminate/Http/Middleware/TrustProxies->handle(Object(Illuminate/Http/Request), Object(Closure))
#40 E:/CooperativeTraining/web/vendor/laravel/framework/src/Illuminate/Foundation/Http/Middleware/InvokeDeferredCallbacks.php(22): Illuminate/Pipeline/Pipeline->{closure:{closure:Illuminate/Pipeline/Pipeline::carry():194}:195}(Object(Illuminate/Http/Request))
#41 E:/CooperativeTraining/web/vendor/laravel/framework/src/Illuminate/Pipeline/Pipeline.php(219): Illuminate/Foundation/Http/Middleware/InvokeDeferredCallbacks->handle(Object(Illuminate/Http/Request), Object(Closure))
#42 E:/CooperativeTraining/web/vendor/laravel/framework/src/Illuminate/Http/Middleware/ValidatePathEncoding.php(28): Illuminate/Pipeline/Pipeline->{closure:{closure:Illuminate/Pipeline/Pipeline::carry():194}:195}(Object(Illuminate/Http/Request))
#43 E:/CooperativeTraining/web/vendor/laravel/framework/src/Illuminate/Pipeline/Pipeline.php(219): Illuminate/Http/Middleware/ValidatePathEncoding->handle(Object(Illuminate/Http/Request), Object(Closure))
#44 E:/CooperativeTraining/web/vendor/laravel/framework/src/Illuminate/Pipeline/Pipeline.php(137): Illuminate/Pipeline/Pipeline->{closure:{closure:Illuminate/Pipeline/Pipeline::carry():194}:195}(Object(Illuminate/Http/Request))
#45 E:/CooperativeTraining/web/vendor/laravel/framework/src/Illuminate/Foundation/Http/Kernel.php(175): Illuminate/Pipeline/Pipeline->then(Object(Closure))
#46 E:/CooperativeTraining/web/vendor/laravel/framework/src/Illuminate/Foundation/Http/Kernel.php(144): Illuminate/Foundation/Http/Kernel->sendRequestThroughRouter(Object(Illuminate/Http/Request))
#47 E:/CooperativeTraining/web/vendor/laravel/framework/src/Illuminate/Foundation/Testing/Concerns/MakesHttpRequests.php(638): Illuminate/Foundation/Http/Kernel->handle(Object(Illuminate/Http/Request))
#48 E:/CooperativeTraining/web/vendor/laravel/framework/src/Illuminate/Foundation/Testing/Concerns/MakesHttpRequests.php(368): Illuminate/Foundation/Testing/TestCase->call('GET', 'http://localhos...', Array, Array, Array, Array)
#49 E:/CooperativeTraining/web/tests/Feature/Settings/SecurityTest.php(43): Illuminate/Foundation/Testing/TestCase->get('http://localhos...')
#50 E:/CooperativeTraining/web/vendor/phpunit/phpunit/src/Framework/TestCase.php(1318): Tests/Feature/Settings/SecurityTest->test_security_settings_page_can_be_rendered()
#51 E:/CooperativeTraining/web/vendor/phpunit/phpunit/src/Framework/TestCase.php(1355): PHPUnit/Framework/TestCase->invokeTestMethod('test_security_s...', Array)
#52 E:/CooperativeTraining/web/vendor/phpunit/phpunit/src/Framework/TestCase.php(521): PHPUnit/Framework/TestCase->runTest()
#53 E:/CooperativeTraining/web/vendor/phpunit/phpunit/src/Framework/TestRunner/TestRunner.php(99): PHPUnit/Framework/TestCase->runBare()
#54 E:/CooperativeTraining/web/vendor/phpunit/phpunit/src/Framework/TestCase.php(361): PHPUnit/Framework/TestRunner->run(Object(Tests/Feature/Settings/SecurityTest))
#55 E:/CooperativeTraining/web/vendor/phpunit/phpunit/src/Framework/TestSuite.php(374): PHPUnit/Framework/TestCase->run()
#56 E:/CooperativeTraining/web/vendor/phpunit/phpunit/src/Framework/TestSuite.php(374): PHPUnit/Framework/TestSuite->run()
#57 E:/CooperativeTraining/web/vendor/phpunit/phpunit/src/Framework/TestSuite.php(374): PHPUnit/Framework/TestSuite->run()
#58 E:/CooperativeTraining/web/vendor/phpunit/phpunit/src/TextUI/TestRunner.php(64): PHPUnit/Framework/TestSuite->run()
#59 E:/CooperativeTraining/web/vendor/phpunit/phpunit/src/TextUI/Application.php(229): PHPUnit/TextUI/TestRunner->run(Object(PHPUnit/TextUI/Configuration/Configuration), Object(PHPUnit/Runner/ResultCache/DefaultResultCache), Object(PHPUnit/Framework/TestSuite))
#60 E:/CooperativeTraining/web/vendor/phpunit/phpunit/phpunit(104): PHPUnit/TextUI/Application->run(Array)
#61 {main}
"} 
[2026-09-02 22:11:42] testing.ERROR: No application encryption key has been specified. {"userId":1,"exception":"[object] (Illuminate\\Encryption\\MissingAppKeyException(code: 0): No application encryption key has been specified. at E:/CooperativeTraining/web/vendor/laravel/framework/src/Illuminate/Encryption/EncryptionServiceProvider.php:83)
[stacktrace]
#0 E:/CooperativeTraining/web/vendor/laravel/framework/src/Illuminate/Support/helpers.php(393): Illuminate/Encryption/EncryptionServiceProvider->{closure:Illuminate/Encryption/EncryptionServiceProvider::key():81}('')
#1 E:/CooperativeTraining/web/vendor/laravel/framework/src/Illuminate/Encryption/EncryptionServiceProvider.php(81): tap('', Object(Closure))
#2 E:/CooperativeTraining/web/vendor/laravel/framework/src/Illuminate/Encryption/EncryptionServiceProvider.php(64): Illuminate/Encryption/EncryptionServiceProvider->key(Array)
#3 E:/CooperativeTraining/web/vendor/laravel/framework/src/Illuminate/Encryption/EncryptionServiceProvider.php(32): Illuminate/Encryption/EncryptionServiceProvider->parseKey(Array)
#4 E:/CooperativeTraining/web/vendor/laravel/framework/src/Illuminate/Container/Container.php(1140): Illuminate/Encryption/EncryptionServiceProvider->{closure:Illuminate/Encryption/EncryptionServiceProvider::registerEncrypter():29}(Object(Illuminate/Foundation/Application), Array)
#5 E:/CooperativeTraining/web/vendor/laravel/framework/src/Illuminate/Container/Container.php(939): Illuminate/Container/Container->build(Object(Closure))
#6 E:/CooperativeTraining/web/vendor/laravel/framework/src/Illuminate/Foundation/Application.php(1085): Illuminate/Container/Container->resolve('encrypter', Array, true)
#7 E:/CooperativeTraining/web/vendor/laravel/framework/src/Illuminate/Container/Container.php(867): Illuminate/Foundation/Application->resolve('encrypter', Array)
#8 E:/CooperativeTraining/web/vendor/laravel/framework/src/Illuminate/Foundation/Application.php(1065): Illuminate/Container/Container->make('encrypter', Array)
#9 E:/CooperativeTraining/web/vendor/laravel/framework/src/Illuminate/Container/Container.php(1361): Illuminate/Foundation/Application->make('encrypter')
#10 E:/CooperativeTraining/web/vendor/laravel/framework/src/Illuminate/Container/Container.php(1262): Illuminate/Container/Container->resolveClass(Object(ReflectionParameter), 'Illuminate//Cont...')
#11 E:/CooperativeTraining/web/vendor/laravel/framework/src/Illuminate/Container/Container.php(1187): Illuminate/Container/Container->resolveDependencies(Array)
#12 E:/CooperativeTraining/web/vendor/laravel/framework/src/Illuminate/Container/Container.php(939): Illuminate/Container/Container->build('Illuminate//Cook...')
#13 E:/CooperativeTraining/web/vendor/laravel/framework/src/Illuminate/Foundation/Application.php(1085): Illuminate/Container/Container->resolve('Illuminate//Cook...', Array, true)
#14 E:/CooperativeTraining/web/vendor/laravel/framework/src/Illuminate/Container/Container.php(867): Illuminate/Foundation/Application->resolve('Illuminate//Cook...', Array)
#15 E:/CooperativeTraining/web/vendor/laravel/framework/src/Illuminate/Foundation/Application.php(1065): Illuminate/Container/Container->make('Illuminate//Cook...', Array)
#16 E:/CooperativeTraining/web/vendor/laravel/framework/src/Illuminate/Pipeline/Pipeline.php(208): Illuminate/Foundation/Application->make('Illuminate//Cook...')
#17 E:/CooperativeTraining/web/vendor/laravel/framework/src/Illuminate/Pipeline/Pipeline.php(137): Illuminate/Pipeline/Pipeline->{closure:{closure:Illuminate/Pipeline/Pipeline::carry():194}:195}(Object(Illuminate/Http/Request))
#18 E:/CooperativeTraining/web/vendor/laravel/framework/src/Illuminate/Routing/Router.php(821): Illuminate/Pipeline/Pipeline->then(Object(Closure))
#19 E:/CooperativeTraining/web/vendor/laravel/framework/src/Illuminate/Routing/Router.php(800): Illuminate/Routing/Router->runRouteWithinStack(Object(Illuminate/Routing/Route), Object(Illuminate/Http/Request))
#20 E:/CooperativeTraining/web/vendor/laravel/framework/src/Illuminate/Routing/Router.php(764): Illuminate/Routing/Router->runRoute(Object(Illuminate/Http/Request), Object(Illuminate/Routing/Route))
#21 E:/CooperativeTraining/web/vendor/laravel/framework/src/Illuminate/Routing/Router.php(753): Illuminate/Routing/Router->dispatchToRoute(Object(Illuminate/Http/Request))
#22 E:/CooperativeTraining/web/vendor/laravel/framework/src/Illuminate/Foundation/Http/Kernel.php(200): Illuminate/Routing/Router->dispatch(Object(Illuminate/Http/Request))
#23 E:/CooperativeTraining/web/vendor/laravel/framework/src/Illuminate/Pipeline/Pipeline.php(180): Illuminate/Foundation/Http/Kernel->{closure:Illuminate/Foundation/Http/Kernel::dispatchToRouter():197}(Object(Illuminate/Http/Request))
#24 E:/CooperativeTraining/web/vendor/livewire/livewire/src/Features/SupportDisablingBackButtonCache/DisableBackButtonCacheMiddleware.php(19): Illuminate/Pipeline/Pipeline->{closure:Illuminate/Pipeline/Pipeline::prepareDestination():178}(Object(Illuminate/Http/Request))
#25 E:/CooperativeTraining/web/vendor/laravel/framework/src/Illuminate/Pipeline/Pipeline.php(219): Livewire/Features/SupportDisablingBackButtonCache/DisableBackButtonCacheMiddleware->handle(Object(Illuminate/Http/Request), Object(Closure))
#26 E:/CooperativeTraining/web/vendor/laravel/framework/src/Illuminate/Foundation/Http/Middleware/TransformsRequest.php(21): Illuminate/Pipeline/Pipeline->{closure:{closure:Illuminate/Pipeline/Pipeline::carry():194}:195}(Object(Illuminate/Http/Request))
#27 E:/CooperativeTraining/web/vendor/laravel/framework/src/Illuminate/Foundation/Http/Middleware/ConvertEmptyStringsToNull.php(31): Illuminate/Foundation/Http/Middleware/TransformsRequest->handle(Object(Illuminate/Http/Request), Object(Closure))
#28 E:/CooperativeTraining/web/vendor/laravel/framework/src/Illuminate/Pipeline/Pipeline.php(219): Illuminate/Foundation/Http/Middleware/ConvertEmptyStringsToNull->handle(Object(Illuminate/Http/Request), Object(Closure))
#29 E:/CooperativeTraining/web/vendor/laravel/framework/src/Illuminate/Foundation/Http/Middleware/TransformsRequest.php(21): Illuminate/Pipeline/Pipeline->{closure:{closure:Illuminate/Pipeline/Pipeline::carry():194}:195}(Object(Illuminate/Http/Request))
#30 E:/CooperativeTraining/web/vendor/laravel/framework/src/Illuminate/Foundation/Http/Middleware/TrimStrings.php(51): Illuminate/Foundation/Http/Middleware/TransformsRequest->handle(Object(Illuminate/Http/Request), Object(Closure))
#31 E:/CooperativeTraining/web/vendor/laravel/framework/src/Illuminate/Pipeline/Pipeline.php(219): Illuminate/Foundation/Http/Middleware/TrimStrings->handle(Object(Illuminate/Http/Request), Object(Closure))
#32 E:/CooperativeTraining/web/vendor/laravel/framework/src/Illuminate/Http/Middleware/ValidatePostSize.php(27): Illuminate/Pipeline/Pipeline->{closure:{closure:Illuminate/Pipeline/Pipeline::carry():194}:195}(Object(Illuminate/Http/Request))
#33 E:/CooperativeTraining/web/vendor/laravel/framework/src/Illuminate/Pipeline/Pipeline.php(219): Illuminate/Http/Middleware/ValidatePostSize->handle(Object(Illuminate/Http/Request), Object(Closure))
#34 E:/CooperativeTraining/web/vendor/laravel/framework/src/Illuminate/Foundation/Http/Middleware/PreventRequestsDuringMaintenance.php(110): Illuminate/Pipeline/Pipeline->{closure:{closure:Illuminate/Pipeline/Pipeline::carry():194}:195}(Object(Illuminate/Http/Request))
#35 E:/CooperativeTraining/web/vendor/laravel/framework/src/Illuminate/Pipeline/Pipeline.php(219): Illuminate/Foundation/Http/Middleware/PreventRequestsDuringMaintenance->handle(Object(Illuminate/Http/Request), Object(Closure))
#36 E:/CooperativeTraining/web/vendor/laravel/framework/src/Illuminate/Http/Middleware/HandleCors.php(61): Illuminate/Pipeline/Pipeline->{closure:{closure:Illuminate/Pipeline/Pipeline::carry():194}:195}(Object(Illuminate/Http/Request))
#37 E:/CooperativeTraining/web/vendor/laravel/framework/src/Illuminate/Pipeline/Pipeline.php(219): Illuminate/Http/Middleware/HandleCors->handle(Object(Illuminate/Http/Request), Object(Closure))
#38 E:/CooperativeTraining/web/vendor/laravel/framework/src/Illuminate/Http/Middleware/TrustProxies.php(58): Illuminate/Pipeline/Pipeline->{closure:{closure:Illuminate/Pipeline/Pipeline::carry():194}:195}(Object(Illuminate/Http/Request))
#39 E:/CooperativeTraining/web/vendor/laravel/framework/src/Illuminate/Pipeline/Pipeline.php(219): Illuminate/Http/Middleware/TrustProxies->handle(Object(Illuminate/Http/Request), Object(Closure))
#40 E:/CooperativeTraining/web/vendor/laravel/framework/src/Illuminate/Foundation/Http/Middleware/InvokeDeferredCallbacks.php(22): Illuminate/Pipeline/Pipeline->{closure:{closure:Illuminate/Pipeline/Pipeline::carry():194}:195}(Object(Illuminate/Http/Request))
#41 E:/CooperativeTraining/web/vendor/laravel/framework/src/Illuminate/Pipeline/Pipeline.php(219): Illuminate/Foundation/Http/Middleware/InvokeDeferredCallbacks->handle(Object(Illuminate/Http/Request), Object(Closure))
#42 E:/CooperativeTraining/web/vendor/laravel/framework/src/Illuminate/Http/Middleware/ValidatePathEncoding.php(28): Illuminate/Pipeline/Pipeline->{closure:{closure:Illuminate/Pipeline/Pipeline::carry():194}:195}(Object(Illuminate/Http/Request))
#43 E:/CooperativeTraining/web/vendor/laravel/framework/src/Illuminate/Pipeline/Pipeline.php(219): Illuminate/Http/Middleware/ValidatePathEncoding->handle(Object(Illuminate/Http/Request), Object(Closure))
#44 E:/CooperativeTraining/web/vendor/laravel/framework/src/Illuminate/Pipeline/Pipeline.php(137): Illuminate/Pipeline/Pipeline->{closure:{closure:Illuminate/Pipeline/Pipeline::carry():194}:195}(Object(Illuminate/Http/Request))
#45 E:/CooperativeTraining/web/vendor/laravel/framework/src/Illuminate/Foundation/Http/Kernel.php(175): Illuminate/Pipeline/Pipeline->then(Object(Closure))
#46 E:/CooperativeTraining/web/vendor/laravel/framework/src/Illuminate/Foundation/Http/Kernel.php(144): Illuminate/Foundation/Http/Kernel->sendRequestThroughRouter(Object(Illuminate/Http/Request))
#47 E:/CooperativeTraining/web/vendor/laravel/framework/src/Illuminate/Foundation/Testing/Concerns/MakesHttpRequests.php(638): Illuminate/Foundation/Http/Kernel->handle(Object(Illuminate/Http/Request))
#48 E:/CooperativeTraining/web/vendor/laravel/framework/src/Illuminate/Foundation/Testing/Concerns/MakesHttpRequests.php(368): Illuminate/Foundation/Testing/TestCase->call('GET', 'http://localhos...', Array, Array, Array, Array)
#49 E:/CooperativeTraining/web/tests/Feature/Settings/SecurityTest.php(63): Illuminate/Foundation/Testing/TestCase->get('http://localhos...')
#50 E:/CooperativeTraining/web/vendor/phpunit/phpunit/src/Framework/TestCase.php(1318): Tests/Feature/Settings/SecurityTest->test_security_settings_page_requires_password_confirmation_when_enabled()
#51 E:/CooperativeTraining/web/vendor/phpunit/phpunit/src/Framework/TestCase.php(1355): PHPUnit/Framework/TestCase->invokeTestMethod('test_security_s...', Array)
#52 E:/CooperativeTraining/web/vendor/phpunit/phpunit/src/Framework/TestCase.php(521): PHPUnit/Framework/TestCase->runTest()
#53 E:/CooperativeTraining/web/vendor/phpunit/phpunit/src/Framework/TestRunner/TestRunner.php(99): PHPUnit/Framework/TestCase->runBare()
#54 E:/CooperativeTraining/web/vendor/phpunit/phpunit/src/Framework/TestCase.php(361): PHPUnit/Framework/TestRunner->run(Object(Tests/Feature/Settings/SecurityTest))
#55 E:/CooperativeTraining/web/vendor/phpunit/phpunit/src/Framework/TestSuite.php(374): PHPUnit/Framework/TestCase->run()
#56 E:/CooperativeTraining/web/vendor/phpunit/phpunit/src/Framework/TestSuite.php(374): PHPUnit/Framework/TestSuite->run()
#57 E:/CooperativeTraining/web/vendor/phpunit/phpunit/src/Framework/TestSuite.php(374): PHPUnit/Framework/TestSuite->run()
#58 E:/CooperativeTraining/web/vendor/phpunit/phpunit/src/TextUI/TestRunner.php(64): PHPUnit/Framework/TestSuite->run()
#59 E:/CooperativeTraining/web/vendor/phpunit/phpunit/src/TextUI/Application.php(229): PHPUnit/TextUI/TestRunner->run(Object(PHPUnit/TextUI/Configuration/Configuration), Object(PHPUnit/Runner/ResultCache/DefaultResultCache), Object(PHPUnit/Framework/TestSuite))
#60 E:/CooperativeTraining/web/vendor/phpunit/phpunit/phpunit(104): PHPUnit/TextUI/Application->run(Array)
#61 {main}
"} 
[2026-09-02 22:11:43] testing.ERROR: No application encryption key has been specified. {"userId":1,"exception":"[object] (Illuminate\\Encryption\\MissingAppKeyException(code: 0): No application encryption key has been specified. at E:/CooperativeTraining/web/vendor/laravel/framework/src/Illuminate/Encryption/EncryptionServiceProvider.php:83)
[stacktrace]
#0 E:/CooperativeTraining/web/vendor/laravel/framework/src/Illuminate/Support/helpers.php(393): Illuminate/Encryption/EncryptionServiceProvider->{closure:Illuminate/Encryption/EncryptionServiceProvider::key():81}('')
#1 E:/CooperativeTraining/web/vendor/laravel/framework/src/Illuminate/Encryption/EncryptionServiceProvider.php(81): tap('', Object(Closure))
#2 E:/CooperativeTraining/web/vendor/laravel/framework/src/Illuminate/Encryption/EncryptionServiceProvider.php(64): Illuminate/Encryption/EncryptionServiceProvider->key(Array)
#3 E:/CooperativeTraining/web/vendor/laravel/framework/src/Illuminate/Encryption/EncryptionServiceProvider.php(32): Illuminate/Encryption/EncryptionServiceProvider->parseKey(Array)
#4 E:/CooperativeTraining/web/vendor/laravel/framework/src/Illuminate/Container/Container.php(1140): Illuminate/Encryption/EncryptionServiceProvider->{closure:Illuminate/Encryption/EncryptionServiceProvider::registerEncrypter():29}(Object(Illuminate/Foundation/Application), Array)
#5 E:/CooperativeTraining/web/vendor/laravel/framework/src/Illuminate/Container/Container.php(939): Illuminate/Container/Container->build(Object(Closure))
#6 E:/CooperativeTraining/web/vendor/laravel/framework/src/Illuminate/Foundation/Application.php(1085): Illuminate/Container/Container->resolve('encrypter', Array, true)
#7 E:/CooperativeTraining/web/vendor/laravel/framework/src/Illuminate/Container/Container.php(867): Illuminate/Foundation/Application->resolve('encrypter', Array)
#8 E:/CooperativeTraining/web/vendor/laravel/framework/src/Illuminate/Foundation/Application.php(1065): Illuminate/Container/Container->make('encrypter', Array)
#9 E:/CooperativeTraining/web/vendor/laravel/framework/src/Illuminate/Container/Container.php(1361): Illuminate/Foundation/Application->make('encrypter')
#10 E:/CooperativeTraining/web/vendor/laravel/framework/src/Illuminate/Container/Container.php(1262): Illuminate/Container/Container->resolveClass(Object(ReflectionParameter), 'Illuminate//Cont...')
#11 E:/CooperativeTraining/web/vendor/laravel/framework/src/Illuminate/Container/Container.php(1187): Illuminate/Container/Container->resolveDependencies(Array)
#12 E:/CooperativeTraining/web/vendor/laravel/framework/src/Illuminate/Container/Container.php(939): Illuminate/Container/Container->build('Illuminate//Cook...')
#13 E:/CooperativeTraining/web/vendor/laravel/framework/src/Illuminate/Foundation/Application.php(1085): Illuminate/Container/Container->resolve('Illuminate//Cook...', Array, true)
#14 E:/CooperativeTraining/web/vendor/laravel/framework/src/Illuminate/Container/Container.php(867): Illuminate/Foundation/Application->resolve('Illuminate//Cook...', Array)
#15 E:/CooperativeTraining/web/vendor/laravel/framework/src/Illuminate/Foundation/Application.php(1065): Illuminate/Container/Container->make('Illuminate//Cook...', Array)
#16 E:/CooperativeTraining/web/vendor/laravel/framework/src/Illuminate/Pipeline/Pipeline.php(208): Illuminate/Foundation/Application->make('Illuminate//Cook...')
#17 E:/CooperativeTraining/web/vendor/laravel/framework/src/Illuminate/Pipeline/Pipeline.php(137): Illuminate/Pipeline/Pipeline->{closure:{closure:Illuminate/Pipeline/Pipeline::carry():194}:195}(Object(Illuminate/Http/Request))
#18 E:/CooperativeTraining/web/vendor/laravel/framework/src/Illuminate/Routing/Router.php(821): Illuminate/Pipeline/Pipeline->then(Object(Closure))
#19 E:/CooperativeTraining/web/vendor/laravel/framework/src/Illuminate/Routing/Router.php(800): Illuminate/Routing/Router->runRouteWithinStack(Object(Illuminate/Routing/Route), Object(Illuminate/Http/Request))
#20 E:/CooperativeTraining/web/vendor/laravel/framework/src/Illuminate/Routing/Router.php(764): Illuminate/Routing/Router->runRoute(Object(Illuminate/Http/Request), Object(Illuminate/Routing/Route))
#21 E:/CooperativeTraining/web/vendor/laravel/framework/src/Illuminate/Routing/Router.php(753): Illuminate/Routing/Router->dispatchToRoute(Object(Illuminate/Http/Request))
#22 E:/CooperativeTraining/web/vendor/laravel/framework/src/Illuminate/Foundation/Http/Kernel.php(200): Illuminate/Routing/Router->dispatch(Object(Illuminate/Http/Request))
#23 E:/CooperativeTraining/web/vendor/laravel/framework/src/Illuminate/Pipeline/Pipeline.php(180): Illuminate/Foundation/Http/Kernel->{closure:Illuminate/Foundation/Http/Kernel::dispatchToRouter():197}(Object(Illuminate/Http/Request))
#24 E:/CooperativeTraining/web/vendor/livewire/livewire/src/Features/SupportDisablingBackButtonCache/DisableBackButtonCacheMiddleware.php(19): Illuminate/Pipeline/Pipeline->{closure:Illuminate/Pipeline/Pipeline::prepareDestination():178}(Object(Illuminate/Http/Request))
#25 E:/CooperativeTraining/web/vendor/laravel/framework/src/Illuminate/Pipeline/Pipeline.php(219): Livewire/Features/SupportDisablingBackButtonCache/DisableBackButtonCacheMiddleware->handle(Object(Illuminate/Http/Request), Object(Closure))
#26 E:/CooperativeTraining/web/vendor/laravel/framework/src/Illuminate/Foundation/Http/Middleware/TransformsRequest.php(21): Illuminate/Pipeline/Pipeline->{closure:{closure:Illuminate/Pipeline/Pipeline::carry():194}:195}(Object(Illuminate/Http/Request))
#27 E:/CooperativeTraining/web/vendor/laravel/framework/src/Illuminate/Foundation/Http/Middleware/ConvertEmptyStringsToNull.php(31): Illuminate/Foundation/Http/Middleware/TransformsRequest->handle(Object(Illuminate/Http/Request), Object(Closure))
#28 E:/CooperativeTraining/web/vendor/laravel/framework/src/Illuminate/Pipeline/Pipeline.php(219): Illuminate/Foundation/Http/Middleware/ConvertEmptyStringsToNull->handle(Object(Illuminate/Http/Request), Object(Closure))
#29 E:/CooperativeTraining/web/vendor/laravel/framework/src/Illuminate/Foundation/Http/Middleware/TransformsRequest.php(21): Illuminate/Pipeline/Pipeline->{closure:{closure:Illuminate/Pipeline/Pipeline::carry():194}:195}(Object(Illuminate/Http/Request))
#30 E:/CooperativeTraining/web/vendor/laravel/framework/src/Illuminate/Foundation/Http/Middleware/TrimStrings.php(51): Illuminate/Foundation/Http/Middleware/TransformsRequest->handle(Object(Illuminate/Http/Request), Object(Closure))
#31 E:/CooperativeTraining/web/vendor/laravel/framework/src/Illuminate/Pipeline/Pipeline.php(219): Illuminate/Foundation/Http/Middleware/TrimStrings->handle(Object(Illuminate/Http/Request), Object(Closure))
#32 E:/CooperativeTraining/web/vendor/laravel/framework/src/Illuminate/Http/Middleware/ValidatePostSize.php(27): Illuminate/Pipeline/Pipeline->{closure:{closure:Illuminate/Pipeline/Pipeline::carry():194}:195}(Object(Illuminate/Http/Request))
#33 E:/CooperativeTraining/web/vendor/laravel/framework/src/Illuminate/Pipeline/Pipeline.php(219): Illuminate/Http/Middleware/ValidatePostSize->handle(Object(Illuminate/Http/Request), Object(Closure))
#34 E:/CooperativeTraining/web/vendor/laravel/framework/src/Illuminate/Foundation/Http/Middleware/PreventRequestsDuringMaintenance.php(110): Illuminate/Pipeline/Pipeline->{closure:{closure:Illuminate/Pipeline/Pipeline::carry():194}:195}(Object(Illuminate/Http/Request))
#35 E:/CooperativeTraining/web/vendor/laravel/framework/src/Illuminate/Pipeline/Pipeline.php(219): Illuminate/Foundation/Http/Middleware/PreventRequestsDuringMaintenance->handle(Object(Illuminate/Http/Request), Object(Closure))
#36 E:/CooperativeTraining/web/vendor/laravel/framework/src/Illuminate/Http/Middleware/HandleCors.php(61): Illuminate/Pipeline/Pipeline->{closure:{closure:Illuminate/Pipeline/Pipeline::carry():194}:195}(Object(Illuminate/Http/Request))
#37 E:/CooperativeTraining/web/vendor/laravel/framework/src/Illuminate/Pipeline/Pipeline.php(219): Illuminate/Http/Middleware/HandleCors->handle(Object(Illuminate/Http/Request), Object(Closure))
#38 E:/CooperativeTraining/web/vendor/laravel/framework/src/Illuminate/Http/Middleware/TrustProxies.php(58): Illuminate/Pipeline/Pipeline->{closure:{closure:Illuminate/Pipeline/Pipeline::carry():194}:195}(Object(Illuminate/Http/Request))
#39 E:/CooperativeTraining/web/vendor/laravel/framework/src/Illuminate/Pipeline/Pipeline.php(219): Illuminate/Http/Middleware/TrustProxies->handle(Object(Illuminate/Http/Request), Object(Closure))
#40 E:/CooperativeTraining/web/vendor/laravel/framework/src/Illuminate/Foundation/Http/Middleware/InvokeDeferredCallbacks.php(22): Illuminate/Pipeline/Pipeline->{closure:{closure:Illuminate/Pipeline/Pipeline::carry():194}:195}(Object(Illuminate/Http/Request))
#41 E:/CooperativeTraining/web/vendor/laravel/framework/src/Illuminate/Pipeline/Pipeline.php(219): Illuminate/Foundation/Http/Middleware/InvokeDeferredCallbacks->handle(Object(Illuminate/Http/Request), Object(Closure))
#42 E:/CooperativeTraining/web/vendor/laravel/framework/src/Illuminate/Http/Middleware/ValidatePathEncoding.php(28): Illuminate/Pipeline/Pipeline->{closure:{closure:Illuminate/Pipeline/Pipeline::carry():194}:195}(Object(Illuminate/Http/Request))
#43 E:/CooperativeTraining/web/vendor/laravel/framework/src/Illuminate/Pipeline/Pipeline.php(219): Illuminate/Http/Middleware/ValidatePathEncoding->handle(Object(Illuminate/Http/Request), Object(Closure))
#44 E:/CooperativeTraining/web/vendor/laravel/framework/src/Illuminate/Pipeline/Pipeline.php(137): Illuminate/Pipeline/Pipeline->{closure:{closure:Illuminate/Pipeline/Pipeline::carry():194}:195}(Object(Illuminate/Http/Request))
#45 E:/CooperativeTraining/web/vendor/laravel/framework/src/Illuminate/Foundation/Http/Kernel.php(175): Illuminate/Pipeline/Pipeline->then(Object(Closure))
#46 E:/CooperativeTraining/web/vendor/laravel/framework/src/Illuminate/Foundation/Http/Kernel.php(144): Illuminate/Foundation/Http/Kernel->sendRequestThroughRouter(Object(Illuminate/Http/Request))
#47 E:/CooperativeTraining/web/vendor/laravel/framework/src/Illuminate/Foundation/Testing/Concerns/MakesHttpRequests.php(638): Illuminate/Foundation/Http/Kernel->handle(Object(Illuminate/Http/Request))
#48 E:/CooperativeTraining/web/vendor/laravel/framework/src/Illuminate/Foundation/Testing/Concerns/MakesHttpRequests.php(368): Illuminate/Foundation/Testing/TestCase->call('GET', 'http://localhos...', Array, Array, Array, Array)
#49 E:/CooperativeTraining/web/tests/Feature/Settings/SecurityTest.php(79): Illuminate/Foundation/Testing/TestCase->get('http://localhos...')
#50 E:/CooperativeTraining/web/vendor/phpunit/phpunit/src/Framework/TestCase.php(1318): Tests/Feature/Settings/SecurityTest->test_security_settings_page_renders_without_two_factor_when_feature_is_disabled()
#51 E:/CooperativeTraining/web/vendor/phpunit/phpunit/src/Framework/TestCase.php(1355): PHPUnit/Framework/TestCase->invokeTestMethod('test_security_s...', Array)
#52 E:/CooperativeTraining/web/vendor/phpunit/phpunit/src/Framework/TestCase.php(521): PHPUnit/Framework/TestCase->runTest()
#53 E:/CooperativeTraining/web/vendor/phpunit/phpunit/src/Framework/TestRunner/TestRunner.php(99): PHPUnit/Framework/TestCase->runBare()
#54 E:/CooperativeTraining/web/vendor/phpunit/phpunit/src/Framework/TestCase.php(361): PHPUnit/Framework/TestRunner->run(Object(Tests/Feature/Settings/SecurityTest))
#55 E:/CooperativeTraining/web/vendor/phpunit/phpunit/src/Framework/TestSuite.php(374): PHPUnit/Framework/TestCase->run()
#56 E:/CooperativeTraining/web/vendor/phpunit/phpunit/src/Framework/TestSuite.php(374): PHPUnit/Framework/TestSuite->run()
#57 E:/CooperativeTraining/web/vendor/phpunit/phpunit/src/Framework/TestSuite.php(374): PHPUnit/Framework/TestSuite->run()
#58 E:/CooperativeTraining/web/vendor/phpunit/phpunit/src/TextUI/TestRunner.php(64): PHPUnit/Framework/TestSuite->run()
#59 E:/CooperativeTraining/web/vendor/phpunit/phpunit/src/TextUI/Application.php(229): PHPUnit/TextUI/TestRunner->run(Object(PHPUnit/TextUI/Configuration/Configuration), Object(PHPUnit/Runner/ResultCache/DefaultResultCache), Object(PHPUnit/Framework/TestSuite))
#60 E:/CooperativeTraining/web/vendor/phpunit/phpunit/phpunit(104): PHPUnit/TextUI/Application->run(Array)
#61 {main}
"} 
[2026-09-02 22:18:53] testing.ERROR: No application encryption key has been specified. {"exception":"[object] (Illuminate\\Encryption\\MissingAppKeyException(code: 0): No application encryption key has been specified. at E:/CooperativeTraining/web/vendor/laravel/framework/src/Illuminate/Encryption/EncryptionServiceProvider.php:83)
[stacktrace]
#0 E:/CooperativeTraining/web/vendor/laravel/framework/src/Illuminate/Support/helpers.php(393): Illuminate/Encryption/EncryptionServiceProvider->{closure:Illuminate/Encryption/EncryptionServiceProvider::key():81}('')
#1 E:/CooperativeTraining/web/vendor/laravel/framework/src/Illuminate/Encryption/EncryptionServiceProvider.php(81): tap('', Object(Closure))
#2 E:/CooperativeTraining/web/vendor/laravel/framework/src/Illuminate/Encryption/EncryptionServiceProvider.php(64): Illuminate/Encryption/EncryptionServiceProvider->key(Array)
#3 E:/CooperativeTraining/web/vendor/laravel/framework/src/Illuminate/Encryption/EncryptionServiceProvider.php(32): Illuminate/Encryption/EncryptionServiceProvider->parseKey(Array)
#4 E:/CooperativeTraining/web/vendor/laravel/framework/src/Illuminate/Container/Container.php(1140): Illuminate/Encryption/EncryptionServiceProvider->{closure:Illuminate/Encryption/EncryptionServiceProvider::registerEncrypter():29}(Object(Illuminate/Foundation/Application), Array)
#5 E:/CooperativeTraining/web/vendor/laravel/framework/src/Illuminate/Container/Container.php(939): Illuminate/Container/Container->build(Object(Closure))
#6 E:/CooperativeTraining/web/vendor/laravel/framework/src/Illuminate/Foundation/Application.php(1085): Illuminate/Container/Container->resolve('encrypter', Array, true)
#7 E:/CooperativeTraining/web/vendor/laravel/framework/src/Illuminate/Container/Container.php(867): Illuminate/Foundation/Application->resolve('encrypter', Array)
#8 E:/CooperativeTraining/web/vendor/laravel/framework/src/Illuminate/Foundation/Application.php(1065): Illuminate/Container/Container->make('encrypter', Array)
#9 E:/CooperativeTraining/web/vendor/laravel/framework/src/Illuminate/Container/Container.php(1361): Illuminate/Foundation/Application->make('encrypter')
#10 E:/CooperativeTraining/web/vendor/laravel/framework/src/Illuminate/Container/Container.php(1262): Illuminate/Container/Container->resolveClass(Object(ReflectionParameter), 'Illuminate//Cont...')
#11 E:/CooperativeTraining/web/vendor/laravel/framework/src/Illuminate/Container/Container.php(1187): Illuminate/Container/Container->resolveDependencies(Array)
#12 E:/CooperativeTraining/web/vendor/laravel/framework/src/Illuminate/Container/Container.php(939): Illuminate/Container/Container->build('Illuminate//Cook...')
#13 E:/CooperativeTraining/web/vendor/laravel/framework/src/Illuminate/Foundation/Application.php(1085): Illuminate/Container/Container->resolve('Illuminate//Cook...', Array, true)
#14 E:/CooperativeTraining/web/vendor/laravel/framework/src/Illuminate/Container/Container.php(867): Illuminate/Foundation/Application->resolve('Illuminate//Cook...', Array)
#15 E:/CooperativeTraining/web/vendor/laravel/framework/src/Illuminate/Foundation/Application.php(1065): Illuminate/Container/Container->make('Illuminate//Cook...', Array)
#16 E:/CooperativeTraining/web/vendor/laravel/framework/src/Illuminate/Pipeline/Pipeline.php(208): Illuminate/Foundation/Application->make('Illuminate//Cook...')
#17 E:/CooperativeTraining/web/vendor/laravel/framework/src/Illuminate/Pipeline/Pipeline.php(137): Illuminate/Pipeline/Pipeline->{closure:{closure:Illuminate/Pipeline/Pipeline::carry():194}:195}(Object(Illuminate/Http/Request))
#18 E:/CooperativeTraining/web/vendor/laravel/framework/src/Illuminate/Routing/Router.php(821): Illuminate/Pipeline/Pipeline->then(Object(Closure))
#19 E:/CooperativeTraining/web/vendor/laravel/framework/src/Illuminate/Routing/Router.php(800): Illuminate/Routing/Router->runRouteWithinStack(Object(Illuminate/Routing/Route), Object(Illuminate/Http/Request))
#20 E:/CooperativeTraining/web/vendor/laravel/framework/src/Illuminate/Routing/Router.php(764): Illuminate/Routing/Router->runRoute(Object(Illuminate/Http/Request), Object(Illuminate/Routing/Route))
#21 E:/CooperativeTraining/web/vendor/laravel/framework/src/Illuminate/Routing/Router.php(753): Illuminate/Routing/Router->dispatchToRoute(Object(Illuminate/Http/Request))
#22 E:/CooperativeTraining/web/vendor/laravel/framework/src/Illuminate/Foundation/Http/Kernel.php(200): Illuminate/Routing/Router->dispatch(Object(Illuminate/Http/Request))
#23 E:/CooperativeTraining/web/vendor/laravel/framework/src/Illuminate/Pipeline/Pipeline.php(180): Illuminate/Foundation/Http/Kernel->{closure:Illuminate/Foundation/Http/Kernel::dispatchToRouter():197}(Object(Illuminate/Http/Request))
#24 E:/CooperativeTraining/web/vendor/livewire/livewire/src/Features/SupportDisablingBackButtonCache/DisableBackButtonCacheMiddleware.php(19): Illuminate/Pipeline/Pipeline->{closure:Illuminate/Pipeline/Pipeline::prepareDestination():178}(Object(Illuminate/Http/Request))
#25 E:/CooperativeTraining/web/vendor/laravel/framework/src/Illuminate/Pipeline/Pipeline.php(219): Livewire/Features/SupportDisablingBackButtonCache/DisableBackButtonCacheMiddleware->handle(Object(Illuminate/Http/Request), Object(Closure))
#26 E:/CooperativeTraining/web/vendor/laravel/framework/src/Illuminate/Foundation/Http/Middleware/TransformsRequest.php(21): Illuminate/Pipeline/Pipeline->{closure:{closure:Illuminate/Pipeline/Pipeline::carry():194}:195}(Object(Illuminate/Http/Request))
#27 E:/CooperativeTraining/web/vendor/laravel/framework/src/Illuminate/Foundation/Http/Middleware/ConvertEmptyStringsToNull.php(31): Illuminate/Foundation/Http/Middleware/TransformsRequest->handle(Object(Illuminate/Http/Request), Object(Closure))
#28 E:/CooperativeTraining/web/vendor/laravel/framework/src/Illuminate/Pipeline/Pipeline.php(219): Illuminate/Foundation/Http/Middleware/ConvertEmptyStringsToNull->handle(Object(Illuminate/Http/Request), Object(Closure))
#29 E:/CooperativeTraining/web/vendor/laravel/framework/src/Illuminate/Foundation/Http/Middleware/TransformsRequest.php(21): Illuminate/Pipeline/Pipeline->{closure:{closure:Illuminate/Pipeline/Pipeline::carry():194}:195}(Object(Illuminate/Http/Request))
#30 E:/CooperativeTraining/web/vendor/laravel/framework/src/Illuminate/Foundation/Http/Middleware/TrimStrings.php(51): Illuminate/Foundation/Http/Middleware/TransformsRequest->handle(Object(Illuminate/Http/Request), Object(Closure))
#31 E:/CooperativeTraining/web/vendor/laravel/framework/src/Illuminate/Pipeline/Pipeline.php(219): Illuminate/Foundation/Http/Middleware/TrimStrings->handle(Object(Illuminate/Http/Request), Object(Closure))
#32 E:/CooperativeTraining/web/vendor/laravel/framework/src/Illuminate/Http/Middleware/ValidatePostSize.php(27): Illuminate/Pipeline/Pipeline->{closure:{closure:Illuminate/Pipeline/Pipeline::carry():194}:195}(Object(Illuminate/Http/Request))
#33 E:/CooperativeTraining/web/vendor/laravel/framework/src/Illuminate/Pipeline/Pipeline.php(219): Illuminate/Http/Middleware/ValidatePostSize->handle(Object(Illuminate/Http/Request), Object(Closure))
#34 E:/CooperativeTraining/web/vendor/laravel/framework/src/Illuminate/Foundation/Http/Middleware/PreventRequestsDuringMaintenance.php(110): Illuminate/Pipeline/Pipeline->{closure:{closure:Illuminate/Pipeline/Pipeline::carry():194}:195}(Object(Illuminate/Http/Request))
#35 E:/CooperativeTraining/web/vendor/laravel/framework/src/Illuminate/Pipeline/Pipeline.php(219): Illuminate/Foundation/Http/Middleware/PreventRequestsDuringMaintenance->handle(Object(Illuminate/Http/Request), Object(Closure))
#36 E:/CooperativeTraining/web/vendor/laravel/framework/src/Illuminate/Http/Middleware/HandleCors.php(61): Illuminate/Pipeline/Pipeline->{closure:{closure:Illuminate/Pipeline/Pipeline::carry():194}:195}(Object(Illuminate/Http/Request))
#37 E:/CooperativeTraining/web/vendor/laravel/framework/src/Illuminate/Pipeline/Pipeline.php(219): Illuminate/Http/Middleware/HandleCors->handle(Object(Illuminate/Http/Request), Object(Closure))
#38 E:/CooperativeTraining/web/vendor/laravel/framework/src/Illuminate/Http/Middleware/TrustProxies.php(58): Illuminate/Pipeline/Pipeline->{closure:{closure:Illuminate/Pipeline/Pipeline::carry():194}:195}(Object(Illuminate/Http/Request))
#39 E:/CooperativeTraining/web/vendor/laravel/framework/src/Illuminate/Pipeline/Pipeline.php(219): Illuminate/Http/Middleware/TrustProxies->handle(Object(Illuminate/Http/Request), Object(Closure))
#40 E:/CooperativeTraining/web/vendor/laravel/framework/src/Illuminate/Foundation/Http/Middleware/InvokeDeferredCallbacks.php(22): Illuminate/Pipeline/Pipeline->{closure:{closure:Illuminate/Pipeline/Pipeline::carry():194}:195}(Object(Illuminate/Http/Request))
#41 E:/CooperativeTraining/web/vendor/laravel/framework/src/Illuminate/Pipeline/Pipeline.php(219): Illuminate/Foundation/Http/Middleware/InvokeDeferredCallbacks->handle(Object(Illuminate/Http/Request), Object(Closure))
#42 E:/CooperativeTraining/web/vendor/laravel/framework/src/Illuminate/Http/Middleware/ValidatePathEncoding.php(28): Illuminate/Pipeline/Pipeline->{closure:{closure:Illuminate/Pipeline/Pipeline::carry():194}:195}(Object(Illuminate/Http/Request))
#43 E:/CooperativeTraining/web/vendor/laravel/framework/src/Illuminate/Pipeline/Pipeline.php(219): Illuminate/Http/Middleware/ValidatePathEncoding->handle(Object(Illuminate/Http/Request), Object(Closure))
#44 E:/CooperativeTraining/web/vendor/laravel/framework/src/Illuminate/Pipeline/Pipeline.php(137): Illuminate/Pipeline/Pipeline->{closure:{closure:Illuminate/Pipeline/Pipeline::carry():194}:195}(Object(Illuminate/Http/Request))
#45 E:/CooperativeTraining/web/vendor/laravel/framework/src/Illuminate/Foundation/Http/Kernel.php(175): Illuminate/Pipeline/Pipeline->then(Object(Closure))
#46 E:/CooperativeTraining/web/vendor/laravel/framework/src/Illuminate/Foundation/Http/Kernel.php(144): Illuminate/Foundation/Http/Kernel->sendRequestThroughRouter(Object(Illuminate/Http/Request))
#47 E:/CooperativeTraining/web/vendor/laravel/framework/src/Illuminate/Foundation/Testing/Concerns/MakesHttpRequests.php(638): Illuminate/Foundation/Http/Kernel->handle(Object(Illuminate/Http/Request))
#48 E:/CooperativeTraining/web/vendor/laravel/framework/src/Illuminate/Foundation/Testing/Concerns/MakesHttpRequests.php(368): Illuminate/Foundation/Testing/TestCase->call('GET', 'http://localhos...', Array, Array, Array, Array)
#49 E:/CooperativeTraining/web/tests/Feature/Auth/AuthenticationTest.php(16): Illuminate/Foundation/Testing/TestCase->get('http://localhos...')
#50 E:/CooperativeTraining/web/vendor/phpunit/phpunit/src/Framework/TestCase.php(1318): Tests/Feature/Auth/AuthenticationTest->test_login_screen_can_be_rendered()
#51 E:/CooperativeTraining/web/vendor/phpunit/phpunit/src/Framework/TestCase.php(1355): PHPUnit/Framework/TestCase->invokeTestMethod('test_login_scre...', Array)
#52 E:/CooperativeTraining/web/vendor/phpunit/phpunit/src/Framework/TestCase.php(521): PHPUnit/Framework/TestCase->runTest()
#53 E:/CooperativeTraining/web/vendor/phpunit/phpunit/src/Framework/TestRunner/TestRunner.php(99): PHPUnit/Framework/TestCase->runBare()
#54 E:/CooperativeTraining/web/vendor/phpunit/phpunit/src/Framework/TestCase.php(361): PHPUnit/Framework/TestRunner->run(Object(Tests/Feature/Auth/AuthenticationTest))
#55 E:/CooperativeTraining/web/vendor/phpunit/phpunit/src/Framework/TestSuite.php(374): PHPUnit/Framework/TestCase->run()
#56 E:/CooperativeTraining/web/vendor/phpunit/phpunit/src/Framework/TestSuite.php(374): PHPUnit/Framework/TestSuite->run()
#57 E:/CooperativeTraining/web/vendor/phpunit/phpunit/src/Framework/TestSuite.php(374): PHPUnit/Framework/TestSuite->run()
#58 E:/CooperativeTraining/web/vendor/phpunit/phpunit/src/TextUI/TestRunner.php(64): PHPUnit/Framework/TestSuite->run()
#59 E:/CooperativeTraining/web/vendor/phpunit/phpunit/src/TextUI/Application.php(229): PHPUnit/TextUI/TestRunner->run(Object(PHPUnit/TextUI/Configuration/Configuration), Object(PHPUnit/Runner/ResultCache/DefaultResultCache), Object(PHPUnit/Framework/TestSuite))
#60 E:/CooperativeTraining/web/vendor/phpunit/phpunit/phpunit(104): PHPUnit/TextUI/Application->run(Array)
#61 {main}
"} 
[2026-09-02 22:18:53] testing.ERROR: No application encryption key has been specified. {"exception":"[object] (Illuminate\\Encryption\\MissingAppKeyException(code: 0): No application encryption key has been specified. at E:/CooperativeTraining/web/vendor/laravel/framework/src/Illuminate/Encryption/EncryptionServiceProvider.php:83)
[stacktrace]
#0 E:/CooperativeTraining/web/vendor/laravel/framework/src/Illuminate/Support/helpers.php(393): Illuminate/Encryption/EncryptionServiceProvider->{closure:Illuminate/Encryption/EncryptionServiceProvider::key():81}('')
#1 E:/CooperativeTraining/web/vendor/laravel/framework/src/Illuminate/Encryption/EncryptionServiceProvider.php(81): tap('', Object(Closure))
#2 E:/CooperativeTraining/web/vendor/laravel/framework/src/Illuminate/Encryption/EncryptionServiceProvider.php(64): Illuminate/Encryption/EncryptionServiceProvider->key(Array)
#3 E:/CooperativeTraining/web/vendor/laravel/framework/src/Illuminate/Encryption/EncryptionServiceProvider.php(32): Illuminate/Encryption/EncryptionServiceProvider->parseKey(Array)
#4 E:/CooperativeTraining/web/vendor/laravel/framework/src/Illuminate/Container/Container.php(1140): Illuminate/Encryption/EncryptionServiceProvider->{closure:Illuminate/Encryption/EncryptionServiceProvider::registerEncrypter():29}(Object(Illuminate/Foundation/Application), Array)
#5 E:/CooperativeTraining/web/vendor/laravel/framework/src/Illuminate/Container/Container.php(939): Illuminate/Container/Container->build(Object(Closure))
#6 E:/CooperativeTraining/web/vendor/laravel/framework/src/Illuminate/Foundation/Application.php(1085): Illuminate/Container/Container->resolve('encrypter', Array, true)
#7 E:/CooperativeTraining/web/vendor/laravel/framework/src/Illuminate/Container/Container.php(867): Illuminate/Foundation/Application->resolve('encrypter', Array)
#8 E:/CooperativeTraining/web/vendor/laravel/framework/src/Illuminate/Foundation/Application.php(1065): Illuminate/Container/Container->make('encrypter', Array)
#9 E:/CooperativeTraining/web/vendor/laravel/framework/src/Illuminate/Container/Container.php(1361): Illuminate/Foundation/Application->make('encrypter')
#10 E:/CooperativeTraining/web/vendor/laravel/framework/src/Illuminate/Container/Container.php(1262): Illuminate/Container/Container->resolveClass(Object(ReflectionParameter), 'Illuminate//Cont...')
#11 E:/CooperativeTraining/web/vendor/laravel/framework/src/Illuminate/Container/Container.php(1187): Illuminate/Container/Container->resolveDependencies(Array)
#12 E:/CooperativeTraining/web/vendor/laravel/framework/src/Illuminate/Container/Container.php(939): Illuminate/Container/Container->build('Illuminate//Cook...')
#13 E:/CooperativeTraining/web/vendor/laravel/framework/src/Illuminate/Foundation/Application.php(1085): Illuminate/Container/Container->resolve('Illuminate//Cook...', Array, true)
#14 E:/CooperativeTraining/web/vendor/laravel/framework/src/Illuminate/Container/Container.php(867): Illuminate/Foundation/Application->resolve('Illuminate//Cook...', Array)
#15 E:/CooperativeTraining/web/vendor/laravel/framework/src/Illuminate/Foundation/Application.php(1065): Illuminate/Container/Container->make('Illuminate//Cook...', Array)
#16 E:/CooperativeTraining/web/vendor/laravel/framework/src/Illuminate/Pipeline/Pipeline.php(208): Illuminate/Foundation/Application->make('Illuminate//Cook...')
#17 E:/CooperativeTraining/web/vendor/laravel/framework/src/Illuminate/Pipeline/Pipeline.php(137): Illuminate/Pipeline/Pipeline->{closure:{closure:Illuminate/Pipeline/Pipeline::carry():194}:195}(Object(Illuminate/Http/Request))
#18 E:/CooperativeTraining/web/vendor/laravel/framework/src/Illuminate/Routing/Router.php(821): Illuminate/Pipeline/Pipeline->then(Object(Closure))
#19 E:/CooperativeTraining/web/vendor/laravel/framework/src/Illuminate/Routing/Router.php(800): Illuminate/Routing/Router->runRouteWithinStack(Object(Illuminate/Routing/Route), Object(Illuminate/Http/Request))
#20 E:/CooperativeTraining/web/vendor/laravel/framework/src/Illuminate/Routing/Router.php(764): Illuminate/Routing/Router->runRoute(Object(Illuminate/Http/Request), Object(Illuminate/Routing/Route))
#21 E:/CooperativeTraining/web/vendor/laravel/framework/src/Illuminate/Routing/Router.php(753): Illuminate/Routing/Router->dispatchToRoute(Object(Illuminate/Http/Request))
#22 E:/CooperativeTraining/web/vendor/laravel/framework/src/Illuminate/Foundation/Http/Kernel.php(200): Illuminate/Routing/Router->dispatch(Object(Illuminate/Http/Request))
#23 E:/CooperativeTraining/web/vendor/laravel/framework/src/Illuminate/Pipeline/Pipeline.php(180): Illuminate/Foundation/Http/Kernel->{closure:Illuminate/Foundation/Http/Kernel::dispatchToRouter():197}(Object(Illuminate/Http/Request))
#24 E:/CooperativeTraining/web/vendor/livewire/livewire/src/Features/SupportDisablingBackButtonCache/DisableBackButtonCacheMiddleware.php(19): Illuminate/Pipeline/Pipeline->{closure:Illuminate/Pipeline/Pipeline::prepareDestination():178}(Object(Illuminate/Http/Request))
#25 E:/CooperativeTraining/web/vendor/laravel/framework/src/Illuminate/Pipeline/Pipeline.php(219): Livewire/Features/SupportDisablingBackButtonCache/DisableBackButtonCacheMiddleware->handle(Object(Illuminate/Http/Request), Object(Closure))
#26 E:/CooperativeTraining/web/vendor/laravel/framework/src/Illuminate/Foundation/Http/Middleware/TransformsRequest.php(21): Illuminate/Pipeline/Pipeline->{closure:{closure:Illuminate/Pipeline/Pipeline::carry():194}:195}(Object(Illuminate/Http/Request))
#27 E:/CooperativeTraining/web/vendor/laravel/framework/src/Illuminate/Foundation/Http/Middleware/ConvertEmptyStringsToNull.php(31): Illuminate/Foundation/Http/Middleware/TransformsRequest->handle(Object(Illuminate/Http/Request), Object(Closure))
#28 E:/CooperativeTraining/web/vendor/laravel/framework/src/Illuminate/Pipeline/Pipeline.php(219): Illuminate/Foundation/Http/Middleware/ConvertEmptyStringsToNull->handle(Object(Illuminate/Http/Request), Object(Closure))
#29 E:/CooperativeTraining/web/vendor/laravel/framework/src/Illuminate/Foundation/Http/Middleware/TransformsRequest.php(21): Illuminate/Pipeline/Pipeline->{closure:{closure:Illuminate/Pipeline/Pipeline::carry():194}:195}(Object(Illuminate/Http/Request))
#30 E:/CooperativeTraining/web/vendor/laravel/framework/src/Illuminate/Foundation/Http/Middleware/TrimStrings.php(51): Illuminate/Foundation/Http/Middleware/TransformsRequest->handle(Object(Illuminate/Http/Request), Object(Closure))
#31 E:/CooperativeTraining/web/vendor/laravel/framework/src/Illuminate/Pipeline/Pipeline.php(219): Illuminate/Foundation/Http/Middleware/TrimStrings->handle(Object(Illuminate/Http/Request), Object(Closure))
#32 E:/CooperativeTraining/web/vendor/laravel/framework/src/Illuminate/Http/Middleware/ValidatePostSize.php(27): Illuminate/Pipeline/Pipeline->{closure:{closure:Illuminate/Pipeline/Pipeline::carry():194}:195}(Object(Illuminate/Http/Request))
#33 E:/CooperativeTraining/web/vendor/laravel/framework/src/Illuminate/Pipeline/Pipeline.php(219): Illuminate/Http/Middleware/ValidatePostSize->handle(Object(Illuminate/Http/Request), Object(Closure))
#34 E:/CooperativeTraining/web/vendor/laravel/framework/src/Illuminate/Foundation/Http/Middleware/PreventRequestsDuringMaintenance.php(110): Illuminate/Pipeline/Pipeline->{closure:{closure:Illuminate/Pipeline/Pipeline::carry():194}:195}(Object(Illuminate/Http/Request))
#35 E:/CooperativeTraining/web/vendor/laravel/framework/src/Illuminate/Pipeline/Pipeline.php(219): Illuminate/Foundation/Http/Middleware/PreventRequestsDuringMaintenance->handle(Object(Illuminate/Http/Request), Object(Closure))
#36 E:/CooperativeTraining/web/vendor/laravel/framework/src/Illuminate/Http/Middleware/HandleCors.php(61): Illuminate/Pipeline/Pipeline->{closure:{closure:Illuminate/Pipeline/Pipeline::carry():194}:195}(Object(Illuminate/Http/Request))
#37 E:/CooperativeTraining/web/vendor/laravel/framework/src/Illuminate/Pipeline/Pipeline.php(219): Illuminate/Http/Middleware/HandleCors->handle(Object(Illuminate/Http/Request), Object(Closure))
#38 E:/CooperativeTraining/web/vendor/laravel/framework/src/Illuminate/Http/Middleware/TrustProxies.php(58): Illuminate/Pipeline/Pipeline->{closure:{closure:Illuminate/Pipeline/Pipeline::carry():194}:195}(Object(Illuminate/Http/Request))
#39 E:/CooperativeTraining/web/vendor/laravel/framework/src/Illuminate/Pipeline/Pipeline.php(219): Illuminate/Http/Middleware/TrustProxies->handle(Object(Illuminate/Http/Request), Object(Closure))
#40 E:/CooperativeTraining/web/vendor/laravel/framework/src/Illuminate/Foundation/Http/Middleware/InvokeDeferredCallbacks.php(22): Illuminate/Pipeline/Pipeline->{closure:{closure:Illuminate/Pipeline/Pipeline::carry():194}:195}(Object(Illuminate/Http/Request))
#41 E:/CooperativeTraining/web/vendor/laravel/framework/src/Illuminate/Pipeline/Pipeline.php(219): Illuminate/Foundation/Http/Middleware/InvokeDeferredCallbacks->handle(Object(Illuminate/Http/Request), Object(Closure))
#42 E:/CooperativeTraining/web/vendor/laravel/framework/src/Illuminate/Http/Middleware/ValidatePathEncoding.php(28): Illuminate/Pipeline/Pipeline->{closure:{closure:Illuminate/Pipeline/Pipeline::carry():194}:195}(Object(Illuminate/Http/Request))
#43 E:/CooperativeTraining/web/vendor/laravel/framework/src/Illuminate/Pipeline/Pipeline.php(219): Illuminate/Http/Middleware/ValidatePathEncoding->handle(Object(Illuminate/Http/Request), Object(Closure))
#44 E:/CooperativeTraining/web/vendor/laravel/framework/src/Illuminate/Pipeline/Pipeline.php(137): Illuminate/Pipeline/Pipeline->{closure:{closure:Illuminate/Pipeline/Pipeline::carry():194}:195}(Object(Illuminate/Http/Request))
#45 E:/CooperativeTraining/web/vendor/laravel/framework/src/Illuminate/Foundation/Http/Kernel.php(175): Illuminate/Pipeline/Pipeline->then(Object(Closure))
#46 E:/CooperativeTraining/web/vendor/laravel/framework/src/Illuminate/Foundation/Http/Kernel.php(144): Illuminate/Foundation/Http/Kernel->sendRequestThroughRouter(Object(Illuminate/Http/Request))
#47 E:/CooperativeTraining/web/vendor/laravel/framework/src/Illuminate/Foundation/Testing/Concerns/MakesHttpRequests.php(638): Illuminate/Foundation/Http/Kernel->handle(Object(Illuminate/Http/Request))
#48 E:/CooperativeTraining/web/vendor/laravel/framework/src/Illuminate/Foundation/Testing/Concerns/MakesHttpRequests.php(397): Illuminate/Foundation/Testing/TestCase->call('POST', 'http://localhos...', Array, Array, Array, Array)
#49 E:/CooperativeTraining/web/tests/Feature/Auth/AuthenticationTest.php(25): Illuminate/Foundation/Testing/TestCase->post('http://localhos...', Array)
#50 E:/CooperativeTraining/web/vendor/phpunit/phpunit/src/Framework/TestCase.php(1318): Tests/Feature/Auth/AuthenticationTest->test_users_can_authenticate_using_the_login_screen()
#51 E:/CooperativeTraining/web/vendor/phpunit/phpunit/src/Framework/TestCase.php(1355): PHPUnit/Framework/TestCase->invokeTestMethod('test_users_can_...', Array)
#52 E:/CooperativeTraining/web/vendor/phpunit/phpunit/src/Framework/TestCase.php(521): PHPUnit/Framework/TestCase->runTest()
#53 E:/CooperativeTraining/web/vendor/phpunit/phpunit/src/Framework/TestRunner/TestRunner.php(99): PHPUnit/Framework/TestCase->runBare()
#54 E:/CooperativeTraining/web/vendor/phpunit/phpunit/src/Framework/TestCase.php(361): PHPUnit/Framework/TestRunner->run(Object(Tests/Feature/Auth/AuthenticationTest))
#55 E:/CooperativeTraining/web/vendor/phpunit/phpunit/src/Framework/TestSuite.php(374): PHPUnit/Framework/TestCase->run()
#56 E:/CooperativeTraining/web/vendor/phpunit/phpunit/src/Framework/TestSuite.php(374): PHPUnit/Framework/TestSuite->run()
#57 E:/CooperativeTraining/web/vendor/phpunit/phpunit/src/Framework/TestSuite.php(374): PHPUnit/Framework/TestSuite->run()
#58 E:/CooperativeTraining/web/vendor/phpunit/phpunit/src/TextUI/TestRunner.php(64): PHPUnit/Framework/TestSuite->run()
#59 E:/CooperativeTraining/web/vendor/phpunit/phpunit/src/TextUI/Application.php(229): PHPUnit/TextUI/TestRunner->run(Object(PHPUnit/TextUI/Configuration/Configuration), Object(PHPUnit/Runner/ResultCache/DefaultResultCache), Object(PHPUnit/Framework/TestSuite))
#60 E:/CooperativeTraining/web/vendor/phpunit/phpunit/phpunit(104): PHPUnit/TextUI/Application->run(Array)
#61 {main}
"} 
[2026-09-02 22:18:54] testing.ERROR: No application encryption key has been specified. {"exception":"[object] (Illuminate\\Encryption\\MissingAppKeyException(code: 0): No application encryption key has been specified. at E:/CooperativeTraining/web/vendor/laravel/framework/src/Illuminate/Encryption/EncryptionServiceProvider.php:83)
[stacktrace]
#0 E:/CooperativeTraining/web/vendor/laravel/framework/src/Illuminate/Support/helpers.php(393): Illuminate/Encryption/EncryptionServiceProvider->{closure:Illuminate/Encryption/EncryptionServiceProvider::key():81}('')
#1 E:/CooperativeTraining/web/vendor/laravel/framework/src/Illuminate/Encryption/EncryptionServiceProvider.php(81): tap('', Object(Closure))
#2 E:/CooperativeTraining/web/vendor/laravel/framework/src/Illuminate/Encryption/EncryptionServiceProvider.php(64): Illuminate/Encryption/EncryptionServiceProvider->key(Array)
#3 E:/CooperativeTraining/web/vendor/laravel/framework/src/Illuminate/Encryption/EncryptionServiceProvider.php(32): Illuminate/Encryption/EncryptionServiceProvider->parseKey(Array)
#4 E:/CooperativeTraining/web/vendor/laravel/framework/src/Illuminate/Container/Container.php(1140): Illuminate/Encryption/EncryptionServiceProvider->{closure:Illuminate/Encryption/EncryptionServiceProvider::registerEncrypter():29}(Object(Illuminate/Foundation/Application), Array)
#5 E:/CooperativeTraining/web/vendor/laravel/framework/src/Illuminate/Container/Container.php(939): Illuminate/Container/Container->build(Object(Closure))
#6 E:/CooperativeTraining/web/vendor/laravel/framework/src/Illuminate/Foundation/Application.php(1085): Illuminate/Container/Container->resolve('encrypter', Array, true)
#7 E:/CooperativeTraining/web/vendor/laravel/framework/src/Illuminate/Container/Container.php(867): Illuminate/Foundation/Application->resolve('encrypter', Array)
#8 E:/CooperativeTraining/web/vendor/laravel/framework/src/Illuminate/Foundation/Application.php(1065): Illuminate/Container/Container->make('encrypter', Array)
#9 E:/CooperativeTraining/web/vendor/laravel/framework/src/Illuminate/Container/Container.php(1361): Illuminate/Foundation/Application->make('encrypter')
#10 E:/CooperativeTraining/web/vendor/laravel/framework/src/Illuminate/Container/Container.php(1262): Illuminate/Container/Container->resolveClass(Object(ReflectionParameter), 'Illuminate//Cont...')
#11 E:/CooperativeTraining/web/vendor/laravel/framework/src/Illuminate/Container/Container.php(1187): Illuminate/Container/Container->resolveDependencies(Array)
#12 E:/CooperativeTraining/web/vendor/laravel/framework/src/Illuminate/Container/Container.php(939): Illuminate/Container/Container->build('Illuminate//Cook...')
#13 E:/CooperativeTraining/web/vendor/laravel/framework/src/Illuminate/Foundation/Application.php(1085): Illuminate/Container/Container->resolve('Illuminate//Cook...', Array, true)
#14 E:/CooperativeTraining/web/vendor/laravel/framework/src/Illuminate/Container/Container.php(867): Illuminate/Foundation/Application->resolve('Illuminate//Cook...', Array)
#15 E:/CooperativeTraining/web/vendor/laravel/framework/src/Illuminate/Foundation/Application.php(1065): Illuminate/Container/Container->make('Illuminate//Cook...', Array)
#16 E:/CooperativeTraining/web/vendor/laravel/framework/src/Illuminate/Pipeline/Pipeline.php(208): Illuminate/Foundation/Application->make('Illuminate//Cook...')
#17 E:/CooperativeTraining/web/vendor/laravel/framework/src/Illuminate/Pipeline/Pipeline.php(137): Illuminate/Pipeline/Pipeline->{closure:{closure:Illuminate/Pipeline/Pipeline::carry():194}:195}(Object(Illuminate/Http/Request))
#18 E:/CooperativeTraining/web/vendor/laravel/framework/src/Illuminate/Routing/Router.php(821): Illuminate/Pipeline/Pipeline->then(Object(Closure))
#19 E:/CooperativeTraining/web/vendor/laravel/framework/src/Illuminate/Routing/Router.php(800): Illuminate/Routing/Router->runRouteWithinStack(Object(Illuminate/Routing/Route), Object(Illuminate/Http/Request))
#20 E:/CooperativeTraining/web/vendor/laravel/framework/src/Illuminate/Routing/Router.php(764): Illuminate/Routing/Router->runRoute(Object(Illuminate/Http/Request), Object(Illuminate/Routing/Route))
#21 E:/CooperativeTraining/web/vendor/laravel/framework/src/Illuminate/Routing/Router.php(753): Illuminate/Routing/Router->dispatchToRoute(Object(Illuminate/Http/Request))
#22 E:/CooperativeTraining/web/vendor/laravel/framework/src/Illuminate/Foundation/Http/Kernel.php(200): Illuminate/Routing/Router->dispatch(Object(Illuminate/Http/Request))
#23 E:/CooperativeTraining/web/vendor/laravel/framework/src/Illuminate/Pipeline/Pipeline.php(180): Illuminate/Foundation/Http/Kernel->{closure:Illuminate/Foundation/Http/Kernel::dispatchToRouter():197}(Object(Illuminate/Http/Request))
#24 E:/CooperativeTraining/web/vendor/livewire/livewire/src/Features/SupportDisablingBackButtonCache/DisableBackButtonCacheMiddleware.php(19): Illuminate/Pipeline/Pipeline->{closure:Illuminate/Pipeline/Pipeline::prepareDestination():178}(Object(Illuminate/Http/Request))
#25 E:/CooperativeTraining/web/vendor/laravel/framework/src/Illuminate/Pipeline/Pipeline.php(219): Livewire/Features/SupportDisablingBackButtonCache/DisableBackButtonCacheMiddleware->handle(Object(Illuminate/Http/Request), Object(Closure))
#26 E:/CooperativeTraining/web/vendor/laravel/framework/src/Illuminate/Foundation/Http/Middleware/TransformsRequest.php(21): Illuminate/Pipeline/Pipeline->{closure:{closure:Illuminate/Pipeline/Pipeline::carry():194}:195}(Object(Illuminate/Http/Request))
#27 E:/CooperativeTraining/web/vendor/laravel/framework/src/Illuminate/Foundation/Http/Middleware/ConvertEmptyStringsToNull.php(31): Illuminate/Foundation/Http/Middleware/TransformsRequest->handle(Object(Illuminate/Http/Request), Object(Closure))
#28 E:/CooperativeTraining/web/vendor/laravel/framework/src/Illuminate/Pipeline/Pipeline.php(219): Illuminate/Foundation/Http/Middleware/ConvertEmptyStringsToNull->handle(Object(Illuminate/Http/Request), Object(Closure))
#29 E:/CooperativeTraining/web/vendor/laravel/framework/src/Illuminate/Foundation/Http/Middleware/TransformsRequest.php(21): Illuminate/Pipeline/Pipeline->{closure:{closure:Illuminate/Pipeline/Pipeline::carry():194}:195}(Object(Illuminate/Http/Request))
#30 E:/CooperativeTraining/web/vendor/laravel/framework/src/Illuminate/Foundation/Http/Middleware/TrimStrings.php(51): Illuminate/Foundation/Http/Middleware/TransformsRequest->handle(Object(Illuminate/Http/Request), Object(Closure))
#31 E:/CooperativeTraining/web/vendor/laravel/framework/src/Illuminate/Pipeline/Pipeline.php(219): Illuminate/Foundation/Http/Middleware/TrimStrings->handle(Object(Illuminate/Http/Request), Object(Closure))
#32 E:/CooperativeTraining/web/vendor/laravel/framework/src/Illuminate/Http/Middleware/ValidatePostSize.php(27): Illuminate/Pipeline/Pipeline->{closure:{closure:Illuminate/Pipeline/Pipeline::carry():194}:195}(Object(Illuminate/Http/Request))
#33 E:/CooperativeTraining/web/vendor/laravel/framework/src/Illuminate/Pipeline/Pipeline.php(219): Illuminate/Http/Middleware/ValidatePostSize->handle(Object(Illuminate/Http/Request), Object(Closure))
#34 E:/CooperativeTraining/web/vendor/laravel/framework/src/Illuminate/Foundation/Http/Middleware/PreventRequestsDuringMaintenance.php(110): Illuminate/Pipeline/Pipeline->{closure:{closure:Illuminate/Pipeline/Pipeline::carry():194}:195}(Object(Illuminate/Http/Request))
#35 E:/CooperativeTraining/web/vendor/laravel/framework/src/Illuminate/Pipeline/Pipeline.php(219): Illuminate/Foundation/Http/Middleware/PreventRequestsDuringMaintenance->handle(Object(Illuminate/Http/Request), Object(Closure))
#36 E:/CooperativeTraining/web/vendor/laravel/framework/src/Illuminate/Http/Middleware/HandleCors.php(61): Illuminate/Pipeline/Pipeline->{closure:{closure:Illuminate/Pipeline/Pipeline::carry():194}:195}(Object(Illuminate/Http/Request))
#37 E:/CooperativeTraining/web/vendor/laravel/framework/src/Illuminate/Pipeline/Pipeline.php(219): Illuminate/Http/Middleware/HandleCors->handle(Object(Illuminate/Http/Request), Object(Closure))
#38 E:/CooperativeTraining/web/vendor/laravel/framework/src/Illuminate/Http/Middleware/TrustProxies.php(58): Illuminate/Pipeline/Pipeline->{closure:{closure:Illuminate/Pipeline/Pipeline::carry():194}:195}(Object(Illuminate/Http/Request))
#39 E:/CooperativeTraining/web/vendor/laravel/framework/src/Illuminate/Pipeline/Pipeline.php(219): Illuminate/Http/Middleware/TrustProxies->handle(Object(Illuminate/Http/Request), Object(Closure))
#40 E:/CooperativeTraining/web/vendor/laravel/framework/src/Illuminate/Foundation/Http/Middleware/InvokeDeferredCallbacks.php(22): Illuminate/Pipeline/Pipeline->{closure:{closure:Illuminate/Pipeline/Pipeline::carry():194}:195}(Object(Illuminate/Http/Request))
#41 E:/CooperativeTraining/web/vendor/laravel/framework/src/Illuminate/Pipeline/Pipeline.php(219): Illuminate/Foundation/Http/Middleware/InvokeDeferredCallbacks->handle(Object(Illuminate/Http/Request), Object(Closure))
#42 E:/CooperativeTraining/web/vendor/laravel/framework/src/Illuminate/Http/Middleware/ValidatePathEncoding.php(28): Illuminate/Pipeline/Pipeline->{closure:{closure:Illuminate/Pipeline/Pipeline::carry():194}:195}(Object(Illuminate/Http/Request))
#43 E:/CooperativeTraining/web/vendor/laravel/framework/src/Illuminate/Pipeline/Pipeline.php(219): Illuminate/Http/Middleware/ValidatePathEncoding->handle(Object(Illuminate/Http/Request), Object(Closure))
#44 E:/CooperativeTraining/web/vendor/laravel/framework/src/Illuminate/Pipeline/Pipeline.php(137): Illuminate/Pipeline/Pipeline->{closure:{closure:Illuminate/Pipeline/Pipeline::carry():194}:195}(Object(Illuminate/Http/Request))
#45 E:/CooperativeTraining/web/vendor/laravel/framework/src/Illuminate/Foundation/Http/Kernel.php(175): Illuminate/Pipeline/Pipeline->then(Object(Closure))
#46 E:/CooperativeTraining/web/vendor/laravel/framework/src/Illuminate/Foundation/Http/Kernel.php(144): Illuminate/Foundation/Http/Kernel->sendRequestThroughRouter(Object(Illuminate/Http/Request))
#47 E:/CooperativeTraining/web/vendor/laravel/framework/src/Illuminate/Foundation/Testing/Concerns/MakesHttpRequests.php(638): Illuminate/Foundation/Http/Kernel->handle(Object(Illuminate/Http/Request))
#48 E:/CooperativeTraining/web/vendor/laravel/framework/src/Illuminate/Foundation/Testing/Concerns/MakesHttpRequests.php(397): Illuminate/Foundation/Testing/TestCase->call('POST', 'http://localhos...', Array, Array, Array, Array)
#49 E:/CooperativeTraining/web/tests/Feature/Auth/AuthenticationTest.php(41): Illuminate/Foundation/Testing/TestCase->post('http://localhos...', Array)
#50 E:/CooperativeTraining/web/vendor/phpunit/phpunit/src/Framework/TestCase.php(1318): Tests/Feature/Auth/AuthenticationTest->test_users_can_not_authenticate_with_invalid_password()
#51 E:/CooperativeTraining/web/vendor/phpunit/phpunit/src/Framework/TestCase.php(1355): PHPUnit/Framework/TestCase->invokeTestMethod('test_users_can_...', Array)
#52 E:/CooperativeTraining/web/vendor/phpunit/phpunit/src/Framework/TestCase.php(521): PHPUnit/Framework/TestCase->runTest()
#53 E:/CooperativeTraining/web/vendor/phpunit/phpunit/src/Framework/TestRunner/TestRunner.php(99): PHPUnit/Framework/TestCase->runBare()
#54 E:/CooperativeTraining/web/vendor/phpunit/phpunit/src/Framework/TestCase.php(361): PHPUnit/Framework/TestRunner->run(Object(Tests/Feature/Auth/AuthenticationTest))
#55 E:/CooperativeTraining/web/vendor/phpunit/phpunit/src/Framework/TestSuite.php(374): PHPUnit/Framework/TestCase->run()
#56 E:/CooperativeTraining/web/vendor/phpunit/phpunit/src/Framework/TestSuite.php(374): PHPUnit/Framework/TestSuite->run()
#57 E:/CooperativeTraining/web/vendor/phpunit/phpunit/src/Framework/TestSuite.php(374): PHPUnit/Framework/TestSuite->run()
#58 E:/CooperativeTraining/web/vendor/phpunit/phpunit/src/TextUI/TestRunner.php(64): PHPUnit/Framework/TestSuite->run()
#59 E:/CooperativeTraining/web/vendor/phpunit/phpunit/src/TextUI/Application.php(229): PHPUnit/TextUI/TestRunner->run(Object(PHPUnit/TextUI/Configuration/Configuration), Object(PHPUnit/Runner/ResultCache/DefaultResultCache), Object(PHPUnit/Framework/TestSuite))
#60 E:/CooperativeTraining/web/vendor/phpunit/phpunit/phpunit(104): PHPUnit/TextUI/Application->run(Array)
#61 {main}
"} 
[2026-09-02 22:18:54] testing.ERROR: No application encryption key has been specified. {"userId":1,"exception":"[object] (Illuminate\\Encryption\\MissingAppKeyException(code: 0): No application encryption key has been specified. at E:/CooperativeTraining/web/vendor/laravel/framework/src/Illuminate/Encryption/EncryptionServiceProvider.php:83)
[stacktrace]
#0 E:/CooperativeTraining/web/vendor/laravel/framework/src/Illuminate/Support/helpers.php(393): Illuminate/Encryption/EncryptionServiceProvider->{closure:Illuminate/Encryption/EncryptionServiceProvider::key():81}('')
#1 E:/CooperativeTraining/web/vendor/laravel/framework/src/Illuminate/Encryption/EncryptionServiceProvider.php(81): tap('', Object(Closure))
#2 E:/CooperativeTraining/web/vendor/laravel/framework/src/Illuminate/Encryption/EncryptionServiceProvider.php(64): Illuminate/Encryption/EncryptionServiceProvider->key(Array)
#3 E:/CooperativeTraining/web/vendor/laravel/framework/src/Illuminate/Encryption/EncryptionServiceProvider.php(32): Illuminate/Encryption/EncryptionServiceProvider->parseKey(Array)
#4 E:/CooperativeTraining/web/vendor/laravel/framework/src/Illuminate/Container/Container.php(1140): Illuminate/Encryption/EncryptionServiceProvider->{closure:Illuminate/Encryption/EncryptionServiceProvider::registerEncrypter():29}(Object(Illuminate/Foundation/Application), Array)
#5 E:/CooperativeTraining/web/vendor/laravel/framework/src/Illuminate/Container/Container.php(939): Illuminate/Container/Container->build(Object(Closure))
#6 E:/CooperativeTraining/web/vendor/laravel/framework/src/Illuminate/Foundation/Application.php(1085): Illuminate/Container/Container->resolve('encrypter', Array, true)
#7 E:/CooperativeTraining/web/vendor/laravel/framework/src/Illuminate/Container/Container.php(867): Illuminate/Foundation/Application->resolve('encrypter', Array)
#8 E:/CooperativeTraining/web/vendor/laravel/framework/src/Illuminate/Foundation/Application.php(1065): Illuminate/Container/Container->make('encrypter', Array)
#9 E:/CooperativeTraining/web/vendor/laravel/framework/src/Illuminate/Container/Container.php(1361): Illuminate/Foundation/Application->make('encrypter')
#10 E:/CooperativeTraining/web/vendor/laravel/framework/src/Illuminate/Container/Container.php(1262): Illuminate/Container/Container->resolveClass(Object(ReflectionParameter), 'Illuminate//Cont...')
#11 E:/CooperativeTraining/web/vendor/laravel/framework/src/Illuminate/Container/Container.php(1187): Illuminate/Container/Container->resolveDependencies(Array)
#12 E:/CooperativeTraining/web/vendor/laravel/framework/src/Illuminate/Container/Container.php(939): Illuminate/Container/Container->build('Illuminate//Cook...')
#13 E:/CooperativeTraining/web/vendor/laravel/framework/src/Illuminate/Foundation/Application.php(1085): Illuminate/Container/Container->resolve('Illuminate//Cook...', Array, true)
#14 E:/CooperativeTraining/web/vendor/laravel/framework/src/Illuminate/Container/Container.php(867): Illuminate/Foundation/Application->resolve('Illuminate//Cook...', Array)
#15 E:/CooperativeTraining/web/vendor/laravel/framework/src/Illuminate/Foundation/Application.php(1065): Illuminate/Container/Container->make('Illuminate//Cook...', Array)
#16 E:/CooperativeTraining/web/vendor/laravel/framework/src/Illuminate/Pipeline/Pipeline.php(208): Illuminate/Foundation/Application->make('Illuminate//Cook...')
#17 E:/CooperativeTraining/web/vendor/laravel/framework/src/Illuminate/Pipeline/Pipeline.php(137): Illuminate/Pipeline/Pipeline->{closure:{closure:Illuminate/Pipeline/Pipeline::carry():194}:195}(Object(Illuminate/Http/Request))
#18 E:/CooperativeTraining/web/vendor/laravel/framework/src/Illuminate/Routing/Router.php(821): Illuminate/Pipeline/Pipeline->then(Object(Closure))
#19 E:/CooperativeTraining/web/vendor/laravel/framework/src/Illuminate/Routing/Router.php(800): Illuminate/Routing/Router->runRouteWithinStack(Object(Illuminate/Routing/Route), Object(Illuminate/Http/Request))
#20 E:/CooperativeTraining/web/vendor/laravel/framework/src/Illuminate/Routing/Router.php(764): Illuminate/Routing/Router->runRoute(Object(Illuminate/Http/Request), Object(Illuminate/Routing/Route))
#21 E:/CooperativeTraining/web/vendor/laravel/framework/src/Illuminate/Routing/Router.php(753): Illuminate/Routing/Router->dispatchToRoute(Object(Illuminate/Http/Request))
#22 E:/CooperativeTraining/web/vendor/laravel/framework/src/Illuminate/Foundation/Http/Kernel.php(200): Illuminate/Routing/Router->dispatch(Object(Illuminate/Http/Request))
#23 E:/CooperativeTraining/web/vendor/laravel/framework/src/Illuminate/Pipeline/Pipeline.php(180): Illuminate/Foundation/Http/Kernel->{closure:Illuminate/Foundation/Http/Kernel::dispatchToRouter():197}(Object(Illuminate/Http/Request))
#24 E:/CooperativeTraining/web/vendor/livewire/livewire/src/Features/SupportDisablingBackButtonCache/DisableBackButtonCacheMiddleware.php(19): Illuminate/Pipeline/Pipeline->{closure:Illuminate/Pipeline/Pipeline::prepareDestination():178}(Object(Illuminate/Http/Request))
#25 E:/CooperativeTraining/web/vendor/laravel/framework/src/Illuminate/Pipeline/Pipeline.php(219): Livewire/Features/SupportDisablingBackButtonCache/DisableBackButtonCacheMiddleware->handle(Object(Illuminate/Http/Request), Object(Closure))
#26 E:/CooperativeTraining/web/vendor/laravel/framework/src/Illuminate/Foundation/Http/Middleware/TransformsRequest.php(21): Illuminate/Pipeline/Pipeline->{closure:{closure:Illuminate/Pipeline/Pipeline::carry():194}:195}(Object(Illuminate/Http/Request))
#27 E:/CooperativeTraining/web/vendor/laravel/framework/src/Illuminate/Foundation/Http/Middleware/ConvertEmptyStringsToNull.php(31): Illuminate/Foundation/Http/Middleware/TransformsRequest->handle(Object(Illuminate/Http/Request), Object(Closure))
#28 E:/CooperativeTraining/web/vendor/laravel/framework/src/Illuminate/Pipeline/Pipeline.php(219): Illuminate/Foundation/Http/Middleware/ConvertEmptyStringsToNull->handle(Object(Illuminate/Http/Request), Object(Closure))
#29 E:/CooperativeTraining/web/vendor/laravel/framework/src/Illuminate/Foundation/Http/Middleware/TransformsRequest.php(21): Illuminate/Pipeline/Pipeline->{closure:{closure:Illuminate/Pipeline/Pipeline::carry():194}:195}(Object(Illuminate/Http/Request))
#30 E:/CooperativeTraining/web/vendor/laravel/framework/src/Illuminate/Foundation/Http/Middleware/TrimStrings.php(51): Illuminate/Foundation/Http/Middleware/TransformsRequest->handle(Object(Illuminate/Http/Request), Object(Closure))
#31 E:/CooperativeTraining/web/vendor/laravel/framework/src/Illuminate/Pipeline/Pipeline.php(219): Illuminate/Foundation/Http/Middleware/TrimStrings->handle(Object(Illuminate/Http/Request), Object(Closure))
#32 E:/CooperativeTraining/web/vendor/laravel/framework/src/Illuminate/Http/Middleware/ValidatePostSize.php(27): Illuminate/Pipeline/Pipeline->{closure:{closure:Illuminate/Pipeline/Pipeline::carry():194}:195}(Object(Illuminate/Http/Request))
#33 E:/CooperativeTraining/web/vendor/laravel/framework/src/Illuminate/Pipeline/Pipeline.php(219): Illuminate/Http/Middleware/ValidatePostSize->handle(Object(Illuminate/Http/Request), Object(Closure))
#34 E:/CooperativeTraining/web/vendor/laravel/framework/src/Illuminate/Foundation/Http/Middleware/PreventRequestsDuringMaintenance.php(110): Illuminate/Pipeline/Pipeline->{closure:{closure:Illuminate/Pipeline/Pipeline::carry():194}:195}(Object(Illuminate/Http/Request))
#35 E:/CooperativeTraining/web/vendor/laravel/framework/src/Illuminate/Pipeline/Pipeline.php(219): Illuminate/Foundation/Http/Middleware/PreventRequestsDuringMaintenance->handle(Object(Illuminate/Http/Request), Object(Closure))
#36 E:/CooperativeTraining/web/vendor/laravel/framework/src/Illuminate/Http/Middleware/HandleCors.php(61): Illuminate/Pipeline/Pipeline->{closure:{closure:Illuminate/Pipeline/Pipeline::carry():194}:195}(Object(Illuminate/Http/Request))
#37 E:/CooperativeTraining/web/vendor/laravel/framework/src/Illuminate/Pipeline/Pipeline.php(219): Illuminate/Http/Middleware/HandleCors->handle(Object(Illuminate/Http/Request), Object(Closure))
#38 E:/CooperativeTraining/web/vendor/laravel/framework/src/Illuminate/Http/Middleware/TrustProxies.php(58): Illuminate/Pipeline/Pipeline->{closure:{closure:Illuminate/Pipeline/Pipeline::carry():194}:195}(Object(Illuminate/Http/Request))
#39 E:/CooperativeTraining/web/vendor/laravel/framework/src/Illuminate/Pipeline/Pipeline.php(219): Illuminate/Http/Middleware/TrustProxies->handle(Object(Illuminate/Http/Request), Object(Closure))
#40 E:/CooperativeTraining/web/vendor/laravel/framework/src/Illuminate/Foundation/Http/Middleware/InvokeDeferredCallbacks.php(22): Illuminate/Pipeline/Pipeline->{closure:{closure:Illuminate/Pipeline/Pipeline::carry():194}:195}(Object(Illuminate/Http/Request))
#41 E:/CooperativeTraining/web/vendor/laravel/framework/src/Illuminate/Pipeline/Pipeline.php(219): Illuminate/Foundation/Http/Middleware/InvokeDeferredCallbacks->handle(Object(Illuminate/Http/Request), Object(Closure))
#42 E:/CooperativeTraining/web/vendor/laravel/framework/src/Illuminate/Http/Middleware/ValidatePathEncoding.php(28): Illuminate/Pipeline/Pipeline->{closure:{closure:Illuminate/Pipeline/Pipeline::carry():194}:195}(Object(Illuminate/Http/Request))
#43 E:/CooperativeTraining/web/vendor/laravel/framework/src/Illuminate/Pipeline/Pipeline.php(219): Illuminate/Http/Middleware/ValidatePathEncoding->handle(Object(Illuminate/Http/Request), Object(Closure))
#44 E:/CooperativeTraining/web/vendor/laravel/framework/src/Illuminate/Pipeline/Pipeline.php(137): Illuminate/Pipeline/Pipeline->{closure:{closure:Illuminate/Pipeline/Pipeline::carry():194}:195}(Object(Illuminate/Http/Request))
#45 E:/CooperativeTraining/web/vendor/laravel/framework/src/Illuminate/Foundation/Http/Kernel.php(175): Illuminate/Pipeline/Pipeline->then(Object(Closure))
#46 E:/CooperativeTraining/web/vendor/laravel/framework/src/Illuminate/Foundation/Http/Kernel.php(144): Illuminate/Foundation/Http/Kernel->sendRequestThroughRouter(Object(Illuminate/Http/Request))
#47 E:/CooperativeTraining/web/vendor/laravel/framework/src/Illuminate/Foundation/Testing/Concerns/MakesHttpRequests.php(638): Illuminate/Foundation/Http/Kernel->handle(Object(Illuminate/Http/Request))
#48 E:/CooperativeTraining/web/vendor/laravel/framework/src/Illuminate/Foundation/Testing/Concerns/MakesHttpRequests.php(397): Illuminate/Foundation/Testing/TestCase->call('POST', 'http://localhos...', Array, Array, Array, Array)
#49 E:/CooperativeTraining/web/tests/Feature/Auth/AuthenticationTest.php(75): Illuminate/Foundation/Testing/TestCase->post('http://localhos...')
#50 E:/CooperativeTraining/web/vendor/phpunit/phpunit/src/Framework/TestCase.php(1318): Tests/Feature/Auth/AuthenticationTest->test_users_can_logout()
#51 E:/CooperativeTraining/web/vendor/phpunit/phpunit/src/Framework/TestCase.php(1355): PHPUnit/Framework/TestCase->invokeTestMethod('test_users_can_...', Array)
#52 E:/CooperativeTraining/web/vendor/phpunit/phpunit/src/Framework/TestCase.php(521): PHPUnit/Framework/TestCase->runTest()
#53 E:/CooperativeTraining/web/vendor/phpunit/phpunit/src/Framework/TestRunner/TestRunner.php(99): PHPUnit/Framework/TestCase->runBare()
#54 E:/CooperativeTraining/web/vendor/phpunit/phpunit/src/Framework/TestCase.php(361): PHPUnit/Framework/TestRunner->run(Object(Tests/Feature/Auth/AuthenticationTest))
#55 E:/CooperativeTraining/web/vendor/phpunit/phpunit/src/Framework/TestSuite.php(374): PHPUnit/Framework/TestCase->run()
#56 E:/CooperativeTraining/web/vendor/phpunit/phpunit/src/Framework/TestSuite.php(374): PHPUnit/Framework/TestSuite->run()
#57 E:/CooperativeTraining/web/vendor/phpunit/phpunit/src/Framework/TestSuite.php(374): PHPUnit/Framework/TestSuite->run()
#58 E:/CooperativeTraining/web/vendor/phpunit/phpunit/src/TextUI/TestRunner.php(64): PHPUnit/Framework/TestSuite->run()
#59 E:/CooperativeTraining/web/vendor/phpunit/phpunit/src/TextUI/Application.php(229): PHPUnit/TextUI/TestRunner->run(Object(PHPUnit/TextUI/Configuration/Configuration), Object(PHPUnit/Runner/ResultCache/DefaultResultCache), Object(PHPUnit/Framework/TestSuite))
#60 E:/CooperativeTraining/web/vendor/phpunit/phpunit/phpunit(104): PHPUnit/TextUI/Application->run(Array)
#61 {main}
"} 
[2026-09-02 22:18:54] testing.ERROR: No application encryption key has been specified. {"userId":1,"exception":"[object] (Illuminate\\Encryption\\MissingAppKeyException(code: 0): No application encryption key has been specified. at E:/CooperativeTraining/web/vendor/laravel/framework/src/Illuminate/Encryption/EncryptionServiceProvider.php:83)
[stacktrace]
#0 E:/CooperativeTraining/web/vendor/laravel/framework/src/Illuminate/Support/helpers.php(393): Illuminate/Encryption/EncryptionServiceProvider->{closure:Illuminate/Encryption/EncryptionServiceProvider::key():81}('')
#1 E:/CooperativeTraining/web/vendor/laravel/framework/src/Illuminate/Encryption/EncryptionServiceProvider.php(81): tap('', Object(Closure))
#2 E:/CooperativeTraining/web/vendor/laravel/framework/src/Illuminate/Encryption/EncryptionServiceProvider.php(64): Illuminate/Encryption/EncryptionServiceProvider->key(Array)
#3 E:/CooperativeTraining/web/vendor/laravel/framework/src/Illuminate/Encryption/EncryptionServiceProvider.php(32): Illuminate/Encryption/EncryptionServiceProvider->parseKey(Array)
#4 E:/CooperativeTraining/web/vendor/laravel/framework/src/Illuminate/Container/Container.php(1140): Illuminate/Encryption/EncryptionServiceProvider->{closure:Illuminate/Encryption/EncryptionServiceProvider::registerEncrypter():29}(Object(Illuminate/Foundation/Application), Array)
#5 E:/CooperativeTraining/web/vendor/laravel/framework/src/Illuminate/Container/Container.php(939): Illuminate/Container/Container->build(Object(Closure))
#6 E:/CooperativeTraining/web/vendor/laravel/framework/src/Illuminate/Foundation/Application.php(1085): Illuminate/Container/Container->resolve('encrypter', Array, true)
#7 E:/CooperativeTraining/web/vendor/laravel/framework/src/Illuminate/Container/Container.php(867): Illuminate/Foundation/Application->resolve('encrypter', Array)
#8 E:/CooperativeTraining/web/vendor/laravel/framework/src/Illuminate/Foundation/Application.php(1065): Illuminate/Container/Container->make('encrypter', Array)
#9 E:/CooperativeTraining/web/vendor/laravel/framework/src/Illuminate/Container/Container.php(1361): Illuminate/Foundation/Application->make('encrypter')
#10 E:/CooperativeTraining/web/vendor/laravel/framework/src/Illuminate/Container/Container.php(1262): Illuminate/Container/Container->resolveClass(Object(ReflectionParameter), 'Illuminate//Cont...')
#11 E:/CooperativeTraining/web/vendor/laravel/framework/src/Illuminate/Container/Container.php(1187): Illuminate/Container/Container->resolveDependencies(Array)
#12 E:/CooperativeTraining/web/vendor/laravel/framework/src/Illuminate/Container/Container.php(939): Illuminate/Container/Container->build('Illuminate//Cook...')
#13 E:/CooperativeTraining/web/vendor/laravel/framework/src/Illuminate/Foundation/Application.php(1085): Illuminate/Container/Container->resolve('Illuminate//Cook...', Array, true)
#14 E:/CooperativeTraining/web/vendor/laravel/framework/src/Illuminate/Container/Container.php(867): Illuminate/Foundation/Application->resolve('Illuminate//Cook...', Array)
#15 E:/CooperativeTraining/web/vendor/laravel/framework/src/Illuminate/Foundation/Application.php(1065): Illuminate/Container/Container->make('Illuminate//Cook...', Array)
#16 E:/CooperativeTraining/web/vendor/laravel/framework/src/Illuminate/Pipeline/Pipeline.php(208): Illuminate/Foundation/Application->make('Illuminate//Cook...')
#17 E:/CooperativeTraining/web/vendor/laravel/framework/src/Illuminate/Pipeline/Pipeline.php(137): Illuminate/Pipeline/Pipeline->{closure:{closure:Illuminate/Pipeline/Pipeline::carry():194}:195}(Object(Illuminate/Http/Request))
#18 E:/CooperativeTraining/web/vendor/laravel/framework/src/Illuminate/Routing/Router.php(821): Illuminate/Pipeline/Pipeline->then(Object(Closure))
#19 E:/CooperativeTraining/web/vendor/laravel/framework/src/Illuminate/Routing/Router.php(800): Illuminate/Routing/Router->runRouteWithinStack(Object(Illuminate/Routing/Route), Object(Illuminate/Http/Request))
#20 E:/CooperativeTraining/web/vendor/laravel/framework/src/Illuminate/Routing/Router.php(764): Illuminate/Routing/Router->runRoute(Object(Illuminate/Http/Request), Object(Illuminate/Routing/Route))
#21 E:/CooperativeTraining/web/vendor/laravel/framework/src/Illuminate/Routing/Router.php(753): Illuminate/Routing/Router->dispatchToRoute(Object(Illuminate/Http/Request))
#22 E:/CooperativeTraining/web/vendor/laravel/framework/src/Illuminate/Foundation/Http/Kernel.php(200): Illuminate/Routing/Router->dispatch(Object(Illuminate/Http/Request))
#23 E:/CooperativeTraining/web/vendor/laravel/framework/src/Illuminate/Pipeline/Pipeline.php(180): Illuminate/Foundation/Http/Kernel->{closure:Illuminate/Foundation/Http/Kernel::dispatchToRouter():197}(Object(Illuminate/Http/Request))
#24 E:/CooperativeTraining/web/vendor/livewire/livewire/src/Features/SupportDisablingBackButtonCache/DisableBackButtonCacheMiddleware.php(19): Illuminate/Pipeline/Pipeline->{closure:Illuminate/Pipeline/Pipeline::prepareDestination():178}(Object(Illuminate/Http/Request))
#25 E:/CooperativeTraining/web/vendor/laravel/framework/src/Illuminate/Pipeline/Pipeline.php(219): Livewire/Features/SupportDisablingBackButtonCache/DisableBackButtonCacheMiddleware->handle(Object(Illuminate/Http/Request), Object(Closure))
#26 E:/CooperativeTraining/web/vendor/laravel/framework/src/Illuminate/Foundation/Http/Middleware/TransformsRequest.php(21): Illuminate/Pipeline/Pipeline->{closure:{closure:Illuminate/Pipeline/Pipeline::carry():194}:195}(Object(Illuminate/Http/Request))
#27 E:/CooperativeTraining/web/vendor/laravel/framework/src/Illuminate/Foundation/Http/Middleware/ConvertEmptyStringsToNull.php(31): Illuminate/Foundation/Http/Middleware/TransformsRequest->handle(Object(Illuminate/Http/Request), Object(Closure))
#28 E:/CooperativeTraining/web/vendor/laravel/framework/src/Illuminate/Pipeline/Pipeline.php(219): Illuminate/Foundation/Http/Middleware/ConvertEmptyStringsToNull->handle(Object(Illuminate/Http/Request), Object(Closure))
#29 E:/CooperativeTraining/web/vendor/laravel/framework/src/Illuminate/Foundation/Http/Middleware/TransformsRequest.php(21): Illuminate/Pipeline/Pipeline->{closure:{closure:Illuminate/Pipeline/Pipeline::carry():194}:195}(Object(Illuminate/Http/Request))
#30 E:/CooperativeTraining/web/vendor/laravel/framework/src/Illuminate/Foundation/Http/Middleware/TrimStrings.php(51): Illuminate/Foundation/Http/Middleware/TransformsRequest->handle(Object(Illuminate/Http/Request), Object(Closure))
#31 E:/CooperativeTraining/web/vendor/laravel/framework/src/Illuminate/Pipeline/Pipeline.php(219): Illuminate/Foundation/Http/Middleware/TrimStrings->handle(Object(Illuminate/Http/Request), Object(Closure))
#32 E:/CooperativeTraining/web/vendor/laravel/framework/src/Illuminate/Http/Middleware/ValidatePostSize.php(27): Illuminate/Pipeline/Pipeline->{closure:{closure:Illuminate/Pipeline/Pipeline::carry():194}:195}(Object(Illuminate/Http/Request))
#33 E:/CooperativeTraining/web/vendor/laravel/framework/src/Illuminate/Pipeline/Pipeline.php(219): Illuminate/Http/Middleware/ValidatePostSize->handle(Object(Illuminate/Http/Request), Object(Closure))
#34 E:/CooperativeTraining/web/vendor/laravel/framework/src/Illuminate/Foundation/Http/Middleware/PreventRequestsDuringMaintenance.php(110): Illuminate/Pipeline/Pipeline->{closure:{closure:Illuminate/Pipeline/Pipeline::carry():194}:195}(Object(Illuminate/Http/Request))
#35 E:/CooperativeTraining/web/vendor/laravel/framework/src/Illuminate/Pipeline/Pipeline.php(219): Illuminate/Foundation/Http/Middleware/PreventRequestsDuringMaintenance->handle(Object(Illuminate/Http/Request), Object(Closure))
#36 E:/CooperativeTraining/web/vendor/laravel/framework/src/Illuminate/Http/Middleware/HandleCors.php(61): Illuminate/Pipeline/Pipeline->{closure:{closure:Illuminate/Pipeline/Pipeline::carry():194}:195}(Object(Illuminate/Http/Request))
#37 E:/CooperativeTraining/web/vendor/laravel/framework/src/Illuminate/Pipeline/Pipeline.php(219): Illuminate/Http/Middleware/HandleCors->handle(Object(Illuminate/Http/Request), Object(Closure))
#38 E:/CooperativeTraining/web/vendor/laravel/framework/src/Illuminate/Http/Middleware/TrustProxies.php(58): Illuminate/Pipeline/Pipeline->{closure:{closure:Illuminate/Pipeline/Pipeline::carry():194}:195}(Object(Illuminate/Http/Request))
#39 E:/CooperativeTraining/web/vendor/laravel/framework/src/Illuminate/Pipeline/Pipeline.php(219): Illuminate/Http/Middleware/TrustProxies->handle(Object(Illuminate/Http/Request), Object(Closure))
#40 E:/CooperativeTraining/web/vendor/laravel/framework/src/Illuminate/Foundation/Http/Middleware/InvokeDeferredCallbacks.php(22): Illuminate/Pipeline/Pipeline->{closure:{closure:Illuminate/Pipeline/Pipeline::carry():194}:195}(Object(Illuminate/Http/Request))
#41 E:/CooperativeTraining/web/vendor/laravel/framework/src/Illuminate/Pipeline/Pipeline.php(219): Illuminate/Foundation/Http/Middleware/InvokeDeferredCallbacks->handle(Object(Illuminate/Http/Request), Object(Closure))
#42 E:/CooperativeTraining/web/vendor/laravel/framework/src/Illuminate/Http/Middleware/ValidatePathEncoding.php(28): Illuminate/Pipeline/Pipeline->{closure:{closure:Illuminate/Pipeline/Pipeline::carry():194}:195}(Object(Illuminate/Http/Request))
#43 E:/CooperativeTraining/web/vendor/laravel/framework/src/Illuminate/Pipeline/Pipeline.php(219): Illuminate/Http/Middleware/ValidatePathEncoding->handle(Object(Illuminate/Http/Request), Object(Closure))
#44 E:/CooperativeTraining/web/vendor/laravel/framework/src/Illuminate/Pipeline/Pipeline.php(137): Illuminate/Pipeline/Pipeline->{closure:{closure:Illuminate/Pipeline/Pipeline::carry():194}:195}(Object(Illuminate/Http/Request))
#45 E:/CooperativeTraining/web/vendor/laravel/framework/src/Illuminate/Foundation/Http/Kernel.php(175): Illuminate/Pipeline/Pipeline->then(Object(Closure))
#46 E:/CooperativeTraining/web/vendor/laravel/framework/src/Illuminate/Foundation/Http/Kernel.php(144): Illuminate/Foundation/Http/Kernel->sendRequestThroughRouter(Object(Illuminate/Http/Request))
#47 E:/CooperativeTraining/web/vendor/laravel/framework/src/Illuminate/Foundation/Testing/Concerns/MakesHttpRequests.php(638): Illuminate/Foundation/Http/Kernel->handle(Object(Illuminate/Http/Request))
#48 E:/CooperativeTraining/web/vendor/laravel/framework/src/Illuminate/Foundation/Testing/Concerns/MakesHttpRequests.php(368): Illuminate/Foundation/Testing/TestCase->call('GET', 'http://localhos...', Array, Array, Array, Array)
#49 E:/CooperativeTraining/web/tests/Feature/Auth/EmailVerificationTest.php(28): Illuminate/Foundation/Testing/TestCase->get('http://localhos...')
#50 E:/CooperativeTraining/web/vendor/phpunit/phpunit/src/Framework/TestCase.php(1318): Tests/Feature/Auth/EmailVerificationTest->test_email_verification_screen_can_be_rendered()
#51 E:/CooperativeTraining/web/vendor/phpunit/phpunit/src/Framework/TestCase.php(1355): PHPUnit/Framework/TestCase->invokeTestMethod('test_email_veri...', Array)
#52 E:/CooperativeTraining/web/vendor/phpunit/phpunit/src/Framework/TestCase.php(521): PHPUnit/Framework/TestCase->runTest()
#53 E:/CooperativeTraining/web/vendor/phpunit/phpunit/src/Framework/TestRunner/TestRunner.php(99): PHPUnit/Framework/TestCase->runBare()
#54 E:/CooperativeTraining/web/vendor/phpunit/phpunit/src/Framework/TestCase.php(361): PHPUnit/Framework/TestRunner->run(Object(Tests/Feature/Auth/EmailVerificationTest))
#55 E:/CooperativeTraining/web/vendor/phpunit/phpunit/src/Framework/TestSuite.php(374): PHPUnit/Framework/TestCase->run()
#56 E:/CooperativeTraining/web/vendor/phpunit/phpunit/src/Framework/TestSuite.php(374): PHPUnit/Framework/TestSuite->run()
#57 E:/CooperativeTraining/web/vendor/phpunit/phpunit/src/Framework/TestSuite.php(374): PHPUnit/Framework/TestSuite->run()
#58 E:/CooperativeTraining/web/vendor/phpunit/phpunit/src/TextUI/TestRunner.php(64): PHPUnit/Framework/TestSuite->run()
#59 E:/CooperativeTraining/web/vendor/phpunit/phpunit/src/TextUI/Application.php(229): PHPUnit/TextUI/TestRunner->run(Object(PHPUnit/TextUI/Configuration/Configuration), Object(PHPUnit/Runner/ResultCache/DefaultResultCache), Object(PHPUnit/Framework/TestSuite))
#60 E:/CooperativeTraining/web/vendor/phpunit/phpunit/phpunit(104): PHPUnit/TextUI/Application->run(Array)
#61 {main}
"} 
[2026-09-02 22:18:55] testing.ERROR: No application encryption key has been specified. {"userId":1,"exception":"[object] (Illuminate\\Encryption\\MissingAppKeyException(code: 0): No application encryption key has been specified. at E:/CooperativeTraining/web/vendor/laravel/framework/src/Illuminate/Encryption/EncryptionServiceProvider.php:83)
[stacktrace]
#0 E:/CooperativeTraining/web/vendor/laravel/framework/src/Illuminate/Support/helpers.php(393): Illuminate/Encryption/EncryptionServiceProvider->{closure:Illuminate/Encryption/EncryptionServiceProvider::key():81}('')
#1 E:/CooperativeTraining/web/vendor/laravel/framework/src/Illuminate/Encryption/EncryptionServiceProvider.php(81): tap('', Object(Closure))
#2 E:/CooperativeTraining/web/vendor/laravel/framework/src/Illuminate/Encryption/EncryptionServiceProvider.php(64): Illuminate/Encryption/EncryptionServiceProvider->key(Array)
#3 E:/CooperativeTraining/web/vendor/laravel/framework/src/Illuminate/Encryption/EncryptionServiceProvider.php(32): Illuminate/Encryption/EncryptionServiceProvider->parseKey(Array)
#4 E:/CooperativeTraining/web/vendor/laravel/framework/src/Illuminate/Container/Container.php(1140): Illuminate/Encryption/EncryptionServiceProvider->{closure:Illuminate/Encryption/EncryptionServiceProvider::registerEncrypter():29}(Object(Illuminate/Foundation/Application), Array)
#5 E:/CooperativeTraining/web/vendor/laravel/framework/src/Illuminate/Container/Container.php(939): Illuminate/Container/Container->build(Object(Closure))
#6 E:/CooperativeTraining/web/vendor/laravel/framework/src/Illuminate/Foundation/Application.php(1085): Illuminate/Container/Container->resolve('encrypter', Array, true)
#7 E:/CooperativeTraining/web/vendor/laravel/framework/src/Illuminate/Container/Container.php(867): Illuminate/Foundation/Application->resolve('encrypter', Array)
#8 E:/CooperativeTraining/web/vendor/laravel/framework/src/Illuminate/Foundation/Application.php(1065): Illuminate/Container/Container->make('encrypter', Array)
#9 E:/CooperativeTraining/web/vendor/laravel/framework/src/Illuminate/Container/Container.php(1361): Illuminate/Foundation/Application->make('encrypter')
#10 E:/CooperativeTraining/web/vendor/laravel/framework/src/Illuminate/Container/Container.php(1262): Illuminate/Container/Container->resolveClass(Object(ReflectionParameter), 'Illuminate//Cont...')
#11 E:/CooperativeTraining/web/vendor/laravel/framework/src/Illuminate/Container/Container.php(1187): Illuminate/Container/Container->resolveDependencies(Array)
#12 E:/CooperativeTraining/web/vendor/laravel/framework/src/Illuminate/Container/Container.php(939): Illuminate/Container/Container->build('Illuminate//Cook...')
#13 E:/CooperativeTraining/web/vendor/laravel/framework/src/Illuminate/Foundation/Application.php(1085): Illuminate/Container/Container->resolve('Illuminate//Cook...', Array, true)
#14 E:/CooperativeTraining/web/vendor/laravel/framework/src/Illuminate/Container/Container.php(867): Illuminate/Foundation/Application->resolve('Illuminate//Cook...', Array)
#15 E:/CooperativeTraining/web/vendor/laravel/framework/src/Illuminate/Foundation/Application.php(1065): Illuminate/Container/Container->make('Illuminate//Cook...', Array)
#16 E:/CooperativeTraining/web/vendor/laravel/framework/src/Illuminate/Pipeline/Pipeline.php(208): Illuminate/Foundation/Application->make('Illuminate//Cook...')
#17 E:/CooperativeTraining/web/vendor/laravel/framework/src/Illuminate/Pipeline/Pipeline.php(137): Illuminate/Pipeline/Pipeline->{closure:{closure:Illuminate/Pipeline/Pipeline::carry():194}:195}(Object(Illuminate/Http/Request))
#18 E:/CooperativeTraining/web/vendor/laravel/framework/src/Illuminate/Routing/Router.php(821): Illuminate/Pipeline/Pipeline->then(Object(Closure))
#19 E:/CooperativeTraining/web/vendor/laravel/framework/src/Illuminate/Routing/Router.php(800): Illuminate/Routing/Router->runRouteWithinStack(Object(Illuminate/Routing/Route), Object(Illuminate/Http/Request))
#20 E:/CooperativeTraining/web/vendor/laravel/framework/src/Illuminate/Routing/Router.php(764): Illuminate/Routing/Router->runRoute(Object(Illuminate/Http/Request), Object(Illuminate/Routing/Route))
#21 E:/CooperativeTraining/web/vendor/laravel/framework/src/Illuminate/Routing/Router.php(753): Illuminate/Routing/Router->dispatchToRoute(Object(Illuminate/Http/Request))
#22 E:/CooperativeTraining/web/vendor/laravel/framework/src/Illuminate/Foundation/Http/Kernel.php(200): Illuminate/Routing/Router->dispatch(Object(Illuminate/Http/Request))
#23 E:/CooperativeTraining/web/vendor/laravel/framework/src/Illuminate/Pipeline/Pipeline.php(180): Illuminate/Foundation/Http/Kernel->{closure:Illuminate/Foundation/Http/Kernel::dispatchToRouter():197}(Object(Illuminate/Http/Request))
#24 E:/CooperativeTraining/web/vendor/livewire/livewire/src/Features/SupportDisablingBackButtonCache/DisableBackButtonCacheMiddleware.php(19): Illuminate/Pipeline/Pipeline->{closure:Illuminate/Pipeline/Pipeline::prepareDestination():178}(Object(Illuminate/Http/Request))
#25 E:/CooperativeTraining/web/vendor/laravel/framework/src/Illuminate/Pipeline/Pipeline.php(219): Livewire/Features/SupportDisablingBackButtonCache/DisableBackButtonCacheMiddleware->handle(Object(Illuminate/Http/Request), Object(Closure))
#26 E:/CooperativeTraining/web/vendor/laravel/framework/src/Illuminate/Foundation/Http/Middleware/TransformsRequest.php(21): Illuminate/Pipeline/Pipeline->{closure:{closure:Illuminate/Pipeline/Pipeline::carry():194}:195}(Object(Illuminate/Http/Request))
#27 E:/CooperativeTraining/web/vendor/laravel/framework/src/Illuminate/Foundation/Http/Middleware/ConvertEmptyStringsToNull.php(31): Illuminate/Foundation/Http/Middleware/TransformsRequest->handle(Object(Illuminate/Http/Request), Object(Closure))
#28 E:/CooperativeTraining/web/vendor/laravel/framework/src/Illuminate/Pipeline/Pipeline.php(219): Illuminate/Foundation/Http/Middleware/ConvertEmptyStringsToNull->handle(Object(Illuminate/Http/Request), Object(Closure))
#29 E:/CooperativeTraining/web/vendor/laravel/framework/src/Illuminate/Foundation/Http/Middleware/TransformsRequest.php(21): Illuminate/Pipeline/Pipeline->{closure:{closure:Illuminate/Pipeline/Pipeline::carry():194}:195}(Object(Illuminate/Http/Request))
#30 E:/CooperativeTraining/web/vendor/laravel/framework/src/Illuminate/Foundation/Http/Middleware/TrimStrings.php(51): Illuminate/Foundation/Http/Middleware/TransformsRequest->handle(Object(Illuminate/Http/Request), Object(Closure))
#31 E:/CooperativeTraining/web/vendor/laravel/framework/src/Illuminate/Pipeline/Pipeline.php(219): Illuminate/Foundation/Http/Middleware/TrimStrings->handle(Object(Illuminate/Http/Request), Object(Closure))
#32 E:/CooperativeTraining/web/vendor/laravel/framework/src/Illuminate/Http/Middleware/ValidatePostSize.php(27): Illuminate/Pipeline/Pipeline->{closure:{closure:Illuminate/Pipeline/Pipeline::carry():194}:195}(Object(Illuminate/Http/Request))
#33 E:/CooperativeTraining/web/vendor/laravel/framework/src/Illuminate/Pipeline/Pipeline.php(219): Illuminate/Http/Middleware/ValidatePostSize->handle(Object(Illuminate/Http/Request), Object(Closure))
#34 E:/CooperativeTraining/web/vendor/laravel/framework/src/Illuminate/Foundation/Http/Middleware/PreventRequestsDuringMaintenance.php(110): Illuminate/Pipeline/Pipeline->{closure:{closure:Illuminate/Pipeline/Pipeline::carry():194}:195}(Object(Illuminate/Http/Request))
#35 E:/CooperativeTraining/web/vendor/laravel/framework/src/Illuminate/Pipeline/Pipeline.php(219): Illuminate/Foundation/Http/Middleware/PreventRequestsDuringMaintenance->handle(Object(Illuminate/Http/Request), Object(Closure))
#36 E:/CooperativeTraining/web/vendor/laravel/framework/src/Illuminate/Http/Middleware/HandleCors.php(61): Illuminate/Pipeline/Pipeline->{closure:{closure:Illuminate/Pipeline/Pipeline::carry():194}:195}(Object(Illuminate/Http/Request))
#37 E:/CooperativeTraining/web/vendor/laravel/framework/src/Illuminate/Pipeline/Pipeline.php(219): Illuminate/Http/Middleware/HandleCors->handle(Object(Illuminate/Http/Request), Object(Closure))
#38 E:/CooperativeTraining/web/vendor/laravel/framework/src/Illuminate/Http/Middleware/TrustProxies.php(58): Illuminate/Pipeline/Pipeline->{closure:{closure:Illuminate/Pipeline/Pipeline::carry():194}:195}(Object(Illuminate/Http/Request))
#39 E:/CooperativeTraining/web/vendor/laravel/framework/src/Illuminate/Pipeline/Pipeline.php(219): Illuminate/Http/Middleware/TrustProxies->handle(Object(Illuminate/Http/Request), Object(Closure))
#40 E:/CooperativeTraining/web/vendor/laravel/framework/src/Illuminate/Foundation/Http/Middleware/InvokeDeferredCallbacks.php(22): Illuminate/Pipeline/Pipeline->{closure:{closure:Illuminate/Pipeline/Pipeline::carry():194}:195}(Object(Illuminate/Http/Request))
#41 E:/CooperativeTraining/web/vendor/laravel/framework/src/Illuminate/Pipeline/Pipeline.php(219): Illuminate/Foundation/Http/Middleware/InvokeDeferredCallbacks->handle(Object(Illuminate/Http/Request), Object(Closure))
#42 E:/CooperativeTraining/web/vendor/laravel/framework/src/Illuminate/Http/Middleware/ValidatePathEncoding.php(28): Illuminate/Pipeline/Pipeline->{closure:{closure:Illuminate/Pipeline/Pipeline::carry():194}:195}(Object(Illuminate/Http/Request))
#43 E:/CooperativeTraining/web/vendor/laravel/framework/src/Illuminate/Pipeline/Pipeline.php(219): Illuminate/Http/Middleware/ValidatePathEncoding->handle(Object(Illuminate/Http/Request), Object(Closure))
#44 E:/CooperativeTraining/web/vendor/laravel/framework/src/Illuminate/Pipeline/Pipeline.php(137): Illuminate/Pipeline/Pipeline->{closure:{closure:Illuminate/Pipeline/Pipeline::carry():194}:195}(Object(Illuminate/Http/Request))
#45 E:/CooperativeTraining/web/vendor/laravel/framework/src/Illuminate/Foundation/Http/Kernel.php(175): Illuminate/Pipeline/Pipeline->then(Object(Closure))
#46 E:/CooperativeTraining/web/vendor/laravel/framework/src/Illuminate/Foundation/Http/Kernel.php(144): Illuminate/Foundation/Http/Kernel->sendRequestThroughRouter(Object(Illuminate/Http/Request))
#47 E:/CooperativeTraining/web/vendor/laravel/framework/src/Illuminate/Foundation/Testing/Concerns/MakesHttpRequests.php(638): Illuminate/Foundation/Http/Kernel->handle(Object(Illuminate/Http/Request))
#48 E:/CooperativeTraining/web/vendor/laravel/framework/src/Illuminate/Foundation/Testing/Concerns/MakesHttpRequests.php(368): Illuminate/Foundation/Testing/TestCase->call('GET', 'http://localhos...', Array, Array, Array, Array)
#49 E:/CooperativeTraining/web/tests/Feature/Auth/EmailVerificationTest.php(45): Illuminate/Foundation/Testing/TestCase->get('http://localhos...')
#50 E:/CooperativeTraining/web/vendor/phpunit/phpunit/src/Framework/TestCase.php(1318): Tests/Feature/Auth/EmailVerificationTest->test_email_can_be_verified()
#51 E:/CooperativeTraining/web/vendor/phpunit/phpunit/src/Framework/TestCase.php(1355): PHPUnit/Framework/TestCase->invokeTestMethod('test_email_can_...', Array)
#52 E:/CooperativeTraining/web/vendor/phpunit/phpunit/src/Framework/TestCase.php(521): PHPUnit/Framework/TestCase->runTest()
#53 E:/CooperativeTraining/web/vendor/phpunit/phpunit/src/Framework/TestRunner/TestRunner.php(99): PHPUnit/Framework/TestCase->runBare()
#54 E:/CooperativeTraining/web/vendor/phpunit/phpunit/src/Framework/TestCase.php(361): PHPUnit/Framework/TestRunner->run(Object(Tests/Feature/Auth/EmailVerificationTest))
#55 E:/CooperativeTraining/web/vendor/phpunit/phpunit/src/Framework/TestSuite.php(374): PHPUnit/Framework/TestCase->run()
#56 E:/CooperativeTraining/web/vendor/phpunit/phpunit/src/Framework/TestSuite.php(374): PHPUnit/Framework/TestSuite->run()
#57 E:/CooperativeTraining/web/vendor/phpunit/phpunit/src/Framework/TestSuite.php(374): PHPUnit/Framework/TestSuite->run()
#58 E:/CooperativeTraining/web/vendor/phpunit/phpunit/src/TextUI/TestRunner.php(64): PHPUnit/Framework/TestSuite->run()
#59 E:/CooperativeTraining/web/vendor/phpunit/phpunit/src/TextUI/Application.php(229): PHPUnit/TextUI/TestRunner->run(Object(PHPUnit/TextUI/Configuration/Configuration), Object(PHPUnit/Runner/ResultCache/DefaultResultCache), Object(PHPUnit/Framework/TestSuite))
#60 E:/CooperativeTraining/web/vendor/phpunit/phpunit/phpunit(104): PHPUnit/TextUI/Application->run(Array)
#61 {main}
"} 
[2026-09-02 22:18:55] testing.ERROR: No application encryption key has been specified. {"userId":1,"exception":"[object] (Illuminate\\Encryption\\MissingAppKeyException(code: 0): No application encryption key has been specified. at E:/CooperativeTraining/web/vendor/laravel/framework/src/Illuminate/Encryption/EncryptionServiceProvider.php:83)
[stacktrace]
#0 E:/CooperativeTraining/web/vendor/laravel/framework/src/Illuminate/Support/helpers.php(393): Illuminate/Encryption/EncryptionServiceProvider->{closure:Illuminate/Encryption/EncryptionServiceProvider::key():81}('')
#1 E:/CooperativeTraining/web/vendor/laravel/framework/src/Illuminate/Encryption/EncryptionServiceProvider.php(81): tap('', Object(Closure))
#2 E:/CooperativeTraining/web/vendor/laravel/framework/src/Illuminate/Encryption/EncryptionServiceProvider.php(64): Illuminate/Encryption/EncryptionServiceProvider->key(Array)
#3 E:/CooperativeTraining/web/vendor/laravel/framework/src/Illuminate/Encryption/EncryptionServiceProvider.php(32): Illuminate/Encryption/EncryptionServiceProvider->parseKey(Array)
#4 E:/CooperativeTraining/web/vendor/laravel/framework/src/Illuminate/Container/Container.php(1140): Illuminate/Encryption/EncryptionServiceProvider->{closure:Illuminate/Encryption/EncryptionServiceProvider::registerEncrypter():29}(Object(Illuminate/Foundation/Application), Array)
#5 E:/CooperativeTraining/web/vendor/laravel/framework/src/Illuminate/Container/Container.php(939): Illuminate/Container/Container->build(Object(Closure))
#6 E:/CooperativeTraining/web/vendor/laravel/framework/src/Illuminate/Foundation/Application.php(1085): Illuminate/Container/Container->resolve('encrypter', Array, true)
#7 E:/CooperativeTraining/web/vendor/laravel/framework/src/Illuminate/Container/Container.php(867): Illuminate/Foundation/Application->resolve('encrypter', Array)
#8 E:/CooperativeTraining/web/vendor/laravel/framework/src/Illuminate/Foundation/Application.php(1065): Illuminate/Container/Container->make('encrypter', Array)
#9 E:/CooperativeTraining/web/vendor/laravel/framework/src/Illuminate/Container/Container.php(1361): Illuminate/Foundation/Application->make('encrypter')
#10 E:/CooperativeTraining/web/vendor/laravel/framework/src/Illuminate/Container/Container.php(1262): Illuminate/Container/Container->resolveClass(Object(ReflectionParameter), 'Illuminate//Cont...')
#11 E:/CooperativeTraining/web/vendor/laravel/framework/src/Illuminate/Container/Container.php(1187): Illuminate/Container/Container->resolveDependencies(Array)
#12 E:/CooperativeTraining/web/vendor/laravel/framework/src/Illuminate/Container/Container.php(939): Illuminate/Container/Container->build('Illuminate//Cook...')
#13 E:/CooperativeTraining/web/vendor/laravel/framework/src/Illuminate/Foundation/Application.php(1085): Illuminate/Container/Container->resolve('Illuminate//Cook...', Array, true)
#14 E:/CooperativeTraining/web/vendor/laravel/framework/src/Illuminate/Container/Container.php(867): Illuminate/Foundation/Application->resolve('Illuminate//Cook...', Array)
#15 E:/CooperativeTraining/web/vendor/laravel/framework/src/Illuminate/Foundation/Application.php(1065): Illuminate/Container/Container->make('Illuminate//Cook...', Array)
#16 E:/CooperativeTraining/web/vendor/laravel/framework/src/Illuminate/Pipeline/Pipeline.php(208): Illuminate/Foundation/Application->make('Illuminate//Cook...')
#17 E:/CooperativeTraining/web/vendor/laravel/framework/src/Illuminate/Pipeline/Pipeline.php(137): Illuminate/Pipeline/Pipeline->{closure:{closure:Illuminate/Pipeline/Pipeline::carry():194}:195}(Object(Illuminate/Http/Request))
#18 E:/CooperativeTraining/web/vendor/laravel/framework/src/Illuminate/Routing/Router.php(821): Illuminate/Pipeline/Pipeline->then(Object(Closure))
#19 E:/CooperativeTraining/web/vendor/laravel/framework/src/Illuminate/Routing/Router.php(800): Illuminate/Routing/Router->runRouteWithinStack(Object(Illuminate/Routing/Route), Object(Illuminate/Http/Request))
#20 E:/CooperativeTraining/web/vendor/laravel/framework/src/Illuminate/Routing/Router.php(764): Illuminate/Routing/Router->runRoute(Object(Illuminate/Http/Request), Object(Illuminate/Routing/Route))
#21 E:/CooperativeTraining/web/vendor/laravel/framework/src/Illuminate/Routing/Router.php(753): Illuminate/Routing/Router->dispatchToRoute(Object(Illuminate/Http/Request))
#22 E:/CooperativeTraining/web/vendor/laravel/framework/src/Illuminate/Foundation/Http/Kernel.php(200): Illuminate/Routing/Router->dispatch(Object(Illuminate/Http/Request))
#23 E:/CooperativeTraining/web/vendor/laravel/framework/src/Illuminate/Pipeline/Pipeline.php(180): Illuminate/Foundation/Http/Kernel->{closure:Illuminate/Foundation/Http/Kernel::dispatchToRouter():197}(Object(Illuminate/Http/Request))
#24 E:/CooperativeTraining/web/vendor/livewire/livewire/src/Features/SupportDisablingBackButtonCache/DisableBackButtonCacheMiddleware.php(19): Illuminate/Pipeline/Pipeline->{closure:Illuminate/Pipeline/Pipeline::prepareDestination():178}(Object(Illuminate/Http/Request))
#25 E:/CooperativeTraining/web/vendor/laravel/framework/src/Illuminate/Pipeline/Pipeline.php(219): Livewire/Features/SupportDisablingBackButtonCache/DisableBackButtonCacheMiddleware->handle(Object(Illuminate/Http/Request), Object(Closure))
#26 E:/CooperativeTraining/web/vendor/laravel/framework/src/Illuminate/Foundation/Http/Middleware/TransformsRequest.php(21): Illuminate/Pipeline/Pipeline->{closure:{closure:Illuminate/Pipeline/Pipeline::carry():194}:195}(Object(Illuminate/Http/Request))
#27 E:/CooperativeTraining/web/vendor/laravel/framework/src/Illuminate/Foundation/Http/Middleware/ConvertEmptyStringsToNull.php(31): Illuminate/Foundation/Http/Middleware/TransformsRequest->handle(Object(Illuminate/Http/Request), Object(Closure))
#28 E:/CooperativeTraining/web/vendor/laravel/framework/src/Illuminate/Pipeline/Pipeline.php(219): Illuminate/Foundation/Http/Middleware/ConvertEmptyStringsToNull->handle(Object(Illuminate/Http/Request), Object(Closure))
#29 E:/CooperativeTraining/web/vendor/laravel/framework/src/Illuminate/Foundation/Http/Middleware/TransformsRequest.php(21): Illuminate/Pipeline/Pipeline->{closure:{closure:Illuminate/Pipeline/Pipeline::carry():194}:195}(Object(Illuminate/Http/Request))
#30 E:/CooperativeTraining/web/vendor/laravel/framework/src/Illuminate/Foundation/Http/Middleware/TrimStrings.php(51): Illuminate/Foundation/Http/Middleware/TransformsRequest->handle(Object(Illuminate/Http/Request), Object(Closure))
#31 E:/CooperativeTraining/web/vendor/laravel/framework/src/Illuminate/Pipeline/Pipeline.php(219): Illuminate/Foundation/Http/Middleware/TrimStrings->handle(Object(Illuminate/Http/Request), Object(Closure))
#32 E:/CooperativeTraining/web/vendor/laravel/framework/src/Illuminate/Http/Middleware/ValidatePostSize.php(27): Illuminate/Pipeline/Pipeline->{closure:{closure:Illuminate/Pipeline/Pipeline::carry():194}:195}(Object(Illuminate/Http/Request))
#33 E:/CooperativeTraining/web/vendor/laravel/framework/src/Illuminate/Pipeline/Pipeline.php(219): Illuminate/Http/Middleware/ValidatePostSize->handle(Object(Illuminate/Http/Request), Object(Closure))
#34 E:/CooperativeTraining/web/vendor/laravel/framework/src/Illuminate/Foundation/Http/Middleware/PreventRequestsDuringMaintenance.php(110): Illuminate/Pipeline/Pipeline->{closure:{closure:Illuminate/Pipeline/Pipeline::carry():194}:195}(Object(Illuminate/Http/Request))
#35 E:/CooperativeTraining/web/vendor/laravel/framework/src/Illuminate/Pipeline/Pipeline.php(219): Illuminate/Foundation/Http/Middleware/PreventRequestsDuringMaintenance->handle(Object(Illuminate/Http/Request), Object(Closure))
#36 E:/CooperativeTraining/web/vendor/laravel/framework/src/Illuminate/Http/Middleware/HandleCors.php(61): Illuminate/Pipeline/Pipeline->{closure:{closure:Illuminate/Pipeline/Pipeline::carry():194}:195}(Object(Illuminate/Http/Request))
#37 E:/CooperativeTraining/web/vendor/laravel/framework/src/Illuminate/Pipeline/Pipeline.php(219): Illuminate/Http/Middleware/HandleCors->handle(Object(Illuminate/Http/Request), Object(Closure))
#38 E:/CooperativeTraining/web/vendor/laravel/framework/src/Illuminate/Http/Middleware/TrustProxies.php(58): Illuminate/Pipeline/Pipeline->{closure:{closure:Illuminate/Pipeline/Pipeline::carry():194}:195}(Object(Illuminate/Http/Request))
#39 E:/CooperativeTraining/web/vendor/laravel/framework/src/Illuminate/Pipeline/Pipeline.php(219): Illuminate/Http/Middleware/TrustProxies->handle(Object(Illuminate/Http/Request), Object(Closure))
#40 E:/CooperativeTraining/web/vendor/laravel/framework/src/Illuminate/Foundation/Http/Middleware/InvokeDeferredCallbacks.php(22): Illuminate/Pipeline/Pipeline->{closure:{closure:Illuminate/Pipeline/Pipeline::carry():194}:195}(Object(Illuminate/Http/Request))
#41 E:/CooperativeTraining/web/vendor/laravel/framework/src/Illuminate/Pipeline/Pipeline.php(219): Illuminate/Foundation/Http/Middleware/InvokeDeferredCallbacks->handle(Object(Illuminate/Http/Request), Object(Closure))
#42 E:/CooperativeTraining/web/vendor/laravel/framework/src/Illuminate/Http/Middleware/ValidatePathEncoding.php(28): Illuminate/Pipeline/Pipeline->{closure:{closure:Illuminate/Pipeline/Pipeline::carry():194}:195}(Object(Illuminate/Http/Request))
#43 E:/CooperativeTraining/web/vendor/laravel/framework/src/Illuminate/Pipeline/Pipeline.php(219): Illuminate/Http/Middleware/ValidatePathEncoding->handle(Object(Illuminate/Http/Request), Object(Closure))
#44 E:/CooperativeTraining/web/vendor/laravel/framework/src/Illuminate/Pipeline/Pipeline.php(137): Illuminate/Pipeline/Pipeline->{closure:{closure:Illuminate/Pipeline/Pipeline::carry():194}:195}(Object(Illuminate/Http/Request))
#45 E:/CooperativeTraining/web/vendor/laravel/framework/src/Illuminate/Foundation/Http/Kernel.php(175): Illuminate/Pipeline/Pipeline->then(Object(Closure))
#46 E:/CooperativeTraining/web/vendor/laravel/framework/src/Illuminate/Foundation/Http/Kernel.php(144): Illuminate/Foundation/Http/Kernel->sendRequestThroughRouter(Object(Illuminate/Http/Request))
#47 E:/CooperativeTraining/web/vendor/laravel/framework/src/Illuminate/Foundation/Testing/Concerns/MakesHttpRequests.php(638): Illuminate/Foundation/Http/Kernel->handle(Object(Illuminate/Http/Request))
#48 E:/CooperativeTraining/web/vendor/laravel/framework/src/Illuminate/Foundation/Testing/Concerns/MakesHttpRequests.php(368): Illuminate/Foundation/Testing/TestCase->call('GET', 'http://localhos...', Array, Array, Array, Array)
#49 E:/CooperativeTraining/web/tests/Feature/Auth/EmailVerificationTest.php(63): Illuminate/Foundation/Testing/TestCase->get('http://localhos...')
#50 E:/CooperativeTraining/web/vendor/phpunit/phpunit/src/Framework/TestCase.php(1318): Tests/Feature/Auth/EmailVerificationTest->test_email_is_not_verified_with_invalid_hash()
#51 E:/CooperativeTraining/web/vendor/phpunit/phpunit/src/Framework/TestCase.php(1355): PHPUnit/Framework/TestCase->invokeTestMethod('test_email_is_n...', Array)
#52 E:/CooperativeTraining/web/vendor/phpunit/phpunit/src/Framework/TestCase.php(521): PHPUnit/Framework/TestCase->runTest()
#53 E:/CooperativeTraining/web/vendor/phpunit/phpunit/src/Framework/TestRunner/TestRunner.php(99): PHPUnit/Framework/TestCase->runBare()
#54 E:/CooperativeTraining/web/vendor/phpunit/phpunit/src/Framework/TestCase.php(361): PHPUnit/Framework/TestRunner->run(Object(Tests/Feature/Auth/EmailVerificationTest))
#55 E:/CooperativeTraining/web/vendor/phpunit/phpunit/src/Framework/TestSuite.php(374): PHPUnit/Framework/TestCase->run()
#56 E:/CooperativeTraining/web/vendor/phpunit/phpunit/src/Framework/TestSuite.php(374): PHPUnit/Framework/TestSuite->run()
#57 E:/CooperativeTraining/web/vendor/phpunit/phpunit/src/Framework/TestSuite.php(374): PHPUnit/Framework/TestSuite->run()
#58 E:/CooperativeTraining/web/vendor/phpunit/phpunit/src/TextUI/TestRunner.php(64): PHPUnit/Framework/TestSuite->run()
#59 E:/CooperativeTraining/web/vendor/phpunit/phpunit/src/TextUI/Application.php(229): PHPUnit/TextUI/TestRunner->run(Object(PHPUnit/TextUI/Configuration/Configuration), Object(PHPUnit/Runner/ResultCache/DefaultResultCache), Object(PHPUnit/Framework/TestSuite))
#60 E:/CooperativeTraining/web/vendor/phpunit/phpunit/phpunit(104): PHPUnit/TextUI/Application->run(Array)
#61 {main}
"} 
[2026-09-02 22:18:55] testing.ERROR: No application encryption key has been specified. {"userId":1,"exception":"[object] (Illuminate\\Encryption\\MissingAppKeyException(code: 0): No application encryption key has been specified. at E:/CooperativeTraining/web/vendor/laravel/framework/src/Illuminate/Encryption/EncryptionServiceProvider.php:83)
[stacktrace]
#0 E:/CooperativeTraining/web/vendor/laravel/framework/src/Illuminate/Support/helpers.php(393): Illuminate/Encryption/EncryptionServiceProvider->{closure:Illuminate/Encryption/EncryptionServiceProvider::key():81}('')
#1 E:/CooperativeTraining/web/vendor/laravel/framework/src/Illuminate/Encryption/EncryptionServiceProvider.php(81): tap('', Object(Closure))
#2 E:/CooperativeTraining/web/vendor/laravel/framework/src/Illuminate/Encryption/EncryptionServiceProvider.php(64): Illuminate/Encryption/EncryptionServiceProvider->key(Array)
#3 E:/CooperativeTraining/web/vendor/laravel/framework/src/Illuminate/Encryption/EncryptionServiceProvider.php(32): Illuminate/Encryption/EncryptionServiceProvider->parseKey(Array)
#4 E:/CooperativeTraining/web/vendor/laravel/framework/src/Illuminate/Container/Container.php(1140): Illuminate/Encryption/EncryptionServiceProvider->{closure:Illuminate/Encryption/EncryptionServiceProvider::registerEncrypter():29}(Object(Illuminate/Foundation/Application), Array)
#5 E:/CooperativeTraining/web/vendor/laravel/framework/src/Illuminate/Container/Container.php(939): Illuminate/Container/Container->build(Object(Closure))
#6 E:/CooperativeTraining/web/vendor/laravel/framework/src/Illuminate/Foundation/Application.php(1085): Illuminate/Container/Container->resolve('encrypter', Array, true)
#7 E:/CooperativeTraining/web/vendor/laravel/framework/src/Illuminate/Container/Container.php(867): Illuminate/Foundation/Application->resolve('encrypter', Array)
#8 E:/CooperativeTraining/web/vendor/laravel/framework/src/Illuminate/Foundation/Application.php(1065): Illuminate/Container/Container->make('encrypter', Array)
#9 E:/CooperativeTraining/web/vendor/laravel/framework/src/Illuminate/Container/Container.php(1361): Illuminate/Foundation/Application->make('encrypter')
#10 E:/CooperativeTraining/web/vendor/laravel/framework/src/Illuminate/Container/Container.php(1262): Illuminate/Container/Container->resolveClass(Object(ReflectionParameter), 'Illuminate//Cont...')
#11 E:/CooperativeTraining/web/vendor/laravel/framework/src/Illuminate/Container/Container.php(1187): Illuminate/Container/Container->resolveDependencies(Array)
#12 E:/CooperativeTraining/web/vendor/laravel/framework/src/Illuminate/Container/Container.php(939): Illuminate/Container/Container->build('Illuminate//Cook...')
#13 E:/CooperativeTraining/web/vendor/laravel/framework/src/Illuminate/Foundation/Application.php(1085): Illuminate/Container/Container->resolve('Illuminate//Cook...', Array, true)
#14 E:/CooperativeTraining/web/vendor/laravel/framework/src/Illuminate/Container/Container.php(867): Illuminate/Foundation/Application->resolve('Illuminate//Cook...', Array)
#15 E:/CooperativeTraining/web/vendor/laravel/framework/src/Illuminate/Foundation/Application.php(1065): Illuminate/Container/Container->make('Illuminate//Cook...', Array)
#16 E:/CooperativeTraining/web/vendor/laravel/framework/src/Illuminate/Pipeline/Pipeline.php(208): Illuminate/Foundation/Application->make('Illuminate//Cook...')
#17 E:/CooperativeTraining/web/vendor/laravel/framework/src/Illuminate/Pipeline/Pipeline.php(137): Illuminate/Pipeline/Pipeline->{closure:{closure:Illuminate/Pipeline/Pipeline::carry():194}:195}(Object(Illuminate/Http/Request))
#18 E:/CooperativeTraining/web/vendor/laravel/framework/src/Illuminate/Routing/Router.php(821): Illuminate/Pipeline/Pipeline->then(Object(Closure))
#19 E:/CooperativeTraining/web/vendor/laravel/framework/src/Illuminate/Routing/Router.php(800): Illuminate/Routing/Router->runRouteWithinStack(Object(Illuminate/Routing/Route), Object(Illuminate/Http/Request))
#20 E:/CooperativeTraining/web/vendor/laravel/framework/src/Illuminate/Routing/Router.php(764): Illuminate/Routing/Router->runRoute(Object(Illuminate/Http/Request), Object(Illuminate/Routing/Route))
#21 E:/CooperativeTraining/web/vendor/laravel/framework/src/Illuminate/Routing/Router.php(753): Illuminate/Routing/Router->dispatchToRoute(Object(Illuminate/Http/Request))
#22 E:/CooperativeTraining/web/vendor/laravel/framework/src/Illuminate/Foundation/Http/Kernel.php(200): Illuminate/Routing/Router->dispatch(Object(Illuminate/Http/Request))
#23 E:/CooperativeTraining/web/vendor/laravel/framework/src/Illuminate/Pipeline/Pipeline.php(180): Illuminate/Foundation/Http/Kernel->{closure:Illuminate/Foundation/Http/Kernel::dispatchToRouter():197}(Object(Illuminate/Http/Request))
#24 E:/CooperativeTraining/web/vendor/livewire/livewire/src/Features/SupportDisablingBackButtonCache/DisableBackButtonCacheMiddleware.php(19): Illuminate/Pipeline/Pipeline->{closure:Illuminate/Pipeline/Pipeline::prepareDestination():178}(Object(Illuminate/Http/Request))
#25 E:/CooperativeTraining/web/vendor/laravel/framework/src/Illuminate/Pipeline/Pipeline.php(219): Livewire/Features/SupportDisablingBackButtonCache/DisableBackButtonCacheMiddleware->handle(Object(Illuminate/Http/Request), Object(Closure))
#26 E:/CooperativeTraining/web/vendor/laravel/framework/src/Illuminate/Foundation/Http/Middleware/TransformsRequest.php(21): Illuminate/Pipeline/Pipeline->{closure:{closure:Illuminate/Pipeline/Pipeline::carry():194}:195}(Object(Illuminate/Http/Request))
#27 E:/CooperativeTraining/web/vendor/laravel/framework/src/Illuminate/Foundation/Http/Middleware/ConvertEmptyStringsToNull.php(31): Illuminate/Foundation/Http/Middleware/TransformsRequest->handle(Object(Illuminate/Http/Request), Object(Closure))
#28 E:/CooperativeTraining/web/vendor/laravel/framework/src/Illuminate/Pipeline/Pipeline.php(219): Illuminate/Foundation/Http/Middleware/ConvertEmptyStringsToNull->handle(Object(Illuminate/Http/Request), Object(Closure))
#29 E:/CooperativeTraining/web/vendor/laravel/framework/src/Illuminate/Foundation/Http/Middleware/TransformsRequest.php(21): Illuminate/Pipeline/Pipeline->{closure:{closure:Illuminate/Pipeline/Pipeline::carry():194}:195}(Object(Illuminate/Http/Request))
#30 E:/CooperativeTraining/web/vendor/laravel/framework/src/Illuminate/Foundation/Http/Middleware/TrimStrings.php(51): Illuminate/Foundation/Http/Middleware/TransformsRequest->handle(Object(Illuminate/Http/Request), Object(Closure))
#31 E:/CooperativeTraining/web/vendor/laravel/framework/src/Illuminate/Pipeline/Pipeline.php(219): Illuminate/Foundation/Http/Middleware/TrimStrings->handle(Object(Illuminate/Http/Request), Object(Closure))
#32 E:/CooperativeTraining/web/vendor/laravel/framework/src/Illuminate/Http/Middleware/ValidatePostSize.php(27): Illuminate/Pipeline/Pipeline->{closure:{closure:Illuminate/Pipeline/Pipeline::carry():194}:195}(Object(Illuminate/Http/Request))
#33 E:/CooperativeTraining/web/vendor/laravel/framework/src/Illuminate/Pipeline/Pipeline.php(219): Illuminate/Http/Middleware/ValidatePostSize->handle(Object(Illuminate/Http/Request), Object(Closure))
#34 E:/CooperativeTraining/web/vendor/laravel/framework/src/Illuminate/Foundation/Http/Middleware/PreventRequestsDuringMaintenance.php(110): Illuminate/Pipeline/Pipeline->{closure:{closure:Illuminate/Pipeline/Pipeline::carry():194}:195}(Object(Illuminate/Http/Request))
#35 E:/CooperativeTraining/web/vendor/laravel/framework/src/Illuminate/Pipeline/Pipeline.php(219): Illuminate/Foundation/Http/Middleware/PreventRequestsDuringMaintenance->handle(Object(Illuminate/Http/Request), Object(Closure))
#36 E:/CooperativeTraining/web/vendor/laravel/framework/src/Illuminate/Http/Middleware/HandleCors.php(61): Illuminate/Pipeline/Pipeline->{closure:{closure:Illuminate/Pipeline/Pipeline::carry():194}:195}(Object(Illuminate/Http/Request))
#37 E:/CooperativeTraining/web/vendor/laravel/framework/src/Illuminate/Pipeline/Pipeline.php(219): Illuminate/Http/Middleware/HandleCors->handle(Object(Illuminate/Http/Request), Object(Closure))
#38 E:/CooperativeTraining/web/vendor/laravel/framework/src/Illuminate/Http/Middleware/TrustProxies.php(58): Illuminate/Pipeline/Pipeline->{closure:{closure:Illuminate/Pipeline/Pipeline::carry():194}:195}(Object(Illuminate/Http/Request))
#39 E:/CooperativeTraining/web/vendor/laravel/framework/src/Illuminate/Pipeline/Pipeline.php(219): Illuminate/Http/Middleware/TrustProxies->handle(Object(Illuminate/Http/Request), Object(Closure))
#40 E:/CooperativeTraining/web/vendor/laravel/framework/src/Illuminate/Foundation/Http/Middleware/InvokeDeferredCallbacks.php(22): Illuminate/Pipeline/Pipeline->{closure:{closure:Illuminate/Pipeline/Pipeline::carry():194}:195}(Object(Illuminate/Http/Request))
#41 E:/CooperativeTraining/web/vendor/laravel/framework/src/Illuminate/Pipeline/Pipeline.php(219): Illuminate/Foundation/Http/Middleware/InvokeDeferredCallbacks->handle(Object(Illuminate/Http/Request), Object(Closure))
#42 E:/CooperativeTraining/web/vendor/laravel/framework/src/Illuminate/Http/Middleware/ValidatePathEncoding.php(28): Illuminate/Pipeline/Pipeline->{closure:{closure:Illuminate/Pipeline/Pipeline::carry():194}:195}(Object(Illuminate/Http/Request))
#43 E:/CooperativeTraining/web/vendor/laravel/framework/src/Illuminate/Pipeline/Pipeline.php(219): Illuminate/Http/Middleware/ValidatePathEncoding->handle(Object(Illuminate/Http/Request), Object(Closure))
#44 E:/CooperativeTraining/web/vendor/laravel/framework/src/Illuminate/Pipeline/Pipeline.php(137): Illuminate/Pipeline/Pipeline->{closure:{closure:Illuminate/Pipeline/Pipeline::carry():194}:195}(Object(Illuminate/Http/Request))
#45 E:/CooperativeTraining/web/vendor/laravel/framework/src/Illuminate/Foundation/Http/Kernel.php(175): Illuminate/Pipeline/Pipeline->then(Object(Closure))
#46 E:/CooperativeTraining/web/vendor/laravel/framework/src/Illuminate/Foundation/Http/Kernel.php(144): Illuminate/Foundation/Http/Kernel->sendRequestThroughRouter(Object(Illuminate/Http/Request))
#47 E:/CooperativeTraining/web/vendor/laravel/framework/src/Illuminate/Foundation/Testing/Concerns/MakesHttpRequests.php(638): Illuminate/Foundation/Http/Kernel->handle(Object(Illuminate/Http/Request))
#48 E:/CooperativeTraining/web/vendor/laravel/framework/src/Illuminate/Foundation/Testing/Concerns/MakesHttpRequests.php(368): Illuminate/Foundation/Testing/TestCase->call('GET', 'http://localhos...', Array, Array, Array, Array)
#49 E:/CooperativeTraining/web/tests/Feature/Auth/EmailVerificationTest.php(82): Illuminate/Foundation/Testing/TestCase->get('http://localhos...')
#50 E:/CooperativeTraining/web/vendor/phpunit/phpunit/src/Framework/TestCase.php(1318): Tests/Feature/Auth/EmailVerificationTest->test_already_verified_user_visiting_verification_link_is_redirected_without_firing_event_again()
#51 E:/CooperativeTraining/web/vendor/phpunit/phpunit/src/Framework/TestCase.php(1355): PHPUnit/Framework/TestCase->invokeTestMethod('test_already_ve...', Array)
#52 E:/CooperativeTraining/web/vendor/phpunit/phpunit/src/Framework/TestCase.php(521): PHPUnit/Framework/TestCase->runTest()
#53 E:/CooperativeTraining/web/vendor/phpunit/phpunit/src/Framework/TestRunner/TestRunner.php(99): PHPUnit/Framework/TestCase->runBare()
#54 E:/CooperativeTraining/web/vendor/phpunit/phpunit/src/Framework/TestCase.php(361): PHPUnit/Framework/TestRunner->run(Object(Tests/Feature/Auth/EmailVerificationTest))
#55 E:/CooperativeTraining/web/vendor/phpunit/phpunit/src/Framework/TestSuite.php(374): PHPUnit/Framework/TestCase->run()
#56 E:/CooperativeTraining/web/vendor/phpunit/phpunit/src/Framework/TestSuite.php(374): PHPUnit/Framework/TestSuite->run()
#57 E:/CooperativeTraining/web/vendor/phpunit/phpunit/src/Framework/TestSuite.php(374): PHPUnit/Framework/TestSuite->run()
#58 E:/CooperativeTraining/web/vendor/phpunit/phpunit/src/TextUI/TestRunner.php(64): PHPUnit/Framework/TestSuite->run()
#59 E:/CooperativeTraining/web/vendor/phpunit/phpunit/src/TextUI/Application.php(229): PHPUnit/TextUI/TestRunner->run(Object(PHPUnit/TextUI/Configuration/Configuration), Object(PHPUnit/Runner/ResultCache/DefaultResultCache), Object(PHPUnit/Framework/TestSuite))
#60 E:/CooperativeTraining/web/vendor/phpunit/phpunit/phpunit(104): PHPUnit/TextUI/Application->run(Array)
#61 {main}
"} 
[2026-09-02 22:18:55] testing.ERROR: No application encryption key has been specified. {"userId":1,"exception":"[object] (Illuminate\\Encryption\\MissingAppKeyException(code: 0): No application encryption key has been specified. at E:/CooperativeTraining/web/vendor/laravel/framework/src/Illuminate/Encryption/EncryptionServiceProvider.php:83)
[stacktrace]
#0 E:/CooperativeTraining/web/vendor/laravel/framework/src/Illuminate/Support/helpers.php(393): Illuminate/Encryption/EncryptionServiceProvider->{closure:Illuminate/Encryption/EncryptionServiceProvider::key():81}('')
#1 E:/CooperativeTraining/web/vendor/laravel/framework/src/Illuminate/Encryption/EncryptionServiceProvider.php(81): tap('', Object(Closure))
#2 E:/CooperativeTraining/web/vendor/laravel/framework/src/Illuminate/Encryption/EncryptionServiceProvider.php(64): Illuminate/Encryption/EncryptionServiceProvider->key(Array)
#3 E:/CooperativeTraining/web/vendor/laravel/framework/src/Illuminate/Encryption/EncryptionServiceProvider.php(32): Illuminate/Encryption/EncryptionServiceProvider->parseKey(Array)
#4 E:/CooperativeTraining/web/vendor/laravel/framework/src/Illuminate/Container/Container.php(1140): Illuminate/Encryption/EncryptionServiceProvider->{closure:Illuminate/Encryption/EncryptionServiceProvider::registerEncrypter():29}(Object(Illuminate/Foundation/Application), Array)
#5 E:/CooperativeTraining/web/vendor/laravel/framework/src/Illuminate/Container/Container.php(939): Illuminate/Container/Container->build(Object(Closure))
#6 E:/CooperativeTraining/web/vendor/laravel/framework/src/Illuminate/Foundation/Application.php(1085): Illuminate/Container/Container->resolve('encrypter', Array, true)
#7 E:/CooperativeTraining/web/vendor/laravel/framework/src/Illuminate/Container/Container.php(867): Illuminate/Foundation/Application->resolve('encrypter', Array)
#8 E:/CooperativeTraining/web/vendor/laravel/framework/src/Illuminate/Foundation/Application.php(1065): Illuminate/Container/Container->make('encrypter', Array)
#9 E:/CooperativeTraining/web/vendor/laravel/framework/src/Illuminate/Container/Container.php(1361): Illuminate/Foundation/Application->make('encrypter')
#10 E:/CooperativeTraining/web/vendor/laravel/framework/src/Illuminate/Container/Container.php(1262): Illuminate/Container/Container->resolveClass(Object(ReflectionParameter), 'Illuminate//Cont...')
#11 E:/CooperativeTraining/web/vendor/laravel/framework/src/Illuminate/Container/Container.php(1187): Illuminate/Container/Container->resolveDependencies(Array)
#12 E:/CooperativeTraining/web/vendor/laravel/framework/src/Illuminate/Container/Container.php(939): Illuminate/Container/Container->build('Illuminate//Cook...')
#13 E:/CooperativeTraining/web/vendor/laravel/framework/src/Illuminate/Foundation/Application.php(1085): Illuminate/Container/Container->resolve('Illuminate//Cook...', Array, true)
#14 E:/CooperativeTraining/web/vendor/laravel/framework/src/Illuminate/Container/Container.php(867): Illuminate/Foundation/Application->resolve('Illuminate//Cook...', Array)
#15 E:/CooperativeTraining/web/vendor/laravel/framework/src/Illuminate/Foundation/Application.php(1065): Illuminate/Container/Container->make('Illuminate//Cook...', Array)
#16 E:/CooperativeTraining/web/vendor/laravel/framework/src/Illuminate/Pipeline/Pipeline.php(208): Illuminate/Foundation/Application->make('Illuminate//Cook...')
#17 E:/CooperativeTraining/web/vendor/laravel/framework/src/Illuminate/Pipeline/Pipeline.php(137): Illuminate/Pipeline/Pipeline->{closure:{closure:Illuminate/Pipeline/Pipeline::carry():194}:195}(Object(Illuminate/Http/Request))
#18 E:/CooperativeTraining/web/vendor/laravel/framework/src/Illuminate/Routing/Router.php(821): Illuminate/Pipeline/Pipeline->then(Object(Closure))
#19 E:/CooperativeTraining/web/vendor/laravel/framework/src/Illuminate/Routing/Router.php(800): Illuminate/Routing/Router->runRouteWithinStack(Object(Illuminate/Routing/Route), Object(Illuminate/Http/Request))
#20 E:/CooperativeTraining/web/vendor/laravel/framework/src/Illuminate/Routing/Router.php(764): Illuminate/Routing/Router->runRoute(Object(Illuminate/Http/Request), Object(Illuminate/Routing/Route))
#21 E:/CooperativeTraining/web/vendor/laravel/framework/src/Illuminate/Routing/Router.php(753): Illuminate/Routing/Router->dispatchToRoute(Object(Illuminate/Http/Request))
#22 E:/CooperativeTraining/web/vendor/laravel/framework/src/Illuminate/Foundation/Http/Kernel.php(200): Illuminate/Routing/Router->dispatch(Object(Illuminate/Http/Request))
#23 E:/CooperativeTraining/web/vendor/laravel/framework/src/Illuminate/Pipeline/Pipeline.php(180): Illuminate/Foundation/Http/Kernel->{closure:Illuminate/Foundation/Http/Kernel::dispatchToRouter():197}(Object(Illuminate/Http/Request))
#24 E:/CooperativeTraining/web/vendor/livewire/livewire/src/Features/SupportDisablingBackButtonCache/DisableBackButtonCacheMiddleware.php(19): Illuminate/Pipeline/Pipeline->{closure:Illuminate/Pipeline/Pipeline::prepareDestination():178}(Object(Illuminate/Http/Request))
#25 E:/CooperativeTraining/web/vendor/laravel/framework/src/Illuminate/Pipeline/Pipeline.php(219): Livewire/Features/SupportDisablingBackButtonCache/DisableBackButtonCacheMiddleware->handle(Object(Illuminate/Http/Request), Object(Closure))
#26 E:/CooperativeTraining/web/vendor/laravel/framework/src/Illuminate/Foundation/Http/Middleware/TransformsRequest.php(21): Illuminate/Pipeline/Pipeline->{closure:{closure:Illuminate/Pipeline/Pipeline::carry():194}:195}(Object(Illuminate/Http/Request))
#27 E:/CooperativeTraining/web/vendor/laravel/framework/src/Illuminate/Foundation/Http/Middleware/ConvertEmptyStringsToNull.php(31): Illuminate/Foundation/Http/Middleware/TransformsRequest->handle(Object(Illuminate/Http/Request), Object(Closure))
#28 E:/CooperativeTraining/web/vendor/laravel/framework/src/Illuminate/Pipeline/Pipeline.php(219): Illuminate/Foundation/Http/Middleware/ConvertEmptyStringsToNull->handle(Object(Illuminate/Http/Request), Object(Closure))
#29 E:/CooperativeTraining/web/vendor/laravel/framework/src/Illuminate/Foundation/Http/Middleware/TransformsRequest.php(21): Illuminate/Pipeline/Pipeline->{closure:{closure:Illuminate/Pipeline/Pipeline::carry():194}:195}(Object(Illuminate/Http/Request))
#30 E:/CooperativeTraining/web/vendor/laravel/framework/src/Illuminate/Foundation/Http/Middleware/TrimStrings.php(51): Illuminate/Foundation/Http/Middleware/TransformsRequest->handle(Object(Illuminate/Http/Request), Object(Closure))
#31 E:/CooperativeTraining/web/vendor/laravel/framework/src/Illuminate/Pipeline/Pipeline.php(219): Illuminate/Foundation/Http/Middleware/TrimStrings->handle(Object(Illuminate/Http/Request), Object(Closure))
#32 E:/CooperativeTraining/web/vendor/laravel/framework/src/Illuminate/Http/Middleware/ValidatePostSize.php(27): Illuminate/Pipeline/Pipeline->{closure:{closure:Illuminate/Pipeline/Pipeline::carry():194}:195}(Object(Illuminate/Http/Request))
#33 E:/CooperativeTraining/web/vendor/laravel/framework/src/Illuminate/Pipeline/Pipeline.php(219): Illuminate/Http/Middleware/ValidatePostSize->handle(Object(Illuminate/Http/Request), Object(Closure))
#34 E:/CooperativeTraining/web/vendor/laravel/framework/src/Illuminate/Foundation/Http/Middleware/PreventRequestsDuringMaintenance.php(110): Illuminate/Pipeline/Pipeline->{closure:{closure:Illuminate/Pipeline/Pipeline::carry():194}:195}(Object(Illuminate/Http/Request))
#35 E:/CooperativeTraining/web/vendor/laravel/framework/src/Illuminate/Pipeline/Pipeline.php(219): Illuminate/Foundation/Http/Middleware/PreventRequestsDuringMaintenance->handle(Object(Illuminate/Http/Request), Object(Closure))
#36 E:/CooperativeTraining/web/vendor/laravel/framework/src/Illuminate/Http/Middleware/HandleCors.php(61): Illuminate/Pipeline/Pipeline->{closure:{closure:Illuminate/Pipeline/Pipeline::carry():194}:195}(Object(Illuminate/Http/Request))
#37 E:/CooperativeTraining/web/vendor/laravel/framework/src/Illuminate/Pipeline/Pipeline.php(219): Illuminate/Http/Middleware/HandleCors->handle(Object(Illuminate/Http/Request), Object(Closure))
#38 E:/CooperativeTraining/web/vendor/laravel/framework/src/Illuminate/Http/Middleware/TrustProxies.php(58): Illuminate/Pipeline/Pipeline->{closure:{closure:Illuminate/Pipeline/Pipeline::carry():194}:195}(Object(Illuminate/Http/Request))
#39 E:/CooperativeTraining/web/vendor/laravel/framework/src/Illuminate/Pipeline/Pipeline.php(219): Illuminate/Http/Middleware/TrustProxies->handle(Object(Illuminate/Http/Request), Object(Closure))
#40 E:/CooperativeTraining/web/vendor/laravel/framework/src/Illuminate/Foundation/Http/Middleware/InvokeDeferredCallbacks.php(22): Illuminate/Pipeline/Pipeline->{closure:{closure:Illuminate/Pipeline/Pipeline::carry():194}:195}(Object(Illuminate/Http/Request))
#41 E:/CooperativeTraining/web/vendor/laravel/framework/src/Illuminate/Pipeline/Pipeline.php(219): Illuminate/Foundation/Http/Middleware/InvokeDeferredCallbacks->handle(Object(Illuminate/Http/Request), Object(Closure))
#42 E:/CooperativeTraining/web/vendor/laravel/framework/src/Illuminate/Http/Middleware/ValidatePathEncoding.php(28): Illuminate/Pipeline/Pipeline->{closure:{closure:Illuminate/Pipeline/Pipeline::carry():194}:195}(Object(Illuminate/Http/Request))
#43 E:/CooperativeTraining/web/vendor/laravel/framework/src/Illuminate/Pipeline/Pipeline.php(219): Illuminate/Http/Middleware/ValidatePathEncoding->handle(Object(Illuminate/Http/Request), Object(Closure))
#44 E:/CooperativeTraining/web/vendor/laravel/framework/src/Illuminate/Pipeline/Pipeline.php(137): Illuminate/Pipeline/Pipeline->{closure:{closure:Illuminate/Pipeline/Pipeline::carry():194}:195}(Object(Illuminate/Http/Request))
#45 E:/CooperativeTraining/web/vendor/laravel/framework/src/Illuminate/Foundation/Http/Kernel.php(175): Illuminate/Pipeline/Pipeline->then(Object(Closure))
#46 E:/CooperativeTraining/web/vendor/laravel/framework/src/Illuminate/Foundation/Http/Kernel.php(144): Illuminate/Foundation/Http/Kernel->sendRequestThroughRouter(Object(Illuminate/Http/Request))
#47 E:/CooperativeTraining/web/vendor/laravel/framework/src/Illuminate/Foundation/Testing/Concerns/MakesHttpRequests.php(638): Illuminate/Foundation/Http/Kernel->handle(Object(Illuminate/Http/Request))
#48 E:/CooperativeTraining/web/vendor/laravel/framework/src/Illuminate/Foundation/Testing/Concerns/MakesHttpRequests.php(368): Illuminate/Foundation/Testing/TestCase->call('GET', 'http://localhos...', Array, Array, Array, Array)
#49 E:/CooperativeTraining/web/tests/Feature/Auth/PasswordConfirmationTest.php(17): Illuminate/Foundation/Testing/TestCase->get('http://localhos...')
#50 E:/CooperativeTraining/web/vendor/phpunit/phpunit/src/Framework/TestCase.php(1318): Tests/Feature/Auth/PasswordConfirmationTest->test_confirm_password_screen_can_be_rendered()
#51 E:/CooperativeTraining/web/vendor/phpunit/phpunit/src/Framework/TestCase.php(1355): PHPUnit/Framework/TestCase->invokeTestMethod('test_confirm_pa...', Array)
#52 E:/CooperativeTraining/web/vendor/phpunit/phpunit/src/Framework/TestCase.php(521): PHPUnit/Framework/TestCase->runTest()
#53 E:/CooperativeTraining/web/vendor/phpunit/phpunit/src/Framework/TestRunner/TestRunner.php(99): PHPUnit/Framework/TestCase->runBare()
#54 E:/CooperativeTraining/web/vendor/phpunit/phpunit/src/Framework/TestCase.php(361): PHPUnit/Framework/TestRunner->run(Object(Tests/Feature/Auth/PasswordConfirmationTest))
#55 E:/CooperativeTraining/web/vendor/phpunit/phpunit/src/Framework/TestSuite.php(374): PHPUnit/Framework/TestCase->run()
#56 E:/CooperativeTraining/web/vendor/phpunit/phpunit/src/Framework/TestSuite.php(374): PHPUnit/Framework/TestSuite->run()
#57 E:/CooperativeTraining/web/vendor/phpunit/phpunit/src/Framework/TestSuite.php(374): PHPUnit/Framework/TestSuite->run()
#58 E:/CooperativeTraining/web/vendor/phpunit/phpunit/src/TextUI/TestRunner.php(64): PHPUnit/Framework/TestSuite->run()
#59 E:/CooperativeTraining/web/vendor/phpunit/phpunit/src/TextUI/Application.php(229): PHPUnit/TextUI/TestRunner->run(Object(PHPUnit/TextUI/Configuration/Configuration), Object(PHPUnit/Runner/ResultCache/DefaultResultCache), Object(PHPUnit/Framework/TestSuite))
#60 E:/CooperativeTraining/web/vendor/phpunit/phpunit/phpunit(104): PHPUnit/TextUI/Application->run(Array)
#61 {main}
"} 
[2026-09-02 22:18:56] testing.ERROR: No application encryption key has been specified. {"exception":"[object] (Illuminate\\Encryption\\MissingAppKeyException(code: 0): No application encryption key has been specified. at E:/CooperativeTraining/web/vendor/laravel/framework/src/Illuminate/Encryption/EncryptionServiceProvider.php:83)
[stacktrace]
#0 E:/CooperativeTraining/web/vendor/laravel/framework/src/Illuminate/Support/helpers.php(393): Illuminate/Encryption/EncryptionServiceProvider->{closure:Illuminate/Encryption/EncryptionServiceProvider::key():81}('')
#1 E:/CooperativeTraining/web/vendor/laravel/framework/src/Illuminate/Encryption/EncryptionServiceProvider.php(81): tap('', Object(Closure))
#2 E:/CooperativeTraining/web/vendor/laravel/framework/src/Illuminate/Encryption/EncryptionServiceProvider.php(64): Illuminate/Encryption/EncryptionServiceProvider->key(Array)
#3 E:/CooperativeTraining/web/vendor/laravel/framework/src/Illuminate/Encryption/EncryptionServiceProvider.php(32): Illuminate/Encryption/EncryptionServiceProvider->parseKey(Array)
#4 E:/CooperativeTraining/web/vendor/laravel/framework/src/Illuminate/Container/Container.php(1140): Illuminate/Encryption/EncryptionServiceProvider->{closure:Illuminate/Encryption/EncryptionServiceProvider::registerEncrypter():29}(Object(Illuminate/Foundation/Application), Array)
#5 E:/CooperativeTraining/web/vendor/laravel/framework/src/Illuminate/Container/Container.php(939): Illuminate/Container/Container->build(Object(Closure))
#6 E:/CooperativeTraining/web/vendor/laravel/framework/src/Illuminate/Foundation/Application.php(1085): Illuminate/Container/Container->resolve('encrypter', Array, true)
#7 E:/CooperativeTraining/web/vendor/laravel/framework/src/Illuminate/Container/Container.php(867): Illuminate/Foundation/Application->resolve('encrypter', Array)
#8 E:/CooperativeTraining/web/vendor/laravel/framework/src/Illuminate/Foundation/Application.php(1065): Illuminate/Container/Container->make('encrypter', Array)
#9 E:/CooperativeTraining/web/vendor/laravel/framework/src/Illuminate/Container/Container.php(1361): Illuminate/Foundation/Application->make('encrypter')
#10 E:/CooperativeTraining/web/vendor/laravel/framework/src/Illuminate/Container/Container.php(1262): Illuminate/Container/Container->resolveClass(Object(ReflectionParameter), 'Illuminate//Cont...')
#11 E:/CooperativeTraining/web/vendor/laravel/framework/src/Illuminate/Container/Container.php(1187): Illuminate/Container/Container->resolveDependencies(Array)
#12 E:/CooperativeTraining/web/vendor/laravel/framework/src/Illuminate/Container/Container.php(939): Illuminate/Container/Container->build('Illuminate//Cook...')
#13 E:/CooperativeTraining/web/vendor/laravel/framework/src/Illuminate/Foundation/Application.php(1085): Illuminate/Container/Container->resolve('Illuminate//Cook...', Array, true)
#14 E:/CooperativeTraining/web/vendor/laravel/framework/src/Illuminate/Container/Container.php(867): Illuminate/Foundation/Application->resolve('Illuminate//Cook...', Array)
#15 E:/CooperativeTraining/web/vendor/laravel/framework/src/Illuminate/Foundation/Application.php(1065): Illuminate/Container/Container->make('Illuminate//Cook...', Array)
#16 E:/CooperativeTraining/web/vendor/laravel/framework/src/Illuminate/Pipeline/Pipeline.php(208): Illuminate/Foundation/Application->make('Illuminate//Cook...')
#17 E:/CooperativeTraining/web/vendor/laravel/framework/src/Illuminate/Pipeline/Pipeline.php(137): Illuminate/Pipeline/Pipeline->{closure:{closure:Illuminate/Pipeline/Pipeline::carry():194}:195}(Object(Illuminate/Http/Request))
#18 E:/CooperativeTraining/web/vendor/laravel/framework/src/Illuminate/Routing/Router.php(821): Illuminate/Pipeline/Pipeline->then(Object(Closure))
#19 E:/CooperativeTraining/web/vendor/laravel/framework/src/Illuminate/Routing/Router.php(800): Illuminate/Routing/Router->runRouteWithinStack(Object(Illuminate/Routing/Route), Object(Illuminate/Http/Request))
#20 E:/CooperativeTraining/web/vendor/laravel/framework/src/Illuminate/Routing/Router.php(764): Illuminate/Routing/Router->runRoute(Object(Illuminate/Http/Request), Object(Illuminate/Routing/Route))
#21 E:/CooperativeTraining/web/vendor/laravel/framework/src/Illuminate/Routing/Router.php(753): Illuminate/Routing/Router->dispatchToRoute(Object(Illuminate/Http/Request))
#22 E:/CooperativeTraining/web/vendor/laravel/framework/src/Illuminate/Foundation/Http/Kernel.php(200): Illuminate/Routing/Router->dispatch(Object(Illuminate/Http/Request))
#23 E:/CooperativeTraining/web/vendor/laravel/framework/src/Illuminate/Pipeline/Pipeline.php(180): Illuminate/Foundation/Http/Kernel->{closure:Illuminate/Foundation/Http/Kernel::dispatchToRouter():197}(Object(Illuminate/Http/Request))
#24 E:/CooperativeTraining/web/vendor/livewire/livewire/src/Features/SupportDisablingBackButtonCache/DisableBackButtonCacheMiddleware.php(19): Illuminate/Pipeline/Pipeline->{closure:Illuminate/Pipeline/Pipeline::prepareDestination():178}(Object(Illuminate/Http/Request))
#25 E:/CooperativeTraining/web/vendor/laravel/framework/src/Illuminate/Pipeline/Pipeline.php(219): Livewire/Features/SupportDisablingBackButtonCache/DisableBackButtonCacheMiddleware->handle(Object(Illuminate/Http/Request), Object(Closure))
#26 E:/CooperativeTraining/web/vendor/laravel/framework/src/Illuminate/Foundation/Http/Middleware/TransformsRequest.php(21): Illuminate/Pipeline/Pipeline->{closure:{closure:Illuminate/Pipeline/Pipeline::carry():194}:195}(Object(Illuminate/Http/Request))
#27 E:/CooperativeTraining/web/vendor/laravel/framework/src/Illuminate/Foundation/Http/Middleware/ConvertEmptyStringsToNull.php(31): Illuminate/Foundation/Http/Middleware/TransformsRequest->handle(Object(Illuminate/Http/Request), Object(Closure))
#28 E:/CooperativeTraining/web/vendor/laravel/framework/src/Illuminate/Pipeline/Pipeline.php(219): Illuminate/Foundation/Http/Middleware/ConvertEmptyStringsToNull->handle(Object(Illuminate/Http/Request), Object(Closure))
#29 E:/CooperativeTraining/web/vendor/laravel/framework/src/Illuminate/Foundation/Http/Middleware/TransformsRequest.php(21): Illuminate/Pipeline/Pipeline->{closure:{closure:Illuminate/Pipeline/Pipeline::carry():194}:195}(Object(Illuminate/Http/Request))
#30 E:/CooperativeTraining/web/vendor/laravel/framework/src/Illuminate/Foundation/Http/Middleware/TrimStrings.php(51): Illuminate/Foundation/Http/Middleware/TransformsRequest->handle(Object(Illuminate/Http/Request), Object(Closure))
#31 E:/CooperativeTraining/web/vendor/laravel/framework/src/Illuminate/Pipeline/Pipeline.php(219): Illuminate/Foundation/Http/Middleware/TrimStrings->handle(Object(Illuminate/Http/Request), Object(Closure))
#32 E:/CooperativeTraining/web/vendor/laravel/framework/src/Illuminate/Http/Middleware/ValidatePostSize.php(27): Illuminate/Pipeline/Pipeline->{closure:{closure:Illuminate/Pipeline/Pipeline::carry():194}:195}(Object(Illuminate/Http/Request))
#33 E:/CooperativeTraining/web/vendor/laravel/framework/src/Illuminate/Pipeline/Pipeline.php(219): Illuminate/Http/Middleware/ValidatePostSize->handle(Object(Illuminate/Http/Request), Object(Closure))
#34 E:/CooperativeTraining/web/vendor/laravel/framework/src/Illuminate/Foundation/Http/Middleware/PreventRequestsDuringMaintenance.php(110): Illuminate/Pipeline/Pipeline->{closure:{closure:Illuminate/Pipeline/Pipeline::carry():194}:195}(Object(Illuminate/Http/Request))
#35 E:/CooperativeTraining/web/vendor/laravel/framework/src/Illuminate/Pipeline/Pipeline.php(219): Illuminate/Foundation/Http/Middleware/PreventRequestsDuringMaintenance->handle(Object(Illuminate/Http/Request), Object(Closure))
#36 E:/CooperativeTraining/web/vendor/laravel/framework/src/Illuminate/Http/Middleware/HandleCors.php(61): Illuminate/Pipeline/Pipeline->{closure:{closure:Illuminate/Pipeline/Pipeline::carry():194}:195}(Object(Illuminate/Http/Request))
#37 E:/CooperativeTraining/web/vendor/laravel/framework/src/Illuminate/Pipeline/Pipeline.php(219): Illuminate/Http/Middleware/HandleCors->handle(Object(Illuminate/Http/Request), Object(Closure))
#38 E:/CooperativeTraining/web/vendor/laravel/framework/src/Illuminate/Http/Middleware/TrustProxies.php(58): Illuminate/Pipeline/Pipeline->{closure:{closure:Illuminate/Pipeline/Pipeline::carry():194}:195}(Object(Illuminate/Http/Request))
#39 E:/CooperativeTraining/web/vendor/laravel/framework/src/Illuminate/Pipeline/Pipeline.php(219): Illuminate/Http/Middleware/TrustProxies->handle(Object(Illuminate/Http/Request), Object(Closure))
#40 E:/CooperativeTraining/web/vendor/laravel/framework/src/Illuminate/Foundation/Http/Middleware/InvokeDeferredCallbacks.php(22): Illuminate/Pipeline/Pipeline->{closure:{closure:Illuminate/Pipeline/Pipeline::carry():194}:195}(Object(Illuminate/Http/Request))
#41 E:/CooperativeTraining/web/vendor/laravel/framework/src/Illuminate/Pipeline/Pipeline.php(219): Illuminate/Foundation/Http/Middleware/InvokeDeferredCallbacks->handle(Object(Illuminate/Http/Request), Object(Closure))
#42 E:/CooperativeTraining/web/vendor/laravel/framework/src/Illuminate/Http/Middleware/ValidatePathEncoding.php(28): Illuminate/Pipeline/Pipeline->{closure:{closure:Illuminate/Pipeline/Pipeline::carry():194}:195}(Object(Illuminate/Http/Request))
#43 E:/CooperativeTraining/web/vendor/laravel/framework/src/Illuminate/Pipeline/Pipeline.php(219): Illuminate/Http/Middleware/ValidatePathEncoding->handle(Object(Illuminate/Http/Request), Object(Closure))
#44 E:/CooperativeTraining/web/vendor/laravel/framework/src/Illuminate/Pipeline/Pipeline.php(137): Illuminate/Pipeline/Pipeline->{closure:{closure:Illuminate/Pipeline/Pipeline::carry():194}:195}(Object(Illuminate/Http/Request))
#45 E:/CooperativeTraining/web/vendor/laravel/framework/src/Illuminate/Foundation/Http/Kernel.php(175): Illuminate/Pipeline/Pipeline->then(Object(Closure))
#46 E:/CooperativeTraining/web/vendor/laravel/framework/src/Illuminate/Foundation/Http/Kernel.php(144): Illuminate/Foundation/Http/Kernel->sendRequestThroughRouter(Object(Illuminate/Http/Request))
#47 E:/CooperativeTraining/web/vendor/laravel/framework/src/Illuminate/Foundation/Testing/Concerns/MakesHttpRequests.php(638): Illuminate/Foundation/Http/Kernel->handle(Object(Illuminate/Http/Request))
#48 E:/CooperativeTraining/web/vendor/laravel/framework/src/Illuminate/Foundation/Testing/Concerns/MakesHttpRequests.php(368): Illuminate/Foundation/Testing/TestCase->call('GET', 'http://localhos...', Array, Array, Array, Array)
#49 E:/CooperativeTraining/web/tests/Feature/Auth/PasswordResetTest.php(25): Illuminate/Foundation/Testing/TestCase->get('http://localhos...')
#50 E:/CooperativeTraining/web/vendor/phpunit/phpunit/src/Framework/TestCase.php(1318): Tests/Feature/Auth/PasswordResetTest->test_reset_password_link_screen_can_be_rendered()
#51 E:/CooperativeTraining/web/vendor/phpunit/phpunit/src/Framework/TestCase.php(1355): PHPUnit/Framework/TestCase->invokeTestMethod('test_reset_pass...', Array)
#52 E:/CooperativeTraining/web/vendor/phpunit/phpunit/src/Framework/TestCase.php(521): PHPUnit/Framework/TestCase->runTest()
#53 E:/CooperativeTraining/web/vendor/phpunit/phpunit/src/Framework/TestRunner/TestRunner.php(99): PHPUnit/Framework/TestCase->runBare()
#54 E:/CooperativeTraining/web/vendor/phpunit/phpunit/src/Framework/TestCase.php(361): PHPUnit/Framework/TestRunner->run(Object(Tests/Feature/Auth/PasswordResetTest))
#55 E:/CooperativeTraining/web/vendor/phpunit/phpunit/src/Framework/TestSuite.php(374): PHPUnit/Framework/TestCase->run()
#56 E:/CooperativeTraining/web/vendor/phpunit/phpunit/src/Framework/TestSuite.php(374): PHPUnit/Framework/TestSuite->run()
#57 E:/CooperativeTraining/web/vendor/phpunit/phpunit/src/Framework/TestSuite.php(374): PHPUnit/Framework/TestSuite->run()
#58 E:/CooperativeTraining/web/vendor/phpunit/phpunit/src/TextUI/TestRunner.php(64): PHPUnit/Framework/TestSuite->run()
#59 E:/CooperativeTraining/web/vendor/phpunit/phpunit/src/TextUI/Application.php(229): PHPUnit/TextUI/TestRunner->run(Object(PHPUnit/TextUI/Configuration/Configuration), Object(PHPUnit/Runner/ResultCache/DefaultResultCache), Object(PHPUnit/Framework/TestSuite))
#60 E:/CooperativeTraining/web/vendor/phpunit/phpunit/phpunit(104): PHPUnit/TextUI/Application->run(Array)
#61 {main}
"} 
[2026-09-02 22:18:56] testing.ERROR: No application encryption key has been specified. {"exception":"[object] (Illuminate\\Encryption\\MissingAppKeyException(code: 0): No application encryption key has been specified. at E:/CooperativeTraining/web/vendor/laravel/framework/src/Illuminate/Encryption/EncryptionServiceProvider.php:83)
[stacktrace]
#0 E:/CooperativeTraining/web/vendor/laravel/framework/src/Illuminate/Support/helpers.php(393): Illuminate/Encryption/EncryptionServiceProvider->{closure:Illuminate/Encryption/EncryptionServiceProvider::key():81}('')
#1 E:/CooperativeTraining/web/vendor/laravel/framework/src/Illuminate/Encryption/EncryptionServiceProvider.php(81): tap('', Object(Closure))
#2 E:/CooperativeTraining/web/vendor/laravel/framework/src/Illuminate/Encryption/EncryptionServiceProvider.php(64): Illuminate/Encryption/EncryptionServiceProvider->key(Array)
#3 E:/CooperativeTraining/web/vendor/laravel/framework/src/Illuminate/Encryption/EncryptionServiceProvider.php(32): Illuminate/Encryption/EncryptionServiceProvider->parseKey(Array)
#4 E:/CooperativeTraining/web/vendor/laravel/framework/src/Illuminate/Container/Container.php(1140): Illuminate/Encryption/EncryptionServiceProvider->{closure:Illuminate/Encryption/EncryptionServiceProvider::registerEncrypter():29}(Object(Illuminate/Foundation/Application), Array)
#5 E:/CooperativeTraining/web/vendor/laravel/framework/src/Illuminate/Container/Container.php(939): Illuminate/Container/Container->build(Object(Closure))
#6 E:/CooperativeTraining/web/vendor/laravel/framework/src/Illuminate/Foundation/Application.php(1085): Illuminate/Container/Container->resolve('encrypter', Array, true)
#7 E:/CooperativeTraining/web/vendor/laravel/framework/src/Illuminate/Container/Container.php(867): Illuminate/Foundation/Application->resolve('encrypter', Array)
#8 E:/CooperativeTraining/web/vendor/laravel/framework/src/Illuminate/Foundation/Application.php(1065): Illuminate/Container/Container->make('encrypter', Array)
#9 E:/CooperativeTraining/web/vendor/laravel/framework/src/Illuminate/Container/Container.php(1361): Illuminate/Foundation/Application->make('encrypter')
#10 E:/CooperativeTraining/web/vendor/laravel/framework/src/Illuminate/Container/Container.php(1262): Illuminate/Container/Container->resolveClass(Object(ReflectionParameter), 'Illuminate//Cont...')
#11 E:/CooperativeTraining/web/vendor/laravel/framework/src/Illuminate/Container/Container.php(1187): Illuminate/Container/Container->resolveDependencies(Array)
#12 E:/CooperativeTraining/web/vendor/laravel/framework/src/Illuminate/Container/Container.php(939): Illuminate/Container/Container->build('Illuminate//Cook...')
#13 E:/CooperativeTraining/web/vendor/laravel/framework/src/Illuminate/Foundation/Application.php(1085): Illuminate/Container/Container->resolve('Illuminate//Cook...', Array, true)
#14 E:/CooperativeTraining/web/vendor/laravel/framework/src/Illuminate/Container/Container.php(867): Illuminate/Foundation/Application->resolve('Illuminate//Cook...', Array)
#15 E:/CooperativeTraining/web/vendor/laravel/framework/src/Illuminate/Foundation/Application.php(1065): Illuminate/Container/Container->make('Illuminate//Cook...', Array)
#16 E:/CooperativeTraining/web/vendor/laravel/framework/src/Illuminate/Pipeline/Pipeline.php(208): Illuminate/Foundation/Application->make('Illuminate//Cook...')
#17 E:/CooperativeTraining/web/vendor/laravel/framework/src/Illuminate/Pipeline/Pipeline.php(137): Illuminate/Pipeline/Pipeline->{closure:{closure:Illuminate/Pipeline/Pipeline::carry():194}:195}(Object(Illuminate/Http/Request))
#18 E:/CooperativeTraining/web/vendor/laravel/framework/src/Illuminate/Routing/Router.php(821): Illuminate/Pipeline/Pipeline->then(Object(Closure))
#19 E:/CooperativeTraining/web/vendor/laravel/framework/src/Illuminate/Routing/Router.php(800): Illuminate/Routing/Router->runRouteWithinStack(Object(Illuminate/Routing/Route), Object(Illuminate/Http/Request))
#20 E:/CooperativeTraining/web/vendor/laravel/framework/src/Illuminate/Routing/Router.php(764): Illuminate/Routing/Router->runRoute(Object(Illuminate/Http/Request), Object(Illuminate/Routing/Route))
#21 E:/CooperativeTraining/web/vendor/laravel/framework/src/Illuminate/Routing/Router.php(753): Illuminate/Routing/Router->dispatchToRoute(Object(Illuminate/Http/Request))
#22 E:/CooperativeTraining/web/vendor/laravel/framework/src/Illuminate/Foundation/Http/Kernel.php(200): Illuminate/Routing/Router->dispatch(Object(Illuminate/Http/Request))
#23 E:/CooperativeTraining/web/vendor/laravel/framework/src/Illuminate/Pipeline/Pipeline.php(180): Illuminate/Foundation/Http/Kernel->{closure:Illuminate/Foundation/Http/Kernel::dispatchToRouter():197}(Object(Illuminate/Http/Request))
#24 E:/CooperativeTraining/web/vendor/livewire/livewire/src/Features/SupportDisablingBackButtonCache/DisableBackButtonCacheMiddleware.php(19): Illuminate/Pipeline/Pipeline->{closure:Illuminate/Pipeline/Pipeline::prepareDestination():178}(Object(Illuminate/Http/Request))
#25 E:/CooperativeTraining/web/vendor/laravel/framework/src/Illuminate/Pipeline/Pipeline.php(219): Livewire/Features/SupportDisablingBackButtonCache/DisableBackButtonCacheMiddleware->handle(Object(Illuminate/Http/Request), Object(Closure))
#26 E:/CooperativeTraining/web/vendor/laravel/framework/src/Illuminate/Foundation/Http/Middleware/TransformsRequest.php(21): Illuminate/Pipeline/Pipeline->{closure:{closure:Illuminate/Pipeline/Pipeline::carry():194}:195}(Object(Illuminate/Http/Request))
#27 E:/CooperativeTraining/web/vendor/laravel/framework/src/Illuminate/Foundation/Http/Middleware/ConvertEmptyStringsToNull.php(31): Illuminate/Foundation/Http/Middleware/TransformsRequest->handle(Object(Illuminate/Http/Request), Object(Closure))
#28 E:/CooperativeTraining/web/vendor/laravel/framework/src/Illuminate/Pipeline/Pipeline.php(219): Illuminate/Foundation/Http/Middleware/ConvertEmptyStringsToNull->handle(Object(Illuminate/Http/Request), Object(Closure))
#29 E:/CooperativeTraining/web/vendor/laravel/framework/src/Illuminate/Foundation/Http/Middleware/TransformsRequest.php(21): Illuminate/Pipeline/Pipeline->{closure:{closure:Illuminate/Pipeline/Pipeline::carry():194}:195}(Object(Illuminate/Http/Request))
#30 E:/CooperativeTraining/web/vendor/laravel/framework/src/Illuminate/Foundation/Http/Middleware/TrimStrings.php(51): Illuminate/Foundation/Http/Middleware/TransformsRequest->handle(Object(Illuminate/Http/Request), Object(Closure))
#31 E:/CooperativeTraining/web/vendor/laravel/framework/src/Illuminate/Pipeline/Pipeline.php(219): Illuminate/Foundation/Http/Middleware/TrimStrings->handle(Object(Illuminate/Http/Request), Object(Closure))
#32 E:/CooperativeTraining/web/vendor/laravel/framework/src/Illuminate/Http/Middleware/ValidatePostSize.php(27): Illuminate/Pipeline/Pipeline->{closure:{closure:Illuminate/Pipeline/Pipeline::carry():194}:195}(Object(Illuminate/Http/Request))
#33 E:/CooperativeTraining/web/vendor/laravel/framework/src/Illuminate/Pipeline/Pipeline.php(219): Illuminate/Http/Middleware/ValidatePostSize->handle(Object(Illuminate/Http/Request), Object(Closure))
#34 E:/CooperativeTraining/web/vendor/laravel/framework/src/Illuminate/Foundation/Http/Middleware/PreventRequestsDuringMaintenance.php(110): Illuminate/Pipeline/Pipeline->{closure:{closure:Illuminate/Pipeline/Pipeline::carry():194}:195}(Object(Illuminate/Http/Request))
#35 E:/CooperativeTraining/web/vendor/laravel/framework/src/Illuminate/Pipeline/Pipeline.php(219): Illuminate/Foundation/Http/Middleware/PreventRequestsDuringMaintenance->handle(Object(Illuminate/Http/Request), Object(Closure))
#36 E:/CooperativeTraining/web/vendor/laravel/framework/src/Illuminate/Http/Middleware/HandleCors.php(61): Illuminate/Pipeline/Pipeline->{closure:{closure:Illuminate/Pipeline/Pipeline::carry():194}:195}(Object(Illuminate/Http/Request))
#37 E:/CooperativeTraining/web/vendor/laravel/framework/src/Illuminate/Pipeline/Pipeline.php(219): Illuminate/Http/Middleware/HandleCors->handle(Object(Illuminate/Http/Request), Object(Closure))
#38 E:/CooperativeTraining/web/vendor/laravel/framework/src/Illuminate/Http/Middleware/TrustProxies.php(58): Illuminate/Pipeline/Pipeline->{closure:{closure:Illuminate/Pipeline/Pipeline::carry():194}:195}(Object(Illuminate/Http/Request))
#39 E:/CooperativeTraining/web/vendor/laravel/framework/src/Illuminate/Pipeline/Pipeline.php(219): Illuminate/Http/Middleware/TrustProxies->handle(Object(Illuminate/Http/Request), Object(Closure))
#40 E:/CooperativeTraining/web/vendor/laravel/framework/src/Illuminate/Foundation/Http/Middleware/InvokeDeferredCallbacks.php(22): Illuminate/Pipeline/Pipeline->{closure:{closure:Illuminate/Pipeline/Pipeline::carry():194}:195}(Object(Illuminate/Http/Request))
#41 E:/CooperativeTraining/web/vendor/laravel/framework/src/Illuminate/Pipeline/Pipeline.php(219): Illuminate/Foundation/Http/Middleware/InvokeDeferredCallbacks->handle(Object(Illuminate/Http/Request), Object(Closure))
#42 E:/CooperativeTraining/web/vendor/laravel/framework/src/Illuminate/Http/Middleware/ValidatePathEncoding.php(28): Illuminate/Pipeline/Pipeline->{closure:{closure:Illuminate/Pipeline/Pipeline::carry():194}:195}(Object(Illuminate/Http/Request))
#43 E:/CooperativeTraining/web/vendor/laravel/framework/src/Illuminate/Pipeline/Pipeline.php(219): Illuminate/Http/Middleware/ValidatePathEncoding->handle(Object(Illuminate/Http/Request), Object(Closure))
#44 E:/CooperativeTraining/web/vendor/laravel/framework/src/Illuminate/Pipeline/Pipeline.php(137): Illuminate/Pipeline/Pipeline->{closure:{closure:Illuminate/Pipeline/Pipeline::carry():194}:195}(Object(Illuminate/Http/Request))
#45 E:/CooperativeTraining/web/vendor/laravel/framework/src/Illuminate/Foundation/Http/Kernel.php(175): Illuminate/Pipeline/Pipeline->then(Object(Closure))
#46 E:/CooperativeTraining/web/vendor/laravel/framework/src/Illuminate/Foundation/Http/Kernel.php(144): Illuminate/Foundation/Http/Kernel->sendRequestThroughRouter(Object(Illuminate/Http/Request))
#47 E:/CooperativeTraining/web/vendor/laravel/framework/src/Illuminate/Foundation/Testing/Concerns/MakesHttpRequests.php(638): Illuminate/Foundation/Http/Kernel->handle(Object(Illuminate/Http/Request))
#48 E:/CooperativeTraining/web/vendor/laravel/framework/src/Illuminate/Foundation/Testing/Concerns/MakesHttpRequests.php(397): Illuminate/Foundation/Testing/TestCase->call('POST', 'http://localhos...', Array, Array, Array, Array)
#49 E:/CooperativeTraining/web/tests/Feature/Auth/PasswordResetTest.php(36): Illuminate/Foundation/Testing/TestCase->post('http://localhos...', Array)
#50 E:/CooperativeTraining/web/vendor/phpunit/phpunit/src/Framework/TestCase.php(1318): Tests/Feature/Auth/PasswordResetTest->test_reset_password_link_can_be_requested()
#51 E:/CooperativeTraining/web/vendor/phpunit/phpunit/src/Framework/TestCase.php(1355): PHPUnit/Framework/TestCase->invokeTestMethod('test_reset_pass...', Array)
#52 E:/CooperativeTraining/web/vendor/phpunit/phpunit/src/Framework/TestCase.php(521): PHPUnit/Framework/TestCase->runTest()
#53 E:/CooperativeTraining/web/vendor/phpunit/phpunit/src/Framework/TestRunner/TestRunner.php(99): PHPUnit/Framework/TestCase->runBare()
#54 E:/CooperativeTraining/web/vendor/phpunit/phpunit/src/Framework/TestCase.php(361): PHPUnit/Framework/TestRunner->run(Object(Tests/Feature/Auth/PasswordResetTest))
#55 E:/CooperativeTraining/web/vendor/phpunit/phpunit/src/Framework/TestSuite.php(374): PHPUnit/Framework/TestCase->run()
#56 E:/CooperativeTraining/web/vendor/phpunit/phpunit/src/Framework/TestSuite.php(374): PHPUnit/Framework/TestSuite->run()
#57 E:/CooperativeTraining/web/vendor/phpunit/phpunit/src/Framework/TestSuite.php(374): PHPUnit/Framework/TestSuite->run()
#58 E:/CooperativeTraining/web/vendor/phpunit/phpunit/src/TextUI/TestRunner.php(64): PHPUnit/Framework/TestSuite->run()
#59 E:/CooperativeTraining/web/vendor/phpunit/phpunit/src/TextUI/Application.php(229): PHPUnit/TextUI/TestRunner->run(Object(PHPUnit/TextUI/Configuration/Configuration), Object(PHPUnit/Runner/ResultCache/DefaultResultCache), Object(PHPUnit/Framework/TestSuite))
#60 E:/CooperativeTraining/web/vendor/phpunit/phpunit/phpunit(104): PHPUnit/TextUI/Application->run(Array)
#61 {main}
"} 
[2026-09-02 22:18:56] testing.ERROR: No application encryption key has been specified. {"exception":"[object] (Illuminate\\Encryption\\MissingAppKeyException(code: 0): No application encryption key has been specified. at E:/CooperativeTraining/web/vendor/laravel/framework/src/Illuminate/Encryption/EncryptionServiceProvider.php:83)
[stacktrace]
#0 E:/CooperativeTraining/web/vendor/laravel/framework/src/Illuminate/Support/helpers.php(393): Illuminate/Encryption/EncryptionServiceProvider->{closure:Illuminate/Encryption/EncryptionServiceProvider::key():81}('')
#1 E:/CooperativeTraining/web/vendor/laravel/framework/src/Illuminate/Encryption/EncryptionServiceProvider.php(81): tap('', Object(Closure))
#2 E:/CooperativeTraining/web/vendor/laravel/framework/src/Illuminate/Encryption/EncryptionServiceProvider.php(64): Illuminate/Encryption/EncryptionServiceProvider->key(Array)
#3 E:/CooperativeTraining/web/vendor/laravel/framework/src/Illuminate/Encryption/EncryptionServiceProvider.php(32): Illuminate/Encryption/EncryptionServiceProvider->parseKey(Array)
#4 E:/CooperativeTraining/web/vendor/laravel/framework/src/Illuminate/Container/Container.php(1140): Illuminate/Encryption/EncryptionServiceProvider->{closure:Illuminate/Encryption/EncryptionServiceProvider::registerEncrypter():29}(Object(Illuminate/Foundation/Application), Array)
#5 E:/CooperativeTraining/web/vendor/laravel/framework/src/Illuminate/Container/Container.php(939): Illuminate/Container/Container->build(Object(Closure))
#6 E:/CooperativeTraining/web/vendor/laravel/framework/src/Illuminate/Foundation/Application.php(1085): Illuminate/Container/Container->resolve('encrypter', Array, true)
#7 E:/CooperativeTraining/web/vendor/laravel/framework/src/Illuminate/Container/Container.php(867): Illuminate/Foundation/Application->resolve('encrypter', Array)
#8 E:/CooperativeTraining/web/vendor/laravel/framework/src/Illuminate/Foundation/Application.php(1065): Illuminate/Container/Container->make('encrypter', Array)
#9 E:/CooperativeTraining/web/vendor/laravel/framework/src/Illuminate/Container/Container.php(1361): Illuminate/Foundation/Application->make('encrypter')
#10 E:/CooperativeTraining/web/vendor/laravel/framework/src/Illuminate/Container/Container.php(1262): Illuminate/Container/Container->resolveClass(Object(ReflectionParameter), 'Illuminate//Cont...')
#11 E:/CooperativeTraining/web/vendor/laravel/framework/src/Illuminate/Container/Container.php(1187): Illuminate/Container/Container->resolveDependencies(Array)
#12 E:/CooperativeTraining/web/vendor/laravel/framework/src/Illuminate/Container/Container.php(939): Illuminate/Container/Container->build('Illuminate//Cook...')
#13 E:/CooperativeTraining/web/vendor/laravel/framework/src/Illuminate/Foundation/Application.php(1085): Illuminate/Container/Container->resolve('Illuminate//Cook...', Array, true)
#14 E:/CooperativeTraining/web/vendor/laravel/framework/src/Illuminate/Container/Container.php(867): Illuminate/Foundation/Application->resolve('Illuminate//Cook...', Array)
#15 E:/CooperativeTraining/web/vendor/laravel/framework/src/Illuminate/Foundation/Application.php(1065): Illuminate/Container/Container->make('Illuminate//Cook...', Array)
#16 E:/CooperativeTraining/web/vendor/laravel/framework/src/Illuminate/Pipeline/Pipeline.php(208): Illuminate/Foundation/Application->make('Illuminate//Cook...')
#17 E:/CooperativeTraining/web/vendor/laravel/framework/src/Illuminate/Pipeline/Pipeline.php(137): Illuminate/Pipeline/Pipeline->{closure:{closure:Illuminate/Pipeline/Pipeline::carry():194}:195}(Object(Illuminate/Http/Request))
#18 E:/CooperativeTraining/web/vendor/laravel/framework/src/Illuminate/Routing/Router.php(821): Illuminate/Pipeline/Pipeline->then(Object(Closure))
#19 E:/CooperativeTraining/web/vendor/laravel/framework/src/Illuminate/Routing/Router.php(800): Illuminate/Routing/Router->runRouteWithinStack(Object(Illuminate/Routing/Route), Object(Illuminate/Http/Request))
#20 E:/CooperativeTraining/web/vendor/laravel/framework/src/Illuminate/Routing/Router.php(764): Illuminate/Routing/Router->runRoute(Object(Illuminate/Http/Request), Object(Illuminate/Routing/Route))
#21 E:/CooperativeTraining/web/vendor/laravel/framework/src/Illuminate/Routing/Router.php(753): Illuminate/Routing/Router->dispatchToRoute(Object(Illuminate/Http/Request))
#22 E:/CooperativeTraining/web/vendor/laravel/framework/src/Illuminate/Foundation/Http/Kernel.php(200): Illuminate/Routing/Router->dispatch(Object(Illuminate/Http/Request))
#23 E:/CooperativeTraining/web/vendor/laravel/framework/src/Illuminate/Pipeline/Pipeline.php(180): Illuminate/Foundation/Http/Kernel->{closure:Illuminate/Foundation/Http/Kernel::dispatchToRouter():197}(Object(Illuminate/Http/Request))
#24 E:/CooperativeTraining/web/vendor/livewire/livewire/src/Features/SupportDisablingBackButtonCache/DisableBackButtonCacheMiddleware.php(19): Illuminate/Pipeline/Pipeline->{closure:Illuminate/Pipeline/Pipeline::prepareDestination():178}(Object(Illuminate/Http/Request))
#25 E:/CooperativeTraining/web/vendor/laravel/framework/src/Illuminate/Pipeline/Pipeline.php(219): Livewire/Features/SupportDisablingBackButtonCache/DisableBackButtonCacheMiddleware->handle(Object(Illuminate/Http/Request), Object(Closure))
#26 E:/CooperativeTraining/web/vendor/laravel/framework/src/Illuminate/Foundation/Http/Middleware/TransformsRequest.php(21): Illuminate/Pipeline/Pipeline->{closure:{closure:Illuminate/Pipeline/Pipeline::carry():194}:195}(Object(Illuminate/Http/Request))
#27 E:/CooperativeTraining/web/vendor/laravel/framework/src/Illuminate/Foundation/Http/Middleware/ConvertEmptyStringsToNull.php(31): Illuminate/Foundation/Http/Middleware/TransformsRequest->handle(Object(Illuminate/Http/Request), Object(Closure))
#28 E:/CooperativeTraining/web/vendor/laravel/framework/src/Illuminate/Pipeline/Pipeline.php(219): Illuminate/Foundation/Http/Middleware/ConvertEmptyStringsToNull->handle(Object(Illuminate/Http/Request), Object(Closure))
#29 E:/CooperativeTraining/web/vendor/laravel/framework/src/Illuminate/Foundation/Http/Middleware/TransformsRequest.php(21): Illuminate/Pipeline/Pipeline->{closure:{closure:Illuminate/Pipeline/Pipeline::carry():194}:195}(Object(Illuminate/Http/Request))
#30 E:/CooperativeTraining/web/vendor/laravel/framework/src/Illuminate/Foundation/Http/Middleware/TrimStrings.php(51): Illuminate/Foundation/Http/Middleware/TransformsRequest->handle(Object(Illuminate/Http/Request), Object(Closure))
#31 E:/CooperativeTraining/web/vendor/laravel/framework/src/Illuminate/Pipeline/Pipeline.php(219): Illuminate/Foundation/Http/Middleware/TrimStrings->handle(Object(Illuminate/Http/Request), Object(Closure))
#32 E:/CooperativeTraining/web/vendor/laravel/framework/src/Illuminate/Http/Middleware/ValidatePostSize.php(27): Illuminate/Pipeline/Pipeline->{closure:{closure:Illuminate/Pipeline/Pipeline::carry():194}:195}(Object(Illuminate/Http/Request))
#33 E:/CooperativeTraining/web/vendor/laravel/framework/src/Illuminate/Pipeline/Pipeline.php(219): Illuminate/Http/Middleware/ValidatePostSize->handle(Object(Illuminate/Http/Request), Object(Closure))
#34 E:/CooperativeTraining/web/vendor/laravel/framework/src/Illuminate/Foundation/Http/Middleware/PreventRequestsDuringMaintenance.php(110): Illuminate/Pipeline/Pipeline->{closure:{closure:Illuminate/Pipeline/Pipeline::carry():194}:195}(Object(Illuminate/Http/Request))
#35 E:/CooperativeTraining/web/vendor/laravel/framework/src/Illuminate/Pipeline/Pipeline.php(219): Illuminate/Foundation/Http/Middleware/PreventRequestsDuringMaintenance->handle(Object(Illuminate/Http/Request), Object(Closure))
#36 E:/CooperativeTraining/web/vendor/laravel/framework/src/Illuminate/Http/Middleware/HandleCors.php(61): Illuminate/Pipeline/Pipeline->{closure:{closure:Illuminate/Pipeline/Pipeline::carry():194}:195}(Object(Illuminate/Http/Request))
#37 E:/CooperativeTraining/web/vendor/laravel/framework/src/Illuminate/Pipeline/Pipeline.php(219): Illuminate/Http/Middleware/HandleCors->handle(Object(Illuminate/Http/Request), Object(Closure))
#38 E:/CooperativeTraining/web/vendor/laravel/framework/src/Illuminate/Http/Middleware/TrustProxies.php(58): Illuminate/Pipeline/Pipeline->{closure:{closure:Illuminate/Pipeline/Pipeline::carry():194}:195}(Object(Illuminate/Http/Request))
#39 E:/CooperativeTraining/web/vendor/laravel/framework/src/Illuminate/Pipeline/Pipeline.php(219): Illuminate/Http/Middleware/TrustProxies->handle(Object(Illuminate/Http/Request), Object(Closure))
#40 E:/CooperativeTraining/web/vendor/laravel/framework/src/Illuminate/Foundation/Http/Middleware/InvokeDeferredCallbacks.php(22): Illuminate/Pipeline/Pipeline->{closure:{closure:Illuminate/Pipeline/Pipeline::carry():194}:195}(Object(Illuminate/Http/Request))
#41 E:/CooperativeTraining/web/vendor/laravel/framework/src/Illuminate/Pipeline/Pipeline.php(219): Illuminate/Foundation/Http/Middleware/InvokeDeferredCallbacks->handle(Object(Illuminate/Http/Request), Object(Closure))
#42 E:/CooperativeTraining/web/vendor/laravel/framework/src/Illuminate/Http/Middleware/ValidatePathEncoding.php(28): Illuminate/Pipeline/Pipeline->{closure:{closure:Illuminate/Pipeline/Pipeline::carry():194}:195}(Object(Illuminate/Http/Request))
#43 E:/CooperativeTraining/web/vendor/laravel/framework/src/Illuminate/Pipeline/Pipeline.php(219): Illuminate/Http/Middleware/ValidatePathEncoding->handle(Object(Illuminate/Http/Request), Object(Closure))
#44 E:/CooperativeTraining/web/vendor/laravel/framework/src/Illuminate/Pipeline/Pipeline.php(137): Illuminate/Pipeline/Pipeline->{closure:{closure:Illuminate/Pipeline/Pipeline::carry():194}:195}(Object(Illuminate/Http/Request))
#45 E:/CooperativeTraining/web/vendor/laravel/framework/src/Illuminate/Foundation/Http/Kernel.php(175): Illuminate/Pipeline/Pipeline->then(Object(Closure))
#46 E:/CooperativeTraining/web/vendor/laravel/framework/src/Illuminate/Foundation/Http/Kernel.php(144): Illuminate/Foundation/Http/Kernel->sendRequestThroughRouter(Object(Illuminate/Http/Request))
#47 E:/CooperativeTraining/web/vendor/laravel/framework/src/Illuminate/Foundation/Testing/Concerns/MakesHttpRequests.php(638): Illuminate/Foundation/Http/Kernel->handle(Object(Illuminate/Http/Request))
#48 E:/CooperativeTraining/web/vendor/laravel/framework/src/Illuminate/Foundation/Testing/Concerns/MakesHttpRequests.php(397): Illuminate/Foundation/Testing/TestCase->call('POST', 'http://localhos...', Array, Array, Array, Array)
#49 E:/CooperativeTraining/web/tests/Feature/Auth/PasswordResetTest.php(47): Illuminate/Foundation/Testing/TestCase->post('http://localhos...', Array)
#50 E:/CooperativeTraining/web/vendor/phpunit/phpunit/src/Framework/TestCase.php(1318): Tests/Feature/Auth/PasswordResetTest->test_reset_password_screen_can_be_rendered()
#51 E:/CooperativeTraining/web/vendor/phpunit/phpunit/src/Framework/TestCase.php(1355): PHPUnit/Framework/TestCase->invokeTestMethod('test_reset_pass...', Array)
#52 E:/CooperativeTraining/web/vendor/phpunit/phpunit/src/Framework/TestCase.php(521): PHPUnit/Framework/TestCase->runTest()
#53 E:/CooperativeTraining/web/vendor/phpunit/phpunit/src/Framework/TestRunner/TestRunner.php(99): PHPUnit/Framework/TestCase->runBare()
#54 E:/CooperativeTraining/web/vendor/phpunit/phpunit/src/Framework/TestCase.php(361): PHPUnit/Framework/TestRunner->run(Object(Tests/Feature/Auth/PasswordResetTest))
#55 E:/CooperativeTraining/web/vendor/phpunit/phpunit/src/Framework/TestSuite.php(374): PHPUnit/Framework/TestCase->run()
#56 E:/CooperativeTraining/web/vendor/phpunit/phpunit/src/Framework/TestSuite.php(374): PHPUnit/Framework/TestSuite->run()
#57 E:/CooperativeTraining/web/vendor/phpunit/phpunit/src/Framework/TestSuite.php(374): PHPUnit/Framework/TestSuite->run()
#58 E:/CooperativeTraining/web/vendor/phpunit/phpunit/src/TextUI/TestRunner.php(64): PHPUnit/Framework/TestSuite->run()
#59 E:/CooperativeTraining/web/vendor/phpunit/phpunit/src/TextUI/Application.php(229): PHPUnit/TextUI/TestRunner->run(Object(PHPUnit/TextUI/Configuration/Configuration), Object(PHPUnit/Runner/ResultCache/DefaultResultCache), Object(PHPUnit/Framework/TestSuite))
#60 E:/CooperativeTraining/web/vendor/phpunit/phpunit/phpunit(104): PHPUnit/TextUI/Application->run(Array)
#61 {main}
"} 
[2026-09-02 22:18:57] testing.ERROR: No application encryption key has been specified. {"exception":"[object] (Illuminate\\Encryption\\MissingAppKeyException(code: 0): No application encryption key has been specified. at E:/CooperativeTraining/web/vendor/laravel/framework/src/Illuminate/Encryption/EncryptionServiceProvider.php:83)
[stacktrace]
#0 E:/CooperativeTraining/web/vendor/laravel/framework/src/Illuminate/Support/helpers.php(393): Illuminate/Encryption/EncryptionServiceProvider->{closure:Illuminate/Encryption/EncryptionServiceProvider::key():81}('')
#1 E:/CooperativeTraining/web/vendor/laravel/framework/src/Illuminate/Encryption/EncryptionServiceProvider.php(81): tap('', Object(Closure))
#2 E:/CooperativeTraining/web/vendor/laravel/framework/src/Illuminate/Encryption/EncryptionServiceProvider.php(64): Illuminate/Encryption/EncryptionServiceProvider->key(Array)
#3 E:/CooperativeTraining/web/vendor/laravel/framework/src/Illuminate/Encryption/EncryptionServiceProvider.php(32): Illuminate/Encryption/EncryptionServiceProvider->parseKey(Array)
#4 E:/CooperativeTraining/web/vendor/laravel/framework/src/Illuminate/Container/Container.php(1140): Illuminate/Encryption/EncryptionServiceProvider->{closure:Illuminate/Encryption/EncryptionServiceProvider::registerEncrypter():29}(Object(Illuminate/Foundation/Application), Array)
#5 E:/CooperativeTraining/web/vendor/laravel/framework/src/Illuminate/Container/Container.php(939): Illuminate/Container/Container->build(Object(Closure))
#6 E:/CooperativeTraining/web/vendor/laravel/framework/src/Illuminate/Foundation/Application.php(1085): Illuminate/Container/Container->resolve('encrypter', Array, true)
#7 E:/CooperativeTraining/web/vendor/laravel/framework/src/Illuminate/Container/Container.php(867): Illuminate/Foundation/Application->resolve('encrypter', Array)
#8 E:/CooperativeTraining/web/vendor/laravel/framework/src/Illuminate/Foundation/Application.php(1065): Illuminate/Container/Container->make('encrypter', Array)
#9 E:/CooperativeTraining/web/vendor/laravel/framework/src/Illuminate/Container/Container.php(1361): Illuminate/Foundation/Application->make('encrypter')
#10 E:/CooperativeTraining/web/vendor/laravel/framework/src/Illuminate/Container/Container.php(1262): Illuminate/Container/Container->resolveClass(Object(ReflectionParameter), 'Illuminate//Cont...')
#11 E:/CooperativeTraining/web/vendor/laravel/framework/src/Illuminate/Container/Container.php(1187): Illuminate/Container/Container->resolveDependencies(Array)
#12 E:/CooperativeTraining/web/vendor/laravel/framework/src/Illuminate/Container/Container.php(939): Illuminate/Container/Container->build('Illuminate//Cook...')
#13 E:/CooperativeTraining/web/vendor/laravel/framework/src/Illuminate/Foundation/Application.php(1085): Illuminate/Container/Container->resolve('Illuminate//Cook...', Array, true)
#14 E:/CooperativeTraining/web/vendor/laravel/framework/src/Illuminate/Container/Container.php(867): Illuminate/Foundation/Application->resolve('Illuminate//Cook...', Array)
#15 E:/CooperativeTraining/web/vendor/laravel/framework/src/Illuminate/Foundation/Application.php(1065): Illuminate/Container/Container->make('Illuminate//Cook...', Array)
#16 E:/CooperativeTraining/web/vendor/laravel/framework/src/Illuminate/Pipeline/Pipeline.php(208): Illuminate/Foundation/Application->make('Illuminate//Cook...')
#17 E:/CooperativeTraining/web/vendor/laravel/framework/src/Illuminate/Pipeline/Pipeline.php(137): Illuminate/Pipeline/Pipeline->{closure:{closure:Illuminate/Pipeline/Pipeline::carry():194}:195}(Object(Illuminate/Http/Request))
#18 E:/CooperativeTraining/web/vendor/laravel/framework/src/Illuminate/Routing/Router.php(821): Illuminate/Pipeline/Pipeline->then(Object(Closure))
#19 E:/CooperativeTraining/web/vendor/laravel/framework/src/Illuminate/Routing/Router.php(800): Illuminate/Routing/Router->runRouteWithinStack(Object(Illuminate/Routing/Route), Object(Illuminate/Http/Request))
#20 E:/CooperativeTraining/web/vendor/laravel/framework/src/Illuminate/Routing/Router.php(764): Illuminate/Routing/Router->runRoute(Object(Illuminate/Http/Request), Object(Illuminate/Routing/Route))
#21 E:/CooperativeTraining/web/vendor/laravel/framework/src/Illuminate/Routing/Router.php(753): Illuminate/Routing/Router->dispatchToRoute(Object(Illuminate/Http/Request))
#22 E:/CooperativeTraining/web/vendor/laravel/framework/src/Illuminate/Foundation/Http/Kernel.php(200): Illuminate/Routing/Router->dispatch(Object(Illuminate/Http/Request))
#23 E:/CooperativeTraining/web/vendor/laravel/framework/src/Illuminate/Pipeline/Pipeline.php(180): Illuminate/Foundation/Http/Kernel->{closure:Illuminate/Foundation/Http/Kernel::dispatchToRouter():197}(Object(Illuminate/Http/Request))
#24 E:/CooperativeTraining/web/vendor/livewire/livewire/src/Features/SupportDisablingBackButtonCache/DisableBackButtonCacheMiddleware.php(19): Illuminate/Pipeline/Pipeline->{closure:Illuminate/Pipeline/Pipeline::prepareDestination():178}(Object(Illuminate/Http/Request))
#25 E:/CooperativeTraining/web/vendor/laravel/framework/src/Illuminate/Pipeline/Pipeline.php(219): Livewire/Features/SupportDisablingBackButtonCache/DisableBackButtonCacheMiddleware->handle(Object(Illuminate/Http/Request), Object(Closure))
#26 E:/CooperativeTraining/web/vendor/laravel/framework/src/Illuminate/Foundation/Http/Middleware/TransformsRequest.php(21): Illuminate/Pipeline/Pipeline->{closure:{closure:Illuminate/Pipeline/Pipeline::carry():194}:195}(Object(Illuminate/Http/Request))
#27 E:/CooperativeTraining/web/vendor/laravel/framework/src/Illuminate/Foundation/Http/Middleware/ConvertEmptyStringsToNull.php(31): Illuminate/Foundation/Http/Middleware/TransformsRequest->handle(Object(Illuminate/Http/Request), Object(Closure))
#28 E:/CooperativeTraining/web/vendor/laravel/framework/src/Illuminate/Pipeline/Pipeline.php(219): Illuminate/Foundation/Http/Middleware/ConvertEmptyStringsToNull->handle(Object(Illuminate/Http/Request), Object(Closure))
#29 E:/CooperativeTraining/web/vendor/laravel/framework/src/Illuminate/Foundation/Http/Middleware/TransformsRequest.php(21): Illuminate/Pipeline/Pipeline->{closure:{closure:Illuminate/Pipeline/Pipeline::carry():194}:195}(Object(Illuminate/Http/Request))
#30 E:/CooperativeTraining/web/vendor/laravel/framework/src/Illuminate/Foundation/Http/Middleware/TrimStrings.php(51): Illuminate/Foundation/Http/Middleware/TransformsRequest->handle(Object(Illuminate/Http/Request), Object(Closure))
#31 E:/CooperativeTraining/web/vendor/laravel/framework/src/Illuminate/Pipeline/Pipeline.php(219): Illuminate/Foundation/Http/Middleware/TrimStrings->handle(Object(Illuminate/Http/Request), Object(Closure))
#32 E:/CooperativeTraining/web/vendor/laravel/framework/src/Illuminate/Http/Middleware/ValidatePostSize.php(27): Illuminate/Pipeline/Pipeline->{closure:{closure:Illuminate/Pipeline/Pipeline::carry():194}:195}(Object(Illuminate/Http/Request))
#33 E:/CooperativeTraining/web/vendor/laravel/framework/src/Illuminate/Pipeline/Pipeline.php(219): Illuminate/Http/Middleware/ValidatePostSize->handle(Object(Illuminate/Http/Request), Object(Closure))
#34 E:/CooperativeTraining/web/vendor/laravel/framework/src/Illuminate/Foundation/Http/Middleware/PreventRequestsDuringMaintenance.php(110): Illuminate/Pipeline/Pipeline->{closure:{closure:Illuminate/Pipeline/Pipeline::carry():194}:195}(Object(Illuminate/Http/Request))
#35 E:/CooperativeTraining/web/vendor/laravel/framework/src/Illuminate/Pipeline/Pipeline.php(219): Illuminate/Foundation/Http/Middleware/PreventRequestsDuringMaintenance->handle(Object(Illuminate/Http/Request), Object(Closure))
#36 E:/CooperativeTraining/web/vendor/laravel/framework/src/Illuminate/Http/Middleware/HandleCors.php(61): Illuminate/Pipeline/Pipeline->{closure:{closure:Illuminate/Pipeline/Pipeline::carry():194}:195}(Object(Illuminate/Http/Request))
#37 E:/CooperativeTraining/web/vendor/laravel/framework/src/Illuminate/Pipeline/Pipeline.php(219): Illuminate/Http/Middleware/HandleCors->handle(Object(Illuminate/Http/Request), Object(Closure))
#38 E:/CooperativeTraining/web/vendor/laravel/framework/src/Illuminate/Http/Middleware/TrustProxies.php(58): Illuminate/Pipeline/Pipeline->{closure:{closure:Illuminate/Pipeline/Pipeline::carry():194}:195}(Object(Illuminate/Http/Request))
#39 E:/CooperativeTraining/web/vendor/laravel/framework/src/Illuminate/Pipeline/Pipeline.php(219): Illuminate/Http/Middleware/TrustProxies->handle(Object(Illuminate/Http/Request), Object(Closure))
#40 E:/CooperativeTraining/web/vendor/laravel/framework/src/Illuminate/Foundation/Http/Middleware/InvokeDeferredCallbacks.php(22): Illuminate/Pipeline/Pipeline->{closure:{closure:Illuminate/Pipeline/Pipeline::carry():194}:195}(Object(Illuminate/Http/Request))
#41 E:/CooperativeTraining/web/vendor/laravel/framework/src/Illuminate/Pipeline/Pipeline.php(219): Illuminate/Foundation/Http/Middleware/InvokeDeferredCallbacks->handle(Object(Illuminate/Http/Request), Object(Closure))
#42 E:/CooperativeTraining/web/vendor/laravel/framework/src/Illuminate/Http/Middleware/ValidatePathEncoding.php(28): Illuminate/Pipeline/Pipeline->{closure:{closure:Illuminate/Pipeline/Pipeline::carry():194}:195}(Object(Illuminate/Http/Request))
#43 E:/CooperativeTraining/web/vendor/laravel/framework/src/Illuminate/Pipeline/Pipeline.php(219): Illuminate/Http/Middleware/ValidatePathEncoding->handle(Object(Illuminate/Http/Request), Object(Closure))
#44 E:/CooperativeTraining/web/vendor/laravel/framework/src/Illuminate/Pipeline/Pipeline.php(137): Illuminate/Pipeline/Pipeline->{closure:{closure:Illuminate/Pipeline/Pipeline::carry():194}:195}(Object(Illuminate/Http/Request))
#45 E:/CooperativeTraining/web/vendor/laravel/framework/src/Illuminate/Foundation/Http/Kernel.php(175): Illuminate/Pipeline/Pipeline->then(Object(Closure))
#46 E:/CooperativeTraining/web/vendor/laravel/framework/src/Illuminate/Foundation/Http/Kernel.php(144): Illuminate/Foundation/Http/Kernel->sendRequestThroughRouter(Object(Illuminate/Http/Request))
#47 E:/CooperativeTraining/web/vendor/laravel/framework/src/Illuminate/Foundation/Testing/Concerns/MakesHttpRequests.php(638): Illuminate/Foundation/Http/Kernel->handle(Object(Illuminate/Http/Request))
#48 E:/CooperativeTraining/web/vendor/laravel/framework/src/Illuminate/Foundation/Testing/Concerns/MakesHttpRequests.php(397): Illuminate/Foundation/Testing/TestCase->call('POST', 'http://localhos...', Array, Array, Array, Array)
#49 E:/CooperativeTraining/web/tests/Feature/Auth/PasswordResetTest.php(64): Illuminate/Foundation/Testing/TestCase->post('http://localhos...', Array)
#50 E:/CooperativeTraining/web/vendor/phpunit/phpunit/src/Framework/TestCase.php(1318): Tests/Feature/Auth/PasswordResetTest->test_password_can_be_reset_with_valid_token()
#51 E:/CooperativeTraining/web/vendor/phpunit/phpunit/src/Framework/TestCase.php(1355): PHPUnit/Framework/TestCase->invokeTestMethod('test_password_c...', Array)
#52 E:/CooperativeTraining/web/vendor/phpunit/phpunit/src/Framework/TestCase.php(521): PHPUnit/Framework/TestCase->runTest()
#53 E:/CooperativeTraining/web/vendor/phpunit/phpunit/src/Framework/TestRunner/TestRunner.php(99): PHPUnit/Framework/TestCase->runBare()
#54 E:/CooperativeTraining/web/vendor/phpunit/phpunit/src/Framework/TestCase.php(361): PHPUnit/Framework/TestRunner->run(Object(Tests/Feature/Auth/PasswordResetTest))
#55 E:/CooperativeTraining/web/vendor/phpunit/phpunit/src/Framework/TestSuite.php(374): PHPUnit/Framework/TestCase->run()
#56 E:/CooperativeTraining/web/vendor/phpunit/phpunit/src/Framework/TestSuite.php(374): PHPUnit/Framework/TestSuite->run()
#57 E:/CooperativeTraining/web/vendor/phpunit/phpunit/src/Framework/TestSuite.php(374): PHPUnit/Framework/TestSuite->run()
#58 E:/CooperativeTraining/web/vendor/phpunit/phpunit/src/TextUI/TestRunner.php(64): PHPUnit/Framework/TestSuite->run()
#59 E:/CooperativeTraining/web/vendor/phpunit/phpunit/src/TextUI/Application.php(229): PHPUnit/TextUI/TestRunner->run(Object(PHPUnit/TextUI/Configuration/Configuration), Object(PHPUnit/Runner/ResultCache/DefaultResultCache), Object(PHPUnit/Framework/TestSuite))
#60 E:/CooperativeTraining/web/vendor/phpunit/phpunit/phpunit(104): PHPUnit/TextUI/Application->run(Array)
#61 {main}
"} 
[2026-09-02 22:18:57] testing.ERROR: No application encryption key has been specified. {"exception":"[object] (Illuminate\\Encryption\\MissingAppKeyException(code: 0): No application encryption key has been specified. at E:/CooperativeTraining/web/vendor/laravel/framework/src/Illuminate/Encryption/EncryptionServiceProvider.php:83)
[stacktrace]
#0 E:/CooperativeTraining/web/vendor/laravel/framework/src/Illuminate/Support/helpers.php(393): Illuminate/Encryption/EncryptionServiceProvider->{closure:Illuminate/Encryption/EncryptionServiceProvider::key():81}('')
#1 E:/CooperativeTraining/web/vendor/laravel/framework/src/Illuminate/Encryption/EncryptionServiceProvider.php(81): tap('', Object(Closure))
#2 E:/CooperativeTraining/web/vendor/laravel/framework/src/Illuminate/Encryption/EncryptionServiceProvider.php(64): Illuminate/Encryption/EncryptionServiceProvider->key(Array)
#3 E:/CooperativeTraining/web/vendor/laravel/framework/src/Illuminate/Encryption/EncryptionServiceProvider.php(32): Illuminate/Encryption/EncryptionServiceProvider->parseKey(Array)
#4 E:/CooperativeTraining/web/vendor/laravel/framework/src/Illuminate/Container/Container.php(1140): Illuminate/Encryption/EncryptionServiceProvider->{closure:Illuminate/Encryption/EncryptionServiceProvider::registerEncrypter():29}(Object(Illuminate/Foundation/Application), Array)
#5 E:/CooperativeTraining/web/vendor/laravel/framework/src/Illuminate/Container/Container.php(939): Illuminate/Container/Container->build(Object(Closure))
#6 E:/CooperativeTraining/web/vendor/laravel/framework/src/Illuminate/Foundation/Application.php(1085): Illuminate/Container/Container->resolve('encrypter', Array, true)
#7 E:/CooperativeTraining/web/vendor/laravel/framework/src/Illuminate/Container/Container.php(867): Illuminate/Foundation/Application->resolve('encrypter', Array)
#8 E:/CooperativeTraining/web/vendor/laravel/framework/src/Illuminate/Foundation/Application.php(1065): Illuminate/Container/Container->make('encrypter', Array)
#9 E:/CooperativeTraining/web/vendor/laravel/framework/src/Illuminate/Container/Container.php(1361): Illuminate/Foundation/Application->make('encrypter')
#10 E:/CooperativeTraining/web/vendor/laravel/framework/src/Illuminate/Container/Container.php(1262): Illuminate/Container/Container->resolveClass(Object(ReflectionParameter), 'Illuminate//Cont...')
#11 E:/CooperativeTraining/web/vendor/laravel/framework/src/Illuminate/Container/Container.php(1187): Illuminate/Container/Container->resolveDependencies(Array)
#12 E:/CooperativeTraining/web/vendor/laravel/framework/src/Illuminate/Container/Container.php(939): Illuminate/Container/Container->build('Illuminate//Cook...')
#13 E:/CooperativeTraining/web/vendor/laravel/framework/src/Illuminate/Foundation/Application.php(1085): Illuminate/Container/Container->resolve('Illuminate//Cook...', Array, true)
#14 E:/CooperativeTraining/web/vendor/laravel/framework/src/Illuminate/Container/Container.php(867): Illuminate/Foundation/Application->resolve('Illuminate//Cook...', Array)
#15 E:/CooperativeTraining/web/vendor/laravel/framework/src/Illuminate/Foundation/Application.php(1065): Illuminate/Container/Container->make('Illuminate//Cook...', Array)
#16 E:/CooperativeTraining/web/vendor/laravel/framework/src/Illuminate/Pipeline/Pipeline.php(208): Illuminate/Foundation/Application->make('Illuminate//Cook...')
#17 E:/CooperativeTraining/web/vendor/laravel/framework/src/Illuminate/Pipeline/Pipeline.php(137): Illuminate/Pipeline/Pipeline->{closure:{closure:Illuminate/Pipeline/Pipeline::carry():194}:195}(Object(Illuminate/Http/Request))
#18 E:/CooperativeTraining/web/vendor/laravel/framework/src/Illuminate/Routing/Router.php(821): Illuminate/Pipeline/Pipeline->then(Object(Closure))
#19 E:/CooperativeTraining/web/vendor/laravel/framework/src/Illuminate/Routing/Router.php(800): Illuminate/Routing/Router->runRouteWithinStack(Object(Illuminate/Routing/Route), Object(Illuminate/Http/Request))
#20 E:/CooperativeTraining/web/vendor/laravel/framework/src/Illuminate/Routing/Router.php(764): Illuminate/Routing/Router->runRoute(Object(Illuminate/Http/Request), Object(Illuminate/Routing/Route))
#21 E:/CooperativeTraining/web/vendor/laravel/framework/src/Illuminate/Routing/Router.php(753): Illuminate/Routing/Router->dispatchToRoute(Object(Illuminate/Http/Request))
#22 E:/CooperativeTraining/web/vendor/laravel/framework/src/Illuminate/Foundation/Http/Kernel.php(200): Illuminate/Routing/Router->dispatch(Object(Illuminate/Http/Request))
#23 E:/CooperativeTraining/web/vendor/laravel/framework/src/Illuminate/Pipeline/Pipeline.php(180): Illuminate/Foundation/Http/Kernel->{closure:Illuminate/Foundation/Http/Kernel::dispatchToRouter():197}(Object(Illuminate/Http/Request))
#24 E:/CooperativeTraining/web/vendor/livewire/livewire/src/Features/SupportDisablingBackButtonCache/DisableBackButtonCacheMiddleware.php(19): Illuminate/Pipeline/Pipeline->{closure:Illuminate/Pipeline/Pipeline::prepareDestination():178}(Object(Illuminate/Http/Request))
#25 E:/CooperativeTraining/web/vendor/laravel/framework/src/Illuminate/Pipeline/Pipeline.php(219): Livewire/Features/SupportDisablingBackButtonCache/DisableBackButtonCacheMiddleware->handle(Object(Illuminate/Http/Request), Object(Closure))
#26 E:/CooperativeTraining/web/vendor/laravel/framework/src/Illuminate/Foundation/Http/Middleware/TransformsRequest.php(21): Illuminate/Pipeline/Pipeline->{closure:{closure:Illuminate/Pipeline/Pipeline::carry():194}:195}(Object(Illuminate/Http/Request))
#27 E:/CooperativeTraining/web/vendor/laravel/framework/src/Illuminate/Foundation/Http/Middleware/ConvertEmptyStringsToNull.php(31): Illuminate/Foundation/Http/Middleware/TransformsRequest->handle(Object(Illuminate/Http/Request), Object(Closure))
#28 E:/CooperativeTraining/web/vendor/laravel/framework/src/Illuminate/Pipeline/Pipeline.php(219): Illuminate/Foundation/Http/Middleware/ConvertEmptyStringsToNull->handle(Object(Illuminate/Http/Request), Object(Closure))
#29 E:/CooperativeTraining/web/vendor/laravel/framework/src/Illuminate/Foundation/Http/Middleware/TransformsRequest.php(21): Illuminate/Pipeline/Pipeline->{closure:{closure:Illuminate/Pipeline/Pipeline::carry():194}:195}(Object(Illuminate/Http/Request))
#30 E:/CooperativeTraining/web/vendor/laravel/framework/src/Illuminate/Foundation/Http/Middleware/TrimStrings.php(51): Illuminate/Foundation/Http/Middleware/TransformsRequest->handle(Object(Illuminate/Http/Request), Object(Closure))
#31 E:/CooperativeTraining/web/vendor/laravel/framework/src/Illuminate/Pipeline/Pipeline.php(219): Illuminate/Foundation/Http/Middleware/TrimStrings->handle(Object(Illuminate/Http/Request), Object(Closure))
#32 E:/CooperativeTraining/web/vendor/laravel/framework/src/Illuminate/Http/Middleware/ValidatePostSize.php(27): Illuminate/Pipeline/Pipeline->{closure:{closure:Illuminate/Pipeline/Pipeline::carry():194}:195}(Object(Illuminate/Http/Request))
#33 E:/CooperativeTraining/web/vendor/laravel/framework/src/Illuminate/Pipeline/Pipeline.php(219): Illuminate/Http/Middleware/ValidatePostSize->handle(Object(Illuminate/Http/Request), Object(Closure))
#34 E:/CooperativeTraining/web/vendor/laravel/framework/src/Illuminate/Foundation/Http/Middleware/PreventRequestsDuringMaintenance.php(110): Illuminate/Pipeline/Pipeline->{closure:{closure:Illuminate/Pipeline/Pipeline::carry():194}:195}(Object(Illuminate/Http/Request))
#35 E:/CooperativeTraining/web/vendor/laravel/framework/src/Illuminate/Pipeline/Pipeline.php(219): Illuminate/Foundation/Http/Middleware/PreventRequestsDuringMaintenance->handle(Object(Illuminate/Http/Request), Object(Closure))
#36 E:/CooperativeTraining/web/vendor/laravel/framework/src/Illuminate/Http/Middleware/HandleCors.php(61): Illuminate/Pipeline/Pipeline->{closure:{closure:Illuminate/Pipeline/Pipeline::carry():194}:195}(Object(Illuminate/Http/Request))
#37 E:/CooperativeTraining/web/vendor/laravel/framework/src/Illuminate/Pipeline/Pipeline.php(219): Illuminate/Http/Middleware/HandleCors->handle(Object(Illuminate/Http/Request), Object(Closure))
#38 E:/CooperativeTraining/web/vendor/laravel/framework/src/Illuminate/Http/Middleware/TrustProxies.php(58): Illuminate/Pipeline/Pipeline->{closure:{closure:Illuminate/Pipeline/Pipeline::carry():194}:195}(Object(Illuminate/Http/Request))
#39 E:/CooperativeTraining/web/vendor/laravel/framework/src/Illuminate/Pipeline/Pipeline.php(219): Illuminate/Http/Middleware/TrustProxies->handle(Object(Illuminate/Http/Request), Object(Closure))
#40 E:/CooperativeTraining/web/vendor/laravel/framework/src/Illuminate/Foundation/Http/Middleware/InvokeDeferredCallbacks.php(22): Illuminate/Pipeline/Pipeline->{closure:{closure:Illuminate/Pipeline/Pipeline::carry():194}:195}(Object(Illuminate/Http/Request))
#41 E:/CooperativeTraining/web/vendor/laravel/framework/src/Illuminate/Pipeline/Pipeline.php(219): Illuminate/Foundation/Http/Middleware/InvokeDeferredCallbacks->handle(Object(Illuminate/Http/Request), Object(Closure))
#42 E:/CooperativeTraining/web/vendor/laravel/framework/src/Illuminate/Http/Middleware/ValidatePathEncoding.php(28): Illuminate/Pipeline/Pipeline->{closure:{closure:Illuminate/Pipeline/Pipeline::carry():194}:195}(Object(Illuminate/Http/Request))
#43 E:/CooperativeTraining/web/vendor/laravel/framework/src/Illuminate/Pipeline/Pipeline.php(219): Illuminate/Http/Middleware/ValidatePathEncoding->handle(Object(Illuminate/Http/Request), Object(Closure))
#44 E:/CooperativeTraining/web/vendor/laravel/framework/src/Illuminate/Pipeline/Pipeline.php(137): Illuminate/Pipeline/Pipeline->{closure:{closure:Illuminate/Pipeline/Pipeline::carry():194}:195}(Object(Illuminate/Http/Request))
#45 E:/CooperativeTraining/web/vendor/laravel/framework/src/Illuminate/Foundation/Http/Kernel.php(175): Illuminate/Pipeline/Pipeline->then(Object(Closure))
#46 E:/CooperativeTraining/web/vendor/laravel/framework/src/Illuminate/Foundation/Http/Kernel.php(144): Illuminate/Foundation/Http/Kernel->sendRequestThroughRouter(Object(Illuminate/Http/Request))
#47 E:/CooperativeTraining/web/vendor/laravel/framework/src/Illuminate/Foundation/Testing/Concerns/MakesHttpRequests.php(638): Illuminate/Foundation/Http/Kernel->handle(Object(Illuminate/Http/Request))
#48 E:/CooperativeTraining/web/vendor/laravel/framework/src/Illuminate/Foundation/Testing/Concerns/MakesHttpRequests.php(368): Illuminate/Foundation/Testing/TestCase->call('GET', 'http://localhos...', Array, Array, Array, Array)
#49 E:/CooperativeTraining/web/tests/Feature/Auth/RegistrationTest.php(22): Illuminate/Foundation/Testing/TestCase->get('http://localhos...')
#50 E:/CooperativeTraining/web/vendor/phpunit/phpunit/src/Framework/TestCase.php(1318): Tests/Feature/Auth/RegistrationTest->test_registration_screen_can_be_rendered()
#51 E:/CooperativeTraining/web/vendor/phpunit/phpunit/src/Framework/TestCase.php(1355): PHPUnit/Framework/TestCase->invokeTestMethod('test_registrati...', Array)
#52 E:/CooperativeTraining/web/vendor/phpunit/phpunit/src/Framework/TestCase.php(521): PHPUnit/Framework/TestCase->runTest()
#53 E:/CooperativeTraining/web/vendor/phpunit/phpunit/src/Framework/TestRunner/TestRunner.php(99): PHPUnit/Framework/TestCase->runBare()
#54 E:/CooperativeTraining/web/vendor/phpunit/phpunit/src/Framework/TestCase.php(361): PHPUnit/Framework/TestRunner->run(Object(Tests/Feature/Auth/RegistrationTest))
#55 E:/CooperativeTraining/web/vendor/phpunit/phpunit/src/Framework/TestSuite.php(374): PHPUnit/Framework/TestCase->run()
#56 E:/CooperativeTraining/web/vendor/phpunit/phpunit/src/Framework/TestSuite.php(374): PHPUnit/Framework/TestSuite->run()
#57 E:/CooperativeTraining/web/vendor/phpunit/phpunit/src/Framework/TestSuite.php(374): PHPUnit/Framework/TestSuite->run()
#58 E:/CooperativeTraining/web/vendor/phpunit/phpunit/src/TextUI/TestRunner.php(64): PHPUnit/Framework/TestSuite->run()
#59 E:/CooperativeTraining/web/vendor/phpunit/phpunit/src/TextUI/Application.php(229): PHPUnit/TextUI/TestRunner->run(Object(PHPUnit/TextUI/Configuration/Configuration), Object(PHPUnit/Runner/ResultCache/DefaultResultCache), Object(PHPUnit/Framework/TestSuite))
#60 E:/CooperativeTraining/web/vendor/phpunit/phpunit/phpunit(104): PHPUnit/TextUI/Application->run(Array)
#61 {main}
"} 
[2026-09-02 22:18:57] testing.ERROR: No application encryption key has been specified. {"exception":"[object] (Illuminate\\Encryption\\MissingAppKeyException(code: 0): No application encryption key has been specified. at E:/CooperativeTraining/web/vendor/laravel/framework/src/Illuminate/Encryption/EncryptionServiceProvider.php:83)
[stacktrace]
#0 E:/CooperativeTraining/web/vendor/laravel/framework/src/Illuminate/Support/helpers.php(393): Illuminate/Encryption/EncryptionServiceProvider->{closure:Illuminate/Encryption/EncryptionServiceProvider::key():81}('')
#1 E:/CooperativeTraining/web/vendor/laravel/framework/src/Illuminate/Encryption/EncryptionServiceProvider.php(81): tap('', Object(Closure))
#2 E:/CooperativeTraining/web/vendor/laravel/framework/src/Illuminate/Encryption/EncryptionServiceProvider.php(64): Illuminate/Encryption/EncryptionServiceProvider->key(Array)
#3 E:/CooperativeTraining/web/vendor/laravel/framework/src/Illuminate/Encryption/EncryptionServiceProvider.php(32): Illuminate/Encryption/EncryptionServiceProvider->parseKey(Array)
#4 E:/CooperativeTraining/web/vendor/laravel/framework/src/Illuminate/Container/Container.php(1140): Illuminate/Encryption/EncryptionServiceProvider->{closure:Illuminate/Encryption/EncryptionServiceProvider::registerEncrypter():29}(Object(Illuminate/Foundation/Application), Array)
#5 E:/CooperativeTraining/web/vendor/laravel/framework/src/Illuminate/Container/Container.php(939): Illuminate/Container/Container->build(Object(Closure))
#6 E:/CooperativeTraining/web/vendor/laravel/framework/src/Illuminate/Foundation/Application.php(1085): Illuminate/Container/Container->resolve('encrypter', Array, true)
#7 E:/CooperativeTraining/web/vendor/laravel/framework/src/Illuminate/Container/Container.php(867): Illuminate/Foundation/Application->resolve('encrypter', Array)
#8 E:/CooperativeTraining/web/vendor/laravel/framework/src/Illuminate/Foundation/Application.php(1065): Illuminate/Container/Container->make('encrypter', Array)
#9 E:/CooperativeTraining/web/vendor/laravel/framework/src/Illuminate/Container/Container.php(1361): Illuminate/Foundation/Application->make('encrypter')
#10 E:/CooperativeTraining/web/vendor/laravel/framework/src/Illuminate/Container/Container.php(1262): Illuminate/Container/Container->resolveClass(Object(ReflectionParameter), 'Illuminate//Cont...')
#11 E:/CooperativeTraining/web/vendor/laravel/framework/src/Illuminate/Container/Container.php(1187): Illuminate/Container/Container->resolveDependencies(Array)
#12 E:/CooperativeTraining/web/vendor/laravel/framework/src/Illuminate/Container/Container.php(939): Illuminate/Container/Container->build('Illuminate//Cook...')
#13 E:/CooperativeTraining/web/vendor/laravel/framework/src/Illuminate/Foundation/Application.php(1085): Illuminate/Container/Container->resolve('Illuminate//Cook...', Array, true)
#14 E:/CooperativeTraining/web/vendor/laravel/framework/src/Illuminate/Container/Container.php(867): Illuminate/Foundation/Application->resolve('Illuminate//Cook...', Array)
#15 E:/CooperativeTraining/web/vendor/laravel/framework/src/Illuminate/Foundation/Application.php(1065): Illuminate/Container/Container->make('Illuminate//Cook...', Array)
#16 E:/CooperativeTraining/web/vendor/laravel/framework/src/Illuminate/Pipeline/Pipeline.php(208): Illuminate/Foundation/Application->make('Illuminate//Cook...')
#17 E:/CooperativeTraining/web/vendor/laravel/framework/src/Illuminate/Pipeline/Pipeline.php(137): Illuminate/Pipeline/Pipeline->{closure:{closure:Illuminate/Pipeline/Pipeline::carry():194}:195}(Object(Illuminate/Http/Request))
#18 E:/CooperativeTraining/web/vendor/laravel/framework/src/Illuminate/Routing/Router.php(821): Illuminate/Pipeline/Pipeline->then(Object(Closure))
#19 E:/CooperativeTraining/web/vendor/laravel/framework/src/Illuminate/Routing/Router.php(800): Illuminate/Routing/Router->runRouteWithinStack(Object(Illuminate/Routing/Route), Object(Illuminate/Http/Request))
#20 E:/CooperativeTraining/web/vendor/laravel/framework/src/Illuminate/Routing/Router.php(764): Illuminate/Routing/Router->runRoute(Object(Illuminate/Http/Request), Object(Illuminate/Routing/Route))
#21 E:/CooperativeTraining/web/vendor/laravel/framework/src/Illuminate/Routing/Router.php(753): Illuminate/Routing/Router->dispatchToRoute(Object(Illuminate/Http/Request))
#22 E:/CooperativeTraining/web/vendor/laravel/framework/src/Illuminate/Foundation/Http/Kernel.php(200): Illuminate/Routing/Router->dispatch(Object(Illuminate/Http/Request))
#23 E:/CooperativeTraining/web/vendor/laravel/framework/src/Illuminate/Pipeline/Pipeline.php(180): Illuminate/Foundation/Http/Kernel->{closure:Illuminate/Foundation/Http/Kernel::dispatchToRouter():197}(Object(Illuminate/Http/Request))
#24 E:/CooperativeTraining/web/vendor/livewire/livewire/src/Features/SupportDisablingBackButtonCache/DisableBackButtonCacheMiddleware.php(19): Illuminate/Pipeline/Pipeline->{closure:Illuminate/Pipeline/Pipeline::prepareDestination():178}(Object(Illuminate/Http/Request))
#25 E:/CooperativeTraining/web/vendor/laravel/framework/src/Illuminate/Pipeline/Pipeline.php(219): Livewire/Features/SupportDisablingBackButtonCache/DisableBackButtonCacheMiddleware->handle(Object(Illuminate/Http/Request), Object(Closure))
#26 E:/CooperativeTraining/web/vendor/laravel/framework/src/Illuminate/Foundation/Http/Middleware/TransformsRequest.php(21): Illuminate/Pipeline/Pipeline->{closure:{closure:Illuminate/Pipeline/Pipeline::carry():194}:195}(Object(Illuminate/Http/Request))
#27 E:/CooperativeTraining/web/vendor/laravel/framework/src/Illuminate/Foundation/Http/Middleware/ConvertEmptyStringsToNull.php(31): Illuminate/Foundation/Http/Middleware/TransformsRequest->handle(Object(Illuminate/Http/Request), Object(Closure))
#28 E:/CooperativeTraining/web/vendor/laravel/framework/src/Illuminate/Pipeline/Pipeline.php(219): Illuminate/Foundation/Http/Middleware/ConvertEmptyStringsToNull->handle(Object(Illuminate/Http/Request), Object(Closure))
#29 E:/CooperativeTraining/web/vendor/laravel/framework/src/Illuminate/Foundation/Http/Middleware/TransformsRequest.php(21): Illuminate/Pipeline/Pipeline->{closure:{closure:Illuminate/Pipeline/Pipeline::carry():194}:195}(Object(Illuminate/Http/Request))
#30 E:/CooperativeTraining/web/vendor/laravel/framework/src/Illuminate/Foundation/Http/Middleware/TrimStrings.php(51): Illuminate/Foundation/Http/Middleware/TransformsRequest->handle(Object(Illuminate/Http/Request), Object(Closure))
#31 E:/CooperativeTraining/web/vendor/laravel/framework/src/Illuminate/Pipeline/Pipeline.php(219): Illuminate/Foundation/Http/Middleware/TrimStrings->handle(Object(Illuminate/Http/Request), Object(Closure))
#32 E:/CooperativeTraining/web/vendor/laravel/framework/src/Illuminate/Http/Middleware/ValidatePostSize.php(27): Illuminate/Pipeline/Pipeline->{closure:{closure:Illuminate/Pipeline/Pipeline::carry():194}:195}(Object(Illuminate/Http/Request))
#33 E:/CooperativeTraining/web/vendor/laravel/framework/src/Illuminate/Pipeline/Pipeline.php(219): Illuminate/Http/Middleware/ValidatePostSize->handle(Object(Illuminate/Http/Request), Object(Closure))
#34 E:/CooperativeTraining/web/vendor/laravel/framework/src/Illuminate/Foundation/Http/Middleware/PreventRequestsDuringMaintenance.php(110): Illuminate/Pipeline/Pipeline->{closure:{closure:Illuminate/Pipeline/Pipeline::carry():194}:195}(Object(Illuminate/Http/Request))
#35 E:/CooperativeTraining/web/vendor/laravel/framework/src/Illuminate/Pipeline/Pipeline.php(219): Illuminate/Foundation/Http/Middleware/PreventRequestsDuringMaintenance->handle(Object(Illuminate/Http/Request), Object(Closure))
#36 E:/CooperativeTraining/web/vendor/laravel/framework/src/Illuminate/Http/Middleware/HandleCors.php(61): Illuminate/Pipeline/Pipeline->{closure:{closure:Illuminate/Pipeline/Pipeline::carry():194}:195}(Object(Illuminate/Http/Request))
#37 E:/CooperativeTraining/web/vendor/laravel/framework/src/Illuminate/Pipeline/Pipeline.php(219): Illuminate/Http/Middleware/HandleCors->handle(Object(Illuminate/Http/Request), Object(Closure))
#38 E:/CooperativeTraining/web/vendor/laravel/framework/src/Illuminate/Http/Middleware/TrustProxies.php(58): Illuminate/Pipeline/Pipeline->{closure:{closure:Illuminate/Pipeline/Pipeline::carry():194}:195}(Object(Illuminate/Http/Request))
#39 E:/CooperativeTraining/web/vendor/laravel/framework/src/Illuminate/Pipeline/Pipeline.php(219): Illuminate/Http/Middleware/TrustProxies->handle(Object(Illuminate/Http/Request), Object(Closure))
#40 E:/CooperativeTraining/web/vendor/laravel/framework/src/Illuminate/Foundation/Http/Middleware/InvokeDeferredCallbacks.php(22): Illuminate/Pipeline/Pipeline->{closure:{closure:Illuminate/Pipeline/Pipeline::carry():194}:195}(Object(Illuminate/Http/Request))
#41 E:/CooperativeTraining/web/vendor/laravel/framework/src/Illuminate/Pipeline/Pipeline.php(219): Illuminate/Foundation/Http/Middleware/InvokeDeferredCallbacks->handle(Object(Illuminate/Http/Request), Object(Closure))
#42 E:/CooperativeTraining/web/vendor/laravel/framework/src/Illuminate/Http/Middleware/ValidatePathEncoding.php(28): Illuminate/Pipeline/Pipeline->{closure:{closure:Illuminate/Pipeline/Pipeline::carry():194}:195}(Object(Illuminate/Http/Request))
#43 E:/CooperativeTraining/web/vendor/laravel/framework/src/Illuminate/Pipeline/Pipeline.php(219): Illuminate/Http/Middleware/ValidatePathEncoding->handle(Object(Illuminate/Http/Request), Object(Closure))
#44 E:/CooperativeTraining/web/vendor/laravel/framework/src/Illuminate/Pipeline/Pipeline.php(137): Illuminate/Pipeline/Pipeline->{closure:{closure:Illuminate/Pipeline/Pipeline::carry():194}:195}(Object(Illuminate/Http/Request))
#45 E:/CooperativeTraining/web/vendor/laravel/framework/src/Illuminate/Foundation/Http/Kernel.php(175): Illuminate/Pipeline/Pipeline->then(Object(Closure))
#46 E:/CooperativeTraining/web/vendor/laravel/framework/src/Illuminate/Foundation/Http/Kernel.php(144): Illuminate/Foundation/Http/Kernel->sendRequestThroughRouter(Object(Illuminate/Http/Request))
#47 E:/CooperativeTraining/web/vendor/laravel/framework/src/Illuminate/Foundation/Testing/Concerns/MakesHttpRequests.php(638): Illuminate/Foundation/Http/Kernel->handle(Object(Illuminate/Http/Request))
#48 E:/CooperativeTraining/web/vendor/laravel/framework/src/Illuminate/Foundation/Testing/Concerns/MakesHttpRequests.php(397): Illuminate/Foundation/Testing/TestCase->call('POST', 'http://localhos...', Array, Array, Array, Array)
#49 E:/CooperativeTraining/web/tests/Feature/Auth/RegistrationTest.php(29): Illuminate/Foundation/Testing/TestCase->post('http://localhos...', Array)
#50 E:/CooperativeTraining/web/vendor/phpunit/phpunit/src/Framework/TestCase.php(1318): Tests/Feature/Auth/RegistrationTest->test_new_users_can_register()
#51 E:/CooperativeTraining/web/vendor/phpunit/phpunit/src/Framework/TestCase.php(1355): PHPUnit/Framework/TestCase->invokeTestMethod('test_new_users_...', Array)
#52 E:/CooperativeTraining/web/vendor/phpunit/phpunit/src/Framework/TestCase.php(521): PHPUnit/Framework/TestCase->runTest()
#53 E:/CooperativeTraining/web/vendor/phpunit/phpunit/src/Framework/TestRunner/TestRunner.php(99): PHPUnit/Framework/TestCase->runBare()
#54 E:/CooperativeTraining/web/vendor/phpunit/phpunit/src/Framework/TestCase.php(361): PHPUnit/Framework/TestRunner->run(Object(Tests/Feature/Auth/RegistrationTest))
#55 E:/CooperativeTraining/web/vendor/phpunit/phpunit/src/Framework/TestSuite.php(374): PHPUnit/Framework/TestCase->run()
#56 E:/CooperativeTraining/web/vendor/phpunit/phpunit/src/Framework/TestSuite.php(374): PHPUnit/Framework/TestSuite->run()
#57 E:/CooperativeTraining/web/vendor/phpunit/phpunit/src/Framework/TestSuite.php(374): PHPUnit/Framework/TestSuite->run()
#58 E:/CooperativeTraining/web/vendor/phpunit/phpunit/src/TextUI/TestRunner.php(64): PHPUnit/Framework/TestSuite->run()
#59 E:/CooperativeTraining/web/vendor/phpunit/phpunit/src/TextUI/Application.php(229): PHPUnit/TextUI/TestRunner->run(Object(PHPUnit/TextUI/Configuration/Configuration), Object(PHPUnit/Runner/ResultCache/DefaultResultCache), Object(PHPUnit/Framework/TestSuite))
#60 E:/CooperativeTraining/web/vendor/phpunit/phpunit/phpunit(104): PHPUnit/TextUI/Application->run(Array)
#61 {main}
"} 
[2026-09-02 22:18:57] testing.ERROR: No application encryption key has been specified. {"exception":"[object] (Illuminate\\Encryption\\MissingAppKeyException(code: 0): No application encryption key has been specified. at E:/CooperativeTraining/web/vendor/laravel/framework/src/Illuminate/Encryption/EncryptionServiceProvider.php:83)
[stacktrace]
#0 E:/CooperativeTraining/web/vendor/laravel/framework/src/Illuminate/Support/helpers.php(393): Illuminate/Encryption/EncryptionServiceProvider->{closure:Illuminate/Encryption/EncryptionServiceProvider::key():81}('')
#1 E:/CooperativeTraining/web/vendor/laravel/framework/src/Illuminate/Encryption/EncryptionServiceProvider.php(81): tap('', Object(Closure))
#2 E:/CooperativeTraining/web/vendor/laravel/framework/src/Illuminate/Encryption/EncryptionServiceProvider.php(64): Illuminate/Encryption/EncryptionServiceProvider->key(Array)
#3 E:/CooperativeTraining/web/vendor/laravel/framework/src/Illuminate/Encryption/EncryptionServiceProvider.php(32): Illuminate/Encryption/EncryptionServiceProvider->parseKey(Array)
#4 E:/CooperativeTraining/web/vendor/laravel/framework/src/Illuminate/Container/Container.php(1140): Illuminate/Encryption/EncryptionServiceProvider->{closure:Illuminate/Encryption/EncryptionServiceProvider::registerEncrypter():29}(Object(Illuminate/Foundation/Application), Array)
#5 E:/CooperativeTraining/web/vendor/laravel/framework/src/Illuminate/Container/Container.php(939): Illuminate/Container/Container->build(Object(Closure))
#6 E:/CooperativeTraining/web/vendor/laravel/framework/src/Illuminate/Foundation/Application.php(1085): Illuminate/Container/Container->resolve('encrypter', Array, true)
#7 E:/CooperativeTraining/web/vendor/laravel/framework/src/Illuminate/Container/Container.php(867): Illuminate/Foundation/Application->resolve('encrypter', Array)
#8 E:/CooperativeTraining/web/vendor/laravel/framework/src/Illuminate/Foundation/Application.php(1065): Illuminate/Container/Container->make('encrypter', Array)
#9 E:/CooperativeTraining/web/vendor/laravel/framework/src/Illuminate/Container/Container.php(1361): Illuminate/Foundation/Application->make('encrypter')
#10 E:/CooperativeTraining/web/vendor/laravel/framework/src/Illuminate/Container/Container.php(1262): Illuminate/Container/Container->resolveClass(Object(ReflectionParameter), 'Illuminate//Cont...')
#11 E:/CooperativeTraining/web/vendor/laravel/framework/src/Illuminate/Container/Container.php(1187): Illuminate/Container/Container->resolveDependencies(Array)
#12 E:/CooperativeTraining/web/vendor/laravel/framework/src/Illuminate/Container/Container.php(939): Illuminate/Container/Container->build('Illuminate//Cook...')
#13 E:/CooperativeTraining/web/vendor/laravel/framework/src/Illuminate/Foundation/Application.php(1085): Illuminate/Container/Container->resolve('Illuminate//Cook...', Array, true)
#14 E:/CooperativeTraining/web/vendor/laravel/framework/src/Illuminate/Container/Container.php(867): Illuminate/Foundation/Application->resolve('Illuminate//Cook...', Array)
#15 E:/CooperativeTraining/web/vendor/laravel/framework/src/Illuminate/Foundation/Application.php(1065): Illuminate/Container/Container->make('Illuminate//Cook...', Array)
#16 E:/CooperativeTraining/web/vendor/laravel/framework/src/Illuminate/Pipeline/Pipeline.php(208): Illuminate/Foundation/Application->make('Illuminate//Cook...')
#17 E:/CooperativeTraining/web/vendor/laravel/framework/src/Illuminate/Pipeline/Pipeline.php(137): Illuminate/Pipeline/Pipeline->{closure:{closure:Illuminate/Pipeline/Pipeline::carry():194}:195}(Object(Illuminate/Http/Request))
#18 E:/CooperativeTraining/web/vendor/laravel/framework/src/Illuminate/Routing/Router.php(821): Illuminate/Pipeline/Pipeline->then(Object(Closure))
#19 E:/CooperativeTraining/web/vendor/laravel/framework/src/Illuminate/Routing/Router.php(800): Illuminate/Routing/Router->runRouteWithinStack(Object(Illuminate/Routing/Route), Object(Illuminate/Http/Request))
#20 E:/CooperativeTraining/web/vendor/laravel/framework/src/Illuminate/Routing/Router.php(764): Illuminate/Routing/Router->runRoute(Object(Illuminate/Http/Request), Object(Illuminate/Routing/Route))
#21 E:/CooperativeTraining/web/vendor/laravel/framework/src/Illuminate/Routing/Router.php(753): Illuminate/Routing/Router->dispatchToRoute(Object(Illuminate/Http/Request))
#22 E:/CooperativeTraining/web/vendor/laravel/framework/src/Illuminate/Foundation/Http/Kernel.php(200): Illuminate/Routing/Router->dispatch(Object(Illuminate/Http/Request))
#23 E:/CooperativeTraining/web/vendor/laravel/framework/src/Illuminate/Pipeline/Pipeline.php(180): Illuminate/Foundation/Http/Kernel->{closure:Illuminate/Foundation/Http/Kernel::dispatchToRouter():197}(Object(Illuminate/Http/Request))
#24 E:/CooperativeTraining/web/vendor/livewire/livewire/src/Features/SupportDisablingBackButtonCache/DisableBackButtonCacheMiddleware.php(19): Illuminate/Pipeline/Pipeline->{closure:Illuminate/Pipeline/Pipeline::prepareDestination():178}(Object(Illuminate/Http/Request))
#25 E:/CooperativeTraining/web/vendor/laravel/framework/src/Illuminate/Pipeline/Pipeline.php(219): Livewire/Features/SupportDisablingBackButtonCache/DisableBackButtonCacheMiddleware->handle(Object(Illuminate/Http/Request), Object(Closure))
#26 E:/CooperativeTraining/web/vendor/laravel/framework/src/Illuminate/Foundation/Http/Middleware/TransformsRequest.php(21): Illuminate/Pipeline/Pipeline->{closure:{closure:Illuminate/Pipeline/Pipeline::carry():194}:195}(Object(Illuminate/Http/Request))
#27 E:/CooperativeTraining/web/vendor/laravel/framework/src/Illuminate/Foundation/Http/Middleware/ConvertEmptyStringsToNull.php(31): Illuminate/Foundation/Http/Middleware/TransformsRequest->handle(Object(Illuminate/Http/Request), Object(Closure))
#28 E:/CooperativeTraining/web/vendor/laravel/framework/src/Illuminate/Pipeline/Pipeline.php(219): Illuminate/Foundation/Http/Middleware/ConvertEmptyStringsToNull->handle(Object(Illuminate/Http/Request), Object(Closure))
#29 E:/CooperativeTraining/web/vendor/laravel/framework/src/Illuminate/Foundation/Http/Middleware/TransformsRequest.php(21): Illuminate/Pipeline/Pipeline->{closure:{closure:Illuminate/Pipeline/Pipeline::carry():194}:195}(Object(Illuminate/Http/Request))
#30 E:/CooperativeTraining/web/vendor/laravel/framework/src/Illuminate/Foundation/Http/Middleware/TrimStrings.php(51): Illuminate/Foundation/Http/Middleware/TransformsRequest->handle(Object(Illuminate/Http/Request), Object(Closure))
#31 E:/CooperativeTraining/web/vendor/laravel/framework/src/Illuminate/Pipeline/Pipeline.php(219): Illuminate/Foundation/Http/Middleware/TrimStrings->handle(Object(Illuminate/Http/Request), Object(Closure))
#32 E:/CooperativeTraining/web/vendor/laravel/framework/src/Illuminate/Http/Middleware/ValidatePostSize.php(27): Illuminate/Pipeline/Pipeline->{closure:{closure:Illuminate/Pipeline/Pipeline::carry():194}:195}(Object(Illuminate/Http/Request))
#33 E:/CooperativeTraining/web/vendor/laravel/framework/src/Illuminate/Pipeline/Pipeline.php(219): Illuminate/Http/Middleware/ValidatePostSize->handle(Object(Illuminate/Http/Request), Object(Closure))
#34 E:/CooperativeTraining/web/vendor/laravel/framework/src/Illuminate/Foundation/Http/Middleware/PreventRequestsDuringMaintenance.php(110): Illuminate/Pipeline/Pipeline->{closure:{closure:Illuminate/Pipeline/Pipeline::carry():194}:195}(Object(Illuminate/Http/Request))
#35 E:/CooperativeTraining/web/vendor/laravel/framework/src/Illuminate/Pipeline/Pipeline.php(219): Illuminate/Foundation/Http/Middleware/PreventRequestsDuringMaintenance->handle(Object(Illuminate/Http/Request), Object(Closure))
#36 E:/CooperativeTraining/web/vendor/laravel/framework/src/Illuminate/Http/Middleware/HandleCors.php(61): Illuminate/Pipeline/Pipeline->{closure:{closure:Illuminate/Pipeline/Pipeline::carry():194}:195}(Object(Illuminate/Http/Request))
#37 E:/CooperativeTraining/web/vendor/laravel/framework/src/Illuminate/Pipeline/Pipeline.php(219): Illuminate/Http/Middleware/HandleCors->handle(Object(Illuminate/Http/Request), Object(Closure))
#38 E:/CooperativeTraining/web/vendor/laravel/framework/src/Illuminate/Http/Middleware/TrustProxies.php(58): Illuminate/Pipeline/Pipeline->{closure:{closure:Illuminate/Pipeline/Pipeline::carry():194}:195}(Object(Illuminate/Http/Request))
#39 E:/CooperativeTraining/web/vendor/laravel/framework/src/Illuminate/Pipeline/Pipeline.php(219): Illuminate/Http/Middleware/TrustProxies->handle(Object(Illuminate/Http/Request), Object(Closure))
#40 E:/CooperativeTraining/web/vendor/laravel/framework/src/Illuminate/Foundation/Http/Middleware/InvokeDeferredCallbacks.php(22): Illuminate/Pipeline/Pipeline->{closure:{closure:Illuminate/Pipeline/Pipeline::carry():194}:195}(Object(Illuminate/Http/Request))
#41 E:/CooperativeTraining/web/vendor/laravel/framework/src/Illuminate/Pipeline/Pipeline.php(219): Illuminate/Foundation/Http/Middleware/InvokeDeferredCallbacks->handle(Object(Illuminate/Http/Request), Object(Closure))
#42 E:/CooperativeTraining/web/vendor/laravel/framework/src/Illuminate/Http/Middleware/ValidatePathEncoding.php(28): Illuminate/Pipeline/Pipeline->{closure:{closure:Illuminate/Pipeline/Pipeline::carry():194}:195}(Object(Illuminate/Http/Request))
#43 E:/CooperativeTraining/web/vendor/laravel/framework/src/Illuminate/Pipeline/Pipeline.php(219): Illuminate/Http/Middleware/ValidatePathEncoding->handle(Object(Illuminate/Http/Request), Object(Closure))
#44 E:/CooperativeTraining/web/vendor/laravel/framework/src/Illuminate/Pipeline/Pipeline.php(137): Illuminate/Pipeline/Pipeline->{closure:{closure:Illuminate/Pipeline/Pipeline::carry():194}:195}(Object(Illuminate/Http/Request))
#45 E:/CooperativeTraining/web/vendor/laravel/framework/src/Illuminate/Foundation/Http/Kernel.php(175): Illuminate/Pipeline/Pipeline->then(Object(Closure))
#46 E:/CooperativeTraining/web/vendor/laravel/framework/src/Illuminate/Foundation/Http/Kernel.php(144): Illuminate/Foundation/Http/Kernel->sendRequestThroughRouter(Object(Illuminate/Http/Request))
#47 E:/CooperativeTraining/web/vendor/laravel/framework/src/Illuminate/Foundation/Testing/Concerns/MakesHttpRequests.php(638): Illuminate/Foundation/Http/Kernel->handle(Object(Illuminate/Http/Request))
#48 E:/CooperativeTraining/web/vendor/laravel/framework/src/Illuminate/Foundation/Testing/Concerns/MakesHttpRequests.php(368): Illuminate/Foundation/Testing/TestCase->call('GET', 'http://localhos...', Array, Array, Array, Array)
#49 E:/CooperativeTraining/web/tests/Feature/Auth/TwoFactorChallengeTest.php(23): Illuminate/Foundation/Testing/TestCase->get('http://localhos...')
#50 E:/CooperativeTraining/web/vendor/phpunit/phpunit/src/Framework/TestCase.php(1318): Tests/Feature/Auth/TwoFactorChallengeTest->test_two_factor_challenge_redirects_to_login_when_not_authenticated()
#51 E:/CooperativeTraining/web/vendor/phpunit/phpunit/src/Framework/TestCase.php(1355): PHPUnit/Framework/TestCase->invokeTestMethod('test_two_factor...', Array)
#52 E:/CooperativeTraining/web/vendor/phpunit/phpunit/src/Framework/TestCase.php(521): PHPUnit/Framework/TestCase->runTest()
#53 E:/CooperativeTraining/web/vendor/phpunit/phpunit/src/Framework/TestRunner/TestRunner.php(99): PHPUnit/Framework/TestCase->runBare()
#54 E:/CooperativeTraining/web/vendor/phpunit/phpunit/src/Framework/TestCase.php(361): PHPUnit/Framework/TestRunner->run(Object(Tests/Feature/Auth/TwoFactorChallengeTest))
#55 E:/CooperativeTraining/web/vendor/phpunit/phpunit/src/Framework/TestSuite.php(374): PHPUnit/Framework/TestCase->run()
#56 E:/CooperativeTraining/web/vendor/phpunit/phpunit/src/Framework/TestSuite.php(374): PHPUnit/Framework/TestSuite->run()
#57 E:/CooperativeTraining/web/vendor/phpunit/phpunit/src/Framework/TestSuite.php(374): PHPUnit/Framework/TestSuite->run()
#58 E:/CooperativeTraining/web/vendor/phpunit/phpunit/src/TextUI/TestRunner.php(64): PHPUnit/Framework/TestSuite->run()
#59 E:/CooperativeTraining/web/vendor/phpunit/phpunit/src/TextUI/Application.php(229): PHPUnit/TextUI/TestRunner->run(Object(PHPUnit/TextUI/Configuration/Configuration), Object(PHPUnit/Runner/ResultCache/DefaultResultCache), Object(PHPUnit/Framework/TestSuite))
#60 E:/CooperativeTraining/web/vendor/phpunit/phpunit/phpunit(104): PHPUnit/TextUI/Application->run(Array)
#61 {main}
"} 
[2026-09-02 22:18:58] testing.ERROR: No application encryption key has been specified. {"exception":"[object] (Illuminate\\Encryption\\MissingAppKeyException(code: 0): No application encryption key has been specified. at E:/CooperativeTraining/web/vendor/laravel/framework/src/Illuminate/Encryption/EncryptionServiceProvider.php:83)
[stacktrace]
#0 E:/CooperativeTraining/web/vendor/laravel/framework/src/Illuminate/Support/helpers.php(393): Illuminate/Encryption/EncryptionServiceProvider->{closure:Illuminate/Encryption/EncryptionServiceProvider::key():81}('')
#1 E:/CooperativeTraining/web/vendor/laravel/framework/src/Illuminate/Encryption/EncryptionServiceProvider.php(81): tap('', Object(Closure))
#2 E:/CooperativeTraining/web/vendor/laravel/framework/src/Illuminate/Encryption/EncryptionServiceProvider.php(64): Illuminate/Encryption/EncryptionServiceProvider->key(Array)
#3 E:/CooperativeTraining/web/vendor/laravel/framework/src/Illuminate/Encryption/EncryptionServiceProvider.php(32): Illuminate/Encryption/EncryptionServiceProvider->parseKey(Array)
#4 E:/CooperativeTraining/web/vendor/laravel/framework/src/Illuminate/Container/Container.php(1140): Illuminate/Encryption/EncryptionServiceProvider->{closure:Illuminate/Encryption/EncryptionServiceProvider::registerEncrypter():29}(Object(Illuminate/Foundation/Application), Array)
#5 E:/CooperativeTraining/web/vendor/laravel/framework/src/Illuminate/Container/Container.php(939): Illuminate/Container/Container->build(Object(Closure))
#6 E:/CooperativeTraining/web/vendor/laravel/framework/src/Illuminate/Foundation/Application.php(1085): Illuminate/Container/Container->resolve('encrypter', Array, true)
#7 E:/CooperativeTraining/web/vendor/laravel/framework/src/Illuminate/Container/Container.php(867): Illuminate/Foundation/Application->resolve('encrypter', Array)
#8 E:/CooperativeTraining/web/vendor/laravel/framework/src/Illuminate/Foundation/Application.php(1065): Illuminate/Container/Container->make('encrypter', Array)
#9 E:/CooperativeTraining/web/vendor/laravel/framework/src/Illuminate/Container/Container.php(1361): Illuminate/Foundation/Application->make('encrypter')
#10 E:/CooperativeTraining/web/vendor/laravel/framework/src/Illuminate/Container/Container.php(1262): Illuminate/Container/Container->resolveClass(Object(ReflectionParameter), 'Illuminate//Cont...')
#11 E:/CooperativeTraining/web/vendor/laravel/framework/src/Illuminate/Container/Container.php(1187): Illuminate/Container/Container->resolveDependencies(Array)
#12 E:/CooperativeTraining/web/vendor/laravel/framework/src/Illuminate/Container/Container.php(939): Illuminate/Container/Container->build('Illuminate//Cook...')
#13 E:/CooperativeTraining/web/vendor/laravel/framework/src/Illuminate/Foundation/Application.php(1085): Illuminate/Container/Container->resolve('Illuminate//Cook...', Array, true)
#14 E:/CooperativeTraining/web/vendor/laravel/framework/src/Illuminate/Container/Container.php(867): Illuminate/Foundation/Application->resolve('Illuminate//Cook...', Array)
#15 E:/CooperativeTraining/web/vendor/laravel/framework/src/Illuminate/Foundation/Application.php(1065): Illuminate/Container/Container->make('Illuminate//Cook...', Array)
#16 E:/CooperativeTraining/web/vendor/laravel/framework/src/Illuminate/Pipeline/Pipeline.php(208): Illuminate/Foundation/Application->make('Illuminate//Cook...')
#17 E:/CooperativeTraining/web/vendor/laravel/framework/src/Illuminate/Pipeline/Pipeline.php(137): Illuminate/Pipeline/Pipeline->{closure:{closure:Illuminate/Pipeline/Pipeline::carry():194}:195}(Object(Illuminate/Http/Request))
#18 E:/CooperativeTraining/web/vendor/laravel/framework/src/Illuminate/Routing/Router.php(821): Illuminate/Pipeline/Pipeline->then(Object(Closure))
#19 E:/CooperativeTraining/web/vendor/laravel/framework/src/Illuminate/Routing/Router.php(800): Illuminate/Routing/Router->runRouteWithinStack(Object(Illuminate/Routing/Route), Object(Illuminate/Http/Request))
#20 E:/CooperativeTraining/web/vendor/laravel/framework/src/Illuminate/Routing/Router.php(764): Illuminate/Routing/Router->runRoute(Object(Illuminate/Http/Request), Object(Illuminate/Routing/Route))
#21 E:/CooperativeTraining/web/vendor/laravel/framework/src/Illuminate/Routing/Router.php(753): Illuminate/Routing/Router->dispatchToRoute(Object(Illuminate/Http/Request))
#22 E:/CooperativeTraining/web/vendor/laravel/framework/src/Illuminate/Foundation/Http/Kernel.php(200): Illuminate/Routing/Router->dispatch(Object(Illuminate/Http/Request))
#23 E:/CooperativeTraining/web/vendor/laravel/framework/src/Illuminate/Pipeline/Pipeline.php(180): Illuminate/Foundation/Http/Kernel->{closure:Illuminate/Foundation/Http/Kernel::dispatchToRouter():197}(Object(Illuminate/Http/Request))
#24 E:/CooperativeTraining/web/vendor/livewire/livewire/src/Features/SupportDisablingBackButtonCache/DisableBackButtonCacheMiddleware.php(19): Illuminate/Pipeline/Pipeline->{closure:Illuminate/Pipeline/Pipeline::prepareDestination():178}(Object(Illuminate/Http/Request))
#25 E:/CooperativeTraining/web/vendor/laravel/framework/src/Illuminate/Pipeline/Pipeline.php(219): Livewire/Features/SupportDisablingBackButtonCache/DisableBackButtonCacheMiddleware->handle(Object(Illuminate/Http/Request), Object(Closure))
#26 E:/CooperativeTraining/web/vendor/laravel/framework/src/Illuminate/Foundation/Http/Middleware/TransformsRequest.php(21): Illuminate/Pipeline/Pipeline->{closure:{closure:Illuminate/Pipeline/Pipeline::carry():194}:195}(Object(Illuminate/Http/Request))
#27 E:/CooperativeTraining/web/vendor/laravel/framework/src/Illuminate/Foundation/Http/Middleware/ConvertEmptyStringsToNull.php(31): Illuminate/Foundation/Http/Middleware/TransformsRequest->handle(Object(Illuminate/Http/Request), Object(Closure))
#28 E:/CooperativeTraining/web/vendor/laravel/framework/src/Illuminate/Pipeline/Pipeline.php(219): Illuminate/Foundation/Http/Middleware/ConvertEmptyStringsToNull->handle(Object(Illuminate/Http/Request), Object(Closure))
#29 E:/CooperativeTraining/web/vendor/laravel/framework/src/Illuminate/Foundation/Http/Middleware/TransformsRequest.php(21): Illuminate/Pipeline/Pipeline->{closure:{closure:Illuminate/Pipeline/Pipeline::carry():194}:195}(Object(Illuminate/Http/Request))
#30 E:/CooperativeTraining/web/vendor/laravel/framework/src/Illuminate/Foundation/Http/Middleware/TrimStrings.php(51): Illuminate/Foundation/Http/Middleware/TransformsRequest->handle(Object(Illuminate/Http/Request), Object(Closure))
#31 E:/CooperativeTraining/web/vendor/laravel/framework/src/Illuminate/Pipeline/Pipeline.php(219): Illuminate/Foundation/Http/Middleware/TrimStrings->handle(Object(Illuminate/Http/Request), Object(Closure))
#32 E:/CooperativeTraining/web/vendor/laravel/framework/src/Illuminate/Http/Middleware/ValidatePostSize.php(27): Illuminate/Pipeline/Pipeline->{closure:{closure:Illuminate/Pipeline/Pipeline::carry():194}:195}(Object(Illuminate/Http/Request))
#33 E:/CooperativeTraining/web/vendor/laravel/framework/src/Illuminate/Pipeline/Pipeline.php(219): Illuminate/Http/Middleware/ValidatePostSize->handle(Object(Illuminate/Http/Request), Object(Closure))
#34 E:/CooperativeTraining/web/vendor/laravel/framework/src/Illuminate/Foundation/Http/Middleware/PreventRequestsDuringMaintenance.php(110): Illuminate/Pipeline/Pipeline->{closure:{closure:Illuminate/Pipeline/Pipeline::carry():194}:195}(Object(Illuminate/Http/Request))
#35 E:/CooperativeTraining/web/vendor/laravel/framework/src/Illuminate/Pipeline/Pipeline.php(219): Illuminate/Foundation/Http/Middleware/PreventRequestsDuringMaintenance->handle(Object(Illuminate/Http/Request), Object(Closure))
#36 E:/CooperativeTraining/web/vendor/laravel/framework/src/Illuminate/Http/Middleware/HandleCors.php(61): Illuminate/Pipeline/Pipeline->{closure:{closure:Illuminate/Pipeline/Pipeline::carry():194}:195}(Object(Illuminate/Http/Request))
#37 E:/CooperativeTraining/web/vendor/laravel/framework/src/Illuminate/Pipeline/Pipeline.php(219): Illuminate/Http/Middleware/HandleCors->handle(Object(Illuminate/Http/Request), Object(Closure))
#38 E:/CooperativeTraining/web/vendor/laravel/framework/src/Illuminate/Http/Middleware/TrustProxies.php(58): Illuminate/Pipeline/Pipeline->{closure:{closure:Illuminate/Pipeline/Pipeline::carry():194}:195}(Object(Illuminate/Http/Request))
#39 E:/CooperativeTraining/web/vendor/laravel/framework/src/Illuminate/Pipeline/Pipeline.php(219): Illuminate/Http/Middleware/TrustProxies->handle(Object(Illuminate/Http/Request), Object(Closure))
#40 E:/CooperativeTraining/web/vendor/laravel/framework/src/Illuminate/Foundation/Http/Middleware/InvokeDeferredCallbacks.php(22): Illuminate/Pipeline/Pipeline->{closure:{closure:Illuminate/Pipeline/Pipeline::carry():194}:195}(Object(Illuminate/Http/Request))
#41 E:/CooperativeTraining/web/vendor/laravel/framework/src/Illuminate/Pipeline/Pipeline.php(219): Illuminate/Foundation/Http/Middleware/InvokeDeferredCallbacks->handle(Object(Illuminate/Http/Request), Object(Closure))
#42 E:/CooperativeTraining/web/vendor/laravel/framework/src/Illuminate/Http/Middleware/ValidatePathEncoding.php(28): Illuminate/Pipeline/Pipeline->{closure:{closure:Illuminate/Pipeline/Pipeline::carry():194}:195}(Object(Illuminate/Http/Request))
#43 E:/CooperativeTraining/web/vendor/laravel/framework/src/Illuminate/Pipeline/Pipeline.php(219): Illuminate/Http/Middleware/ValidatePathEncoding->handle(Object(Illuminate/Http/Request), Object(Closure))
#44 E:/CooperativeTraining/web/vendor/laravel/framework/src/Illuminate/Pipeline/Pipeline.php(137): Illuminate/Pipeline/Pipeline->{closure:{closure:Illuminate/Pipeline/Pipeline::carry():194}:195}(Object(Illuminate/Http/Request))
#45 E:/CooperativeTraining/web/vendor/laravel/framework/src/Illuminate/Foundation/Http/Kernel.php(175): Illuminate/Pipeline/Pipeline->then(Object(Closure))
#46 E:/CooperativeTraining/web/vendor/laravel/framework/src/Illuminate/Foundation/Http/Kernel.php(144): Illuminate/Foundation/Http/Kernel->sendRequestThroughRouter(Object(Illuminate/Http/Request))
#47 E:/CooperativeTraining/web/vendor/laravel/framework/src/Illuminate/Foundation/Testing/Concerns/MakesHttpRequests.php(638): Illuminate/Foundation/Http/Kernel->handle(Object(Illuminate/Http/Request))
#48 E:/CooperativeTraining/web/vendor/laravel/framework/src/Illuminate/Foundation/Testing/Concerns/MakesHttpRequests.php(368): Illuminate/Foundation/Testing/TestCase->call('GET', 'http://localhos...', Array, Array, Array, Array)
#49 E:/CooperativeTraining/web/tests/Feature/DashboardTest.php(15): Illuminate/Foundation/Testing/TestCase->get('http://localhos...')
#50 E:/CooperativeTraining/web/vendor/phpunit/phpunit/src/Framework/TestCase.php(1318): Tests/Feature/DashboardTest->test_guests_are_redirected_to_the_login_page()
#51 E:/CooperativeTraining/web/vendor/phpunit/phpunit/src/Framework/TestCase.php(1355): PHPUnit/Framework/TestCase->invokeTestMethod('test_guests_are...', Array)
#52 E:/CooperativeTraining/web/vendor/phpunit/phpunit/src/Framework/TestCase.php(521): PHPUnit/Framework/TestCase->runTest()
#53 E:/CooperativeTraining/web/vendor/phpunit/phpunit/src/Framework/TestRunner/TestRunner.php(99): PHPUnit/Framework/TestCase->runBare()
#54 E:/CooperativeTraining/web/vendor/phpunit/phpunit/src/Framework/TestCase.php(361): PHPUnit/Framework/TestRunner->run(Object(Tests/Feature/DashboardTest))
#55 E:/CooperativeTraining/web/vendor/phpunit/phpunit/src/Framework/TestSuite.php(374): PHPUnit/Framework/TestCase->run()
#56 E:/CooperativeTraining/web/vendor/phpunit/phpunit/src/Framework/TestSuite.php(374): PHPUnit/Framework/TestSuite->run()
#57 E:/CooperativeTraining/web/vendor/phpunit/phpunit/src/Framework/TestSuite.php(374): PHPUnit/Framework/TestSuite->run()
#58 E:/CooperativeTraining/web/vendor/phpunit/phpunit/src/TextUI/TestRunner.php(64): PHPUnit/Framework/TestSuite->run()
#59 E:/CooperativeTraining/web/vendor/phpunit/phpunit/src/TextUI/Application.php(229): PHPUnit/TextUI/TestRunner->run(Object(PHPUnit/TextUI/Configuration/Configuration), Object(PHPUnit/Runner/ResultCache/DefaultResultCache), Object(PHPUnit/Framework/TestSuite))
#60 E:/CooperativeTraining/web/vendor/phpunit/phpunit/phpunit(104): PHPUnit/TextUI/Application->run(Array)
#61 {main}
"} 
[2026-09-02 22:18:58] testing.ERROR: No application encryption key has been specified. {"userId":1,"exception":"[object] (Illuminate\\Encryption\\MissingAppKeyException(code: 0): No application encryption key has been specified. at E:/CooperativeTraining/web/vendor/laravel/framework/src/Illuminate/Encryption/EncryptionServiceProvider.php:83)
[stacktrace]
#0 E:/CooperativeTraining/web/vendor/laravel/framework/src/Illuminate/Support/helpers.php(393): Illuminate/Encryption/EncryptionServiceProvider->{closure:Illuminate/Encryption/EncryptionServiceProvider::key():81}('')
#1 E:/CooperativeTraining/web/vendor/laravel/framework/src/Illuminate/Encryption/EncryptionServiceProvider.php(81): tap('', Object(Closure))
#2 E:/CooperativeTraining/web/vendor/laravel/framework/src/Illuminate/Encryption/EncryptionServiceProvider.php(64): Illuminate/Encryption/EncryptionServiceProvider->key(Array)
#3 E:/CooperativeTraining/web/vendor/laravel/framework/src/Illuminate/Encryption/EncryptionServiceProvider.php(32): Illuminate/Encryption/EncryptionServiceProvider->parseKey(Array)
#4 E:/CooperativeTraining/web/vendor/laravel/framework/src/Illuminate/Container/Container.php(1140): Illuminate/Encryption/EncryptionServiceProvider->{closure:Illuminate/Encryption/EncryptionServiceProvider::registerEncrypter():29}(Object(Illuminate/Foundation/Application), Array)
#5 E:/CooperativeTraining/web/vendor/laravel/framework/src/Illuminate/Container/Container.php(939): Illuminate/Container/Container->build(Object(Closure))
#6 E:/CooperativeTraining/web/vendor/laravel/framework/src/Illuminate/Foundation/Application.php(1085): Illuminate/Container/Container->resolve('encrypter', Array, true)
#7 E:/CooperativeTraining/web/vendor/laravel/framework/src/Illuminate/Container/Container.php(867): Illuminate/Foundation/Application->resolve('encrypter', Array)
#8 E:/CooperativeTraining/web/vendor/laravel/framework/src/Illuminate/Foundation/Application.php(1065): Illuminate/Container/Container->make('encrypter', Array)
#9 E:/CooperativeTraining/web/vendor/laravel/framework/src/Illuminate/Container/Container.php(1361): Illuminate/Foundation/Application->make('encrypter')
#10 E:/CooperativeTraining/web/vendor/laravel/framework/src/Illuminate/Container/Container.php(1262): Illuminate/Container/Container->resolveClass(Object(ReflectionParameter), 'Illuminate//Cont...')
#11 E:/CooperativeTraining/web/vendor/laravel/framework/src/Illuminate/Container/Container.php(1187): Illuminate/Container/Container->resolveDependencies(Array)
#12 E:/CooperativeTraining/web/vendor/laravel/framework/src/Illuminate/Container/Container.php(939): Illuminate/Container/Container->build('Illuminate//Cook...')
#13 E:/CooperativeTraining/web/vendor/laravel/framework/src/Illuminate/Foundation/Application.php(1085): Illuminate/Container/Container->resolve('Illuminate//Cook...', Array, true)
#14 E:/CooperativeTraining/web/vendor/laravel/framework/src/Illuminate/Container/Container.php(867): Illuminate/Foundation/Application->resolve('Illuminate//Cook...', Array)
#15 E:/CooperativeTraining/web/vendor/laravel/framework/src/Illuminate/Foundation/Application.php(1065): Illuminate/Container/Container->make('Illuminate//Cook...', Array)
#16 E:/CooperativeTraining/web/vendor/laravel/framework/src/Illuminate/Pipeline/Pipeline.php(208): Illuminate/Foundation/Application->make('Illuminate//Cook...')
#17 E:/CooperativeTraining/web/vendor/laravel/framework/src/Illuminate/Pipeline/Pipeline.php(137): Illuminate/Pipeline/Pipeline->{closure:{closure:Illuminate/Pipeline/Pipeline::carry():194}:195}(Object(Illuminate/Http/Request))
#18 E:/CooperativeTraining/web/vendor/laravel/framework/src/Illuminate/Routing/Router.php(821): Illuminate/Pipeline/Pipeline->then(Object(Closure))
#19 E:/CooperativeTraining/web/vendor/laravel/framework/src/Illuminate/Routing/Router.php(800): Illuminate/Routing/Router->runRouteWithinStack(Object(Illuminate/Routing/Route), Object(Illuminate/Http/Request))
#20 E:/CooperativeTraining/web/vendor/laravel/framework/src/Illuminate/Routing/Router.php(764): Illuminate/Routing/Router->runRoute(Object(Illuminate/Http/Request), Object(Illuminate/Routing/Route))
#21 E:/CooperativeTraining/web/vendor/laravel/framework/src/Illuminate/Routing/Router.php(753): Illuminate/Routing/Router->dispatchToRoute(Object(Illuminate/Http/Request))
#22 E:/CooperativeTraining/web/vendor/laravel/framework/src/Illuminate/Foundation/Http/Kernel.php(200): Illuminate/Routing/Router->dispatch(Object(Illuminate/Http/Request))
#23 E:/CooperativeTraining/web/vendor/laravel/framework/src/Illuminate/Pipeline/Pipeline.php(180): Illuminate/Foundation/Http/Kernel->{closure:Illuminate/Foundation/Http/Kernel::dispatchToRouter():197}(Object(Illuminate/Http/Request))
#24 E:/CooperativeTraining/web/vendor/livewire/livewire/src/Features/SupportDisablingBackButtonCache/DisableBackButtonCacheMiddleware.php(19): Illuminate/Pipeline/Pipeline->{closure:Illuminate/Pipeline/Pipeline::prepareDestination():178}(Object(Illuminate/Http/Request))
#25 E:/CooperativeTraining/web/vendor/laravel/framework/src/Illuminate/Pipeline/Pipeline.php(219): Livewire/Features/SupportDisablingBackButtonCache/DisableBackButtonCacheMiddleware->handle(Object(Illuminate/Http/Request), Object(Closure))
#26 E:/CooperativeTraining/web/vendor/laravel/framework/src/Illuminate/Foundation/Http/Middleware/TransformsRequest.php(21): Illuminate/Pipeline/Pipeline->{closure:{closure:Illuminate/Pipeline/Pipeline::carry():194}:195}(Object(Illuminate/Http/Request))
#27 E:/CooperativeTraining/web/vendor/laravel/framework/src/Illuminate/Foundation/Http/Middleware/ConvertEmptyStringsToNull.php(31): Illuminate/Foundation/Http/Middleware/TransformsRequest->handle(Object(Illuminate/Http/Request), Object(Closure))
#28 E:/CooperativeTraining/web/vendor/laravel/framework/src/Illuminate/Pipeline/Pipeline.php(219): Illuminate/Foundation/Http/Middleware/ConvertEmptyStringsToNull->handle(Object(Illuminate/Http/Request), Object(Closure))
#29 E:/CooperativeTraining/web/vendor/laravel/framework/src/Illuminate/Foundation/Http/Middleware/TransformsRequest.php(21): Illuminate/Pipeline/Pipeline->{closure:{closure:Illuminate/Pipeline/Pipeline::carry():194}:195}(Object(Illuminate/Http/Request))
#30 E:/CooperativeTraining/web/vendor/laravel/framework/src/Illuminate/Foundation/Http/Middleware/TrimStrings.php(51): Illuminate/Foundation/Http/Middleware/TransformsRequest->handle(Object(Illuminate/Http/Request), Object(Closure))
#31 E:/CooperativeTraining/web/vendor/laravel/framework/src/Illuminate/Pipeline/Pipeline.php(219): Illuminate/Foundation/Http/Middleware/TrimStrings->handle(Object(Illuminate/Http/Request), Object(Closure))
#32 E:/CooperativeTraining/web/vendor/laravel/framework/src/Illuminate/Http/Middleware/ValidatePostSize.php(27): Illuminate/Pipeline/Pipeline->{closure:{closure:Illuminate/Pipeline/Pipeline::carry():194}:195}(Object(Illuminate/Http/Request))
#33 E:/CooperativeTraining/web/vendor/laravel/framework/src/Illuminate/Pipeline/Pipeline.php(219): Illuminate/Http/Middleware/ValidatePostSize->handle(Object(Illuminate/Http/Request), Object(Closure))
#34 E:/CooperativeTraining/web/vendor/laravel/framework/src/Illuminate/Foundation/Http/Middleware/PreventRequestsDuringMaintenance.php(110): Illuminate/Pipeline/Pipeline->{closure:{closure:Illuminate/Pipeline/Pipeline::carry():194}:195}(Object(Illuminate/Http/Request))
#35 E:/CooperativeTraining/web/vendor/laravel/framework/src/Illuminate/Pipeline/Pipeline.php(219): Illuminate/Foundation/Http/Middleware/PreventRequestsDuringMaintenance->handle(Object(Illuminate/Http/Request), Object(Closure))
#36 E:/CooperativeTraining/web/vendor/laravel/framework/src/Illuminate/Http/Middleware/HandleCors.php(61): Illuminate/Pipeline/Pipeline->{closure:{closure:Illuminate/Pipeline/Pipeline::carry():194}:195}(Object(Illuminate/Http/Request))
#37 E:/CooperativeTraining/web/vendor/laravel/framework/src/Illuminate/Pipeline/Pipeline.php(219): Illuminate/Http/Middleware/HandleCors->handle(Object(Illuminate/Http/Request), Object(Closure))
#38 E:/CooperativeTraining/web/vendor/laravel/framework/src/Illuminate/Http/Middleware/TrustProxies.php(58): Illuminate/Pipeline/Pipeline->{closure:{closure:Illuminate/Pipeline/Pipeline::carry():194}:195}(Object(Illuminate/Http/Request))
#39 E:/CooperativeTraining/web/vendor/laravel/framework/src/Illuminate/Pipeline/Pipeline.php(219): Illuminate/Http/Middleware/TrustProxies->handle(Object(Illuminate/Http/Request), Object(Closure))
#40 E:/CooperativeTraining/web/vendor/laravel/framework/src/Illuminate/Foundation/Http/Middleware/InvokeDeferredCallbacks.php(22): Illuminate/Pipeline/Pipeline->{closure:{closure:Illuminate/Pipeline/Pipeline::carry():194}:195}(Object(Illuminate/Http/Request))
#41 E:/CooperativeTraining/web/vendor/laravel/framework/src/Illuminate/Pipeline/Pipeline.php(219): Illuminate/Foundation/Http/Middleware/InvokeDeferredCallbacks->handle(Object(Illuminate/Http/Request), Object(Closure))
#42 E:/CooperativeTraining/web/vendor/laravel/framework/src/Illuminate/Http/Middleware/ValidatePathEncoding.php(28): Illuminate/Pipeline/Pipeline->{closure:{closure:Illuminate/Pipeline/Pipeline::carry():194}:195}(Object(Illuminate/Http/Request))
#43 E:/CooperativeTraining/web/vendor/laravel/framework/src/Illuminate/Pipeline/Pipeline.php(219): Illuminate/Http/Middleware/ValidatePathEncoding->handle(Object(Illuminate/Http/Request), Object(Closure))
#44 E:/CooperativeTraining/web/vendor/laravel/framework/src/Illuminate/Pipeline/Pipeline.php(137): Illuminate/Pipeline/Pipeline->{closure:{closure:Illuminate/Pipeline/Pipeline::carry():194}:195}(Object(Illuminate/Http/Request))
#45 E:/CooperativeTraining/web/vendor/laravel/framework/src/Illuminate/Foundation/Http/Kernel.php(175): Illuminate/Pipeline/Pipeline->then(Object(Closure))
#46 E:/CooperativeTraining/web/vendor/laravel/framework/src/Illuminate/Foundation/Http/Kernel.php(144): Illuminate/Foundation/Http/Kernel->sendRequestThroughRouter(Object(Illuminate/Http/Request))
#47 E:/CooperativeTraining/web/vendor/laravel/framework/src/Illuminate/Foundation/Testing/Concerns/MakesHttpRequests.php(638): Illuminate/Foundation/Http/Kernel->handle(Object(Illuminate/Http/Request))
#48 E:/CooperativeTraining/web/vendor/laravel/framework/src/Illuminate/Foundation/Testing/Concerns/MakesHttpRequests.php(368): Illuminate/Foundation/Testing/TestCase->call('GET', 'http://localhos...', Array, Array, Array, Array)
#49 E:/CooperativeTraining/web/tests/Feature/DashboardTest.php(24): Illuminate/Foundation/Testing/TestCase->get('http://localhos...')
#50 E:/CooperativeTraining/web/vendor/phpunit/phpunit/src/Framework/TestCase.php(1318): Tests/Feature/DashboardTest->test_authenticated_users_can_visit_the_dashboard()
#51 E:/CooperativeTraining/web/vendor/phpunit/phpunit/src/Framework/TestCase.php(1355): PHPUnit/Framework/TestCase->invokeTestMethod('test_authentica...', Array)
#52 E:/CooperativeTraining/web/vendor/phpunit/phpunit/src/Framework/TestCase.php(521): PHPUnit/Framework/TestCase->runTest()
#53 E:/CooperativeTraining/web/vendor/phpunit/phpunit/src/Framework/TestRunner/TestRunner.php(99): PHPUnit/Framework/TestCase->runBare()
#54 E:/CooperativeTraining/web/vendor/phpunit/phpunit/src/Framework/TestCase.php(361): PHPUnit/Framework/TestRunner->run(Object(Tests/Feature/DashboardTest))
#55 E:/CooperativeTraining/web/vendor/phpunit/phpunit/src/Framework/TestSuite.php(374): PHPUnit/Framework/TestCase->run()
#56 E:/CooperativeTraining/web/vendor/phpunit/phpunit/src/Framework/TestSuite.php(374): PHPUnit/Framework/TestSuite->run()
#57 E:/CooperativeTraining/web/vendor/phpunit/phpunit/src/Framework/TestSuite.php(374): PHPUnit/Framework/TestSuite->run()
#58 E:/CooperativeTraining/web/vendor/phpunit/phpunit/src/TextUI/TestRunner.php(64): PHPUnit/Framework/TestSuite->run()
#59 E:/CooperativeTraining/web/vendor/phpunit/phpunit/src/TextUI/Application.php(229): PHPUnit/TextUI/TestRunner->run(Object(PHPUnit/TextUI/Configuration/Configuration), Object(PHPUnit/Runner/ResultCache/DefaultResultCache), Object(PHPUnit/Framework/TestSuite))
#60 E:/CooperativeTraining/web/vendor/phpunit/phpunit/phpunit(104): PHPUnit/TextUI/Application->run(Array)
#61 {main}
"} 
[2026-09-02 22:18:58] testing.ERROR: No application encryption key has been specified. {"exception":"[object] (Illuminate\\Encryption\\MissingAppKeyException(code: 0): No application encryption key has been specified. at E:/CooperativeTraining/web/vendor/laravel/framework/src/Illuminate/Encryption/EncryptionServiceProvider.php:83)
[stacktrace]
#0 E:/CooperativeTraining/web/vendor/laravel/framework/src/Illuminate/Support/helpers.php(393): Illuminate/Encryption/EncryptionServiceProvider->{closure:Illuminate/Encryption/EncryptionServiceProvider::key():81}('')
#1 E:/CooperativeTraining/web/vendor/laravel/framework/src/Illuminate/Encryption/EncryptionServiceProvider.php(81): tap('', Object(Closure))
#2 E:/CooperativeTraining/web/vendor/laravel/framework/src/Illuminate/Encryption/EncryptionServiceProvider.php(64): Illuminate/Encryption/EncryptionServiceProvider->key(Array)
#3 E:/CooperativeTraining/web/vendor/laravel/framework/src/Illuminate/Encryption/EncryptionServiceProvider.php(32): Illuminate/Encryption/EncryptionServiceProvider->parseKey(Array)
#4 E:/CooperativeTraining/web/vendor/laravel/framework/src/Illuminate/Container/Container.php(1140): Illuminate/Encryption/EncryptionServiceProvider->{closure:Illuminate/Encryption/EncryptionServiceProvider::registerEncrypter():29}(Object(Illuminate/Foundation/Application), Array)
#5 E:/CooperativeTraining/web/vendor/laravel/framework/src/Illuminate/Container/Container.php(939): Illuminate/Container/Container->build(Object(Closure))
#6 E:/CooperativeTraining/web/vendor/laravel/framework/src/Illuminate/Foundation/Application.php(1085): Illuminate/Container/Container->resolve('encrypter', Array, true)
#7 E:/CooperativeTraining/web/vendor/laravel/framework/src/Illuminate/Container/Container.php(867): Illuminate/Foundation/Application->resolve('encrypter', Array)
#8 E:/CooperativeTraining/web/vendor/laravel/framework/src/Illuminate/Foundation/Application.php(1065): Illuminate/Container/Container->make('encrypter', Array)
#9 E:/CooperativeTraining/web/vendor/laravel/framework/src/Illuminate/Container/Container.php(1361): Illuminate/Foundation/Application->make('encrypter')
#10 E:/CooperativeTraining/web/vendor/laravel/framework/src/Illuminate/Container/Container.php(1262): Illuminate/Container/Container->resolveClass(Object(ReflectionParameter), 'Illuminate//Cont...')
#11 E:/CooperativeTraining/web/vendor/laravel/framework/src/Illuminate/Container/Container.php(1187): Illuminate/Container/Container->resolveDependencies(Array)
#12 E:/CooperativeTraining/web/vendor/laravel/framework/src/Illuminate/Container/Container.php(939): Illuminate/Container/Container->build('Illuminate//Cook...')
#13 E:/CooperativeTraining/web/vendor/laravel/framework/src/Illuminate/Foundation/Application.php(1085): Illuminate/Container/Container->resolve('Illuminate//Cook...', Array, true)
#14 E:/CooperativeTraining/web/vendor/laravel/framework/src/Illuminate/Container/Container.php(867): Illuminate/Foundation/Application->resolve('Illuminate//Cook...', Array)
#15 E:/CooperativeTraining/web/vendor/laravel/framework/src/Illuminate/Foundation/Application.php(1065): Illuminate/Container/Container->make('Illuminate//Cook...', Array)
#16 E:/CooperativeTraining/web/vendor/laravel/framework/src/Illuminate/Pipeline/Pipeline.php(208): Illuminate/Foundation/Application->make('Illuminate//Cook...')
#17 E:/CooperativeTraining/web/vendor/laravel/framework/src/Illuminate/Pipeline/Pipeline.php(137): Illuminate/Pipeline/Pipeline->{closure:{closure:Illuminate/Pipeline/Pipeline::carry():194}:195}(Object(Illuminate/Http/Request))
#18 E:/CooperativeTraining/web/vendor/laravel/framework/src/Illuminate/Routing/Router.php(821): Illuminate/Pipeline/Pipeline->then(Object(Closure))
#19 E:/CooperativeTraining/web/vendor/laravel/framework/src/Illuminate/Routing/Router.php(800): Illuminate/Routing/Router->runRouteWithinStack(Object(Illuminate/Routing/Route), Object(Illuminate/Http/Request))
#20 E:/CooperativeTraining/web/vendor/laravel/framework/src/Illuminate/Routing/Router.php(764): Illuminate/Routing/Router->runRoute(Object(Illuminate/Http/Request), Object(Illuminate/Routing/Route))
#21 E:/CooperativeTraining/web/vendor/laravel/framework/src/Illuminate/Routing/Router.php(753): Illuminate/Routing/Router->dispatchToRoute(Object(Illuminate/Http/Request))
#22 E:/CooperativeTraining/web/vendor/laravel/framework/src/Illuminate/Foundation/Http/Kernel.php(200): Illuminate/Routing/Router->dispatch(Object(Illuminate/Http/Request))
#23 E:/CooperativeTraining/web/vendor/laravel/framework/src/Illuminate/Pipeline/Pipeline.php(180): Illuminate/Foundation/Http/Kernel->{closure:Illuminate/Foundation/Http/Kernel::dispatchToRouter():197}(Object(Illuminate/Http/Request))
#24 E:/CooperativeTraining/web/vendor/livewire/livewire/src/Features/SupportDisablingBackButtonCache/DisableBackButtonCacheMiddleware.php(19): Illuminate/Pipeline/Pipeline->{closure:Illuminate/Pipeline/Pipeline::prepareDestination():178}(Object(Illuminate/Http/Request))
#25 E:/CooperativeTraining/web/vendor/laravel/framework/src/Illuminate/Pipeline/Pipeline.php(219): Livewire/Features/SupportDisablingBackButtonCache/DisableBackButtonCacheMiddleware->handle(Object(Illuminate/Http/Request), Object(Closure))
#26 E:/CooperativeTraining/web/vendor/laravel/framework/src/Illuminate/Foundation/Http/Middleware/TransformsRequest.php(21): Illuminate/Pipeline/Pipeline->{closure:{closure:Illuminate/Pipeline/Pipeline::carry():194}:195}(Object(Illuminate/Http/Request))
#27 E:/CooperativeTraining/web/vendor/laravel/framework/src/Illuminate/Foundation/Http/Middleware/ConvertEmptyStringsToNull.php(31): Illuminate/Foundation/Http/Middleware/TransformsRequest->handle(Object(Illuminate/Http/Request), Object(Closure))
#28 E:/CooperativeTraining/web/vendor/laravel/framework/src/Illuminate/Pipeline/Pipeline.php(219): Illuminate/Foundation/Http/Middleware/ConvertEmptyStringsToNull->handle(Object(Illuminate/Http/Request), Object(Closure))
#29 E:/CooperativeTraining/web/vendor/laravel/framework/src/Illuminate/Foundation/Http/Middleware/TransformsRequest.php(21): Illuminate/Pipeline/Pipeline->{closure:{closure:Illuminate/Pipeline/Pipeline::carry():194}:195}(Object(Illuminate/Http/Request))
#30 E:/CooperativeTraining/web/vendor/laravel/framework/src/Illuminate/Foundation/Http/Middleware/TrimStrings.php(51): Illuminate/Foundation/Http/Middleware/TransformsRequest->handle(Object(Illuminate/Http/Request), Object(Closure))
#31 E:/CooperativeTraining/web/vendor/laravel/framework/src/Illuminate/Pipeline/Pipeline.php(219): Illuminate/Foundation/Http/Middleware/TrimStrings->handle(Object(Illuminate/Http/Request), Object(Closure))
#32 E:/CooperativeTraining/web/vendor/laravel/framework/src/Illuminate/Http/Middleware/ValidatePostSize.php(27): Illuminate/Pipeline/Pipeline->{closure:{closure:Illuminate/Pipeline/Pipeline::carry():194}:195}(Object(Illuminate/Http/Request))
#33 E:/CooperativeTraining/web/vendor/laravel/framework/src/Illuminate/Pipeline/Pipeline.php(219): Illuminate/Http/Middleware/ValidatePostSize->handle(Object(Illuminate/Http/Request), Object(Closure))
#34 E:/CooperativeTraining/web/vendor/laravel/framework/src/Illuminate/Foundation/Http/Middleware/PreventRequestsDuringMaintenance.php(110): Illuminate/Pipeline/Pipeline->{closure:{closure:Illuminate/Pipeline/Pipeline::carry():194}:195}(Object(Illuminate/Http/Request))
#35 E:/CooperativeTraining/web/vendor/laravel/framework/src/Illuminate/Pipeline/Pipeline.php(219): Illuminate/Foundation/Http/Middleware/PreventRequestsDuringMaintenance->handle(Object(Illuminate/Http/Request), Object(Closure))
#36 E:/CooperativeTraining/web/vendor/laravel/framework/src/Illuminate/Http/Middleware/HandleCors.php(61): Illuminate/Pipeline/Pipeline->{closure:{closure:Illuminate/Pipeline/Pipeline::carry():194}:195}(Object(Illuminate/Http/Request))
#37 E:/CooperativeTraining/web/vendor/laravel/framework/src/Illuminate/Pipeline/Pipeline.php(219): Illuminate/Http/Middleware/HandleCors->handle(Object(Illuminate/Http/Request), Object(Closure))
#38 E:/CooperativeTraining/web/vendor/laravel/framework/src/Illuminate/Http/Middleware/TrustProxies.php(58): Illuminate/Pipeline/Pipeline->{closure:{closure:Illuminate/Pipeline/Pipeline::carry():194}:195}(Object(Illuminate/Http/Request))
#39 E:/CooperativeTraining/web/vendor/laravel/framework/src/Illuminate/Pipeline/Pipeline.php(219): Illuminate/Http/Middleware/TrustProxies->handle(Object(Illuminate/Http/Request), Object(Closure))
#40 E:/CooperativeTraining/web/vendor/laravel/framework/src/Illuminate/Foundation/Http/Middleware/InvokeDeferredCallbacks.php(22): Illuminate/Pipeline/Pipeline->{closure:{closure:Illuminate/Pipeline/Pipeline::carry():194}:195}(Object(Illuminate/Http/Request))
#41 E:/CooperativeTraining/web/vendor/laravel/framework/src/Illuminate/Pipeline/Pipeline.php(219): Illuminate/Foundation/Http/Middleware/InvokeDeferredCallbacks->handle(Object(Illuminate/Http/Request), Object(Closure))
#42 E:/CooperativeTraining/web/vendor/laravel/framework/src/Illuminate/Http/Middleware/ValidatePathEncoding.php(28): Illuminate/Pipeline/Pipeline->{closure:{closure:Illuminate/Pipeline/Pipeline::carry():194}:195}(Object(Illuminate/Http/Request))
#43 E:/CooperativeTraining/web/vendor/laravel/framework/src/Illuminate/Pipeline/Pipeline.php(219): Illuminate/Http/Middleware/ValidatePathEncoding->handle(Object(Illuminate/Http/Request), Object(Closure))
#44 E:/CooperativeTraining/web/vendor/laravel/framework/src/Illuminate/Pipeline/Pipeline.php(137): Illuminate/Pipeline/Pipeline->{closure:{closure:Illuminate/Pipeline/Pipeline::carry():194}:195}(Object(Illuminate/Http/Request))
#45 E:/CooperativeTraining/web/vendor/laravel/framework/src/Illuminate/Foundation/Http/Kernel.php(175): Illuminate/Pipeline/Pipeline->then(Object(Closure))
#46 E:/CooperativeTraining/web/vendor/laravel/framework/src/Illuminate/Foundation/Http/Kernel.php(144): Illuminate/Foundation/Http/Kernel->sendRequestThroughRouter(Object(Illuminate/Http/Request))
#47 E:/CooperativeTraining/web/vendor/laravel/framework/src/Illuminate/Foundation/Testing/Concerns/MakesHttpRequests.php(638): Illuminate/Foundation/Http/Kernel->handle(Object(Illuminate/Http/Request))
#48 E:/CooperativeTraining/web/vendor/laravel/framework/src/Illuminate/Foundation/Testing/Concerns/MakesHttpRequests.php(368): Illuminate/Foundation/Testing/TestCase->call('GET', 'http://localhos...', Array, Array, Array, Array)
#49 E:/CooperativeTraining/web/tests/Feature/ExampleTest.php(14): Illuminate/Foundation/Testing/TestCase->get('http://localhos...')
#50 E:/CooperativeTraining/web/vendor/phpunit/phpunit/src/Framework/TestCase.php(1318): Tests/Feature/ExampleTest->test_returns_a_successful_response()
#51 E:/CooperativeTraining/web/vendor/phpunit/phpunit/src/Framework/TestCase.php(1355): PHPUnit/Framework/TestCase->invokeTestMethod('test_returns_a_...', Array)
#52 E:/CooperativeTraining/web/vendor/phpunit/phpunit/src/Framework/TestCase.php(521): PHPUnit/Framework/TestCase->runTest()
#53 E:/CooperativeTraining/web/vendor/phpunit/phpunit/src/Framework/TestRunner/TestRunner.php(99): PHPUnit/Framework/TestCase->runBare()
#54 E:/CooperativeTraining/web/vendor/phpunit/phpunit/src/Framework/TestCase.php(361): PHPUnit/Framework/TestRunner->run(Object(Tests/Feature/ExampleTest))
#55 E:/CooperativeTraining/web/vendor/phpunit/phpunit/src/Framework/TestSuite.php(374): PHPUnit/Framework/TestCase->run()
#56 E:/CooperativeTraining/web/vendor/phpunit/phpunit/src/Framework/TestSuite.php(374): PHPUnit/Framework/TestSuite->run()
#57 E:/CooperativeTraining/web/vendor/phpunit/phpunit/src/Framework/TestSuite.php(374): PHPUnit/Framework/TestSuite->run()
#58 E:/CooperativeTraining/web/vendor/phpunit/phpunit/src/TextUI/TestRunner.php(64): PHPUnit/Framework/TestSuite->run()
#59 E:/CooperativeTraining/web/vendor/phpunit/phpunit/src/TextUI/Application.php(229): PHPUnit/TextUI/TestRunner->run(Object(PHPUnit/TextUI/Configuration/Configuration), Object(PHPUnit/Runner/ResultCache/DefaultResultCache), Object(PHPUnit/Framework/TestSuite))
#60 E:/CooperativeTraining/web/vendor/phpunit/phpunit/phpunit(104): PHPUnit/TextUI/Application->run(Array)
#61 {main}
"} 
[2026-09-02 22:18:59] testing.ERROR: No application encryption key has been specified. {"userId":1,"exception":"[object] (Illuminate\\Encryption\\MissingAppKeyException(code: 0): No application encryption key has been specified. at E:/CooperativeTraining/web/vendor/laravel/framework/src/Illuminate/Encryption/EncryptionServiceProvider.php:83)
[stacktrace]
#0 E:/CooperativeTraining/web/vendor/laravel/framework/src/Illuminate/Support/helpers.php(393): Illuminate/Encryption/EncryptionServiceProvider->{closure:Illuminate/Encryption/EncryptionServiceProvider::key():81}('')
#1 E:/CooperativeTraining/web/vendor/laravel/framework/src/Illuminate/Encryption/EncryptionServiceProvider.php(81): tap('', Object(Closure))
#2 E:/CooperativeTraining/web/vendor/laravel/framework/src/Illuminate/Encryption/EncryptionServiceProvider.php(64): Illuminate/Encryption/EncryptionServiceProvider->key(Array)
#3 E:/CooperativeTraining/web/vendor/laravel/framework/src/Illuminate/Encryption/EncryptionServiceProvider.php(32): Illuminate/Encryption/EncryptionServiceProvider->parseKey(Array)
#4 E:/CooperativeTraining/web/vendor/laravel/framework/src/Illuminate/Container/Container.php(1140): Illuminate/Encryption/EncryptionServiceProvider->{closure:Illuminate/Encryption/EncryptionServiceProvider::registerEncrypter():29}(Object(Illuminate/Foundation/Application), Array)
#5 E:/CooperativeTraining/web/vendor/laravel/framework/src/Illuminate/Container/Container.php(939): Illuminate/Container/Container->build(Object(Closure))
#6 E:/CooperativeTraining/web/vendor/laravel/framework/src/Illuminate/Foundation/Application.php(1085): Illuminate/Container/Container->resolve('encrypter', Array, true)
#7 E:/CooperativeTraining/web/vendor/laravel/framework/src/Illuminate/Container/Container.php(867): Illuminate/Foundation/Application->resolve('encrypter', Array)
#8 E:/CooperativeTraining/web/vendor/laravel/framework/src/Illuminate/Foundation/Application.php(1065): Illuminate/Container/Container->make('encrypter', Array)
#9 E:/CooperativeTraining/web/vendor/laravel/framework/src/Illuminate/Container/Container.php(1361): Illuminate/Foundation/Application->make('encrypter')
#10 E:/CooperativeTraining/web/vendor/laravel/framework/src/Illuminate/Container/Container.php(1262): Illuminate/Container/Container->resolveClass(Object(ReflectionParameter), 'Illuminate//Cont...')
#11 E:/CooperativeTraining/web/vendor/laravel/framework/src/Illuminate/Container/Container.php(1187): Illuminate/Container/Container->resolveDependencies(Array)
#12 E:/CooperativeTraining/web/vendor/laravel/framework/src/Illuminate/Container/Container.php(939): Illuminate/Container/Container->build('Illuminate//Cook...')
#13 E:/CooperativeTraining/web/vendor/laravel/framework/src/Illuminate/Foundation/Application.php(1085): Illuminate/Container/Container->resolve('Illuminate//Cook...', Array, true)
#14 E:/CooperativeTraining/web/vendor/laravel/framework/src/Illuminate/Container/Container.php(867): Illuminate/Foundation/Application->resolve('Illuminate//Cook...', Array)
#15 E:/CooperativeTraining/web/vendor/laravel/framework/src/Illuminate/Foundation/Application.php(1065): Illuminate/Container/Container->make('Illuminate//Cook...', Array)
#16 E:/CooperativeTraining/web/vendor/laravel/framework/src/Illuminate/Pipeline/Pipeline.php(208): Illuminate/Foundation/Application->make('Illuminate//Cook...')
#17 E:/CooperativeTraining/web/vendor/laravel/framework/src/Illuminate/Pipeline/Pipeline.php(137): Illuminate/Pipeline/Pipeline->{closure:{closure:Illuminate/Pipeline/Pipeline::carry():194}:195}(Object(Illuminate/Http/Request))
#18 E:/CooperativeTraining/web/vendor/laravel/framework/src/Illuminate/Routing/Router.php(821): Illuminate/Pipeline/Pipeline->then(Object(Closure))
#19 E:/CooperativeTraining/web/vendor/laravel/framework/src/Illuminate/Routing/Router.php(800): Illuminate/Routing/Router->runRouteWithinStack(Object(Illuminate/Routing/Route), Object(Illuminate/Http/Request))
#20 E:/CooperativeTraining/web/vendor/laravel/framework/src/Illuminate/Routing/Router.php(764): Illuminate/Routing/Router->runRoute(Object(Illuminate/Http/Request), Object(Illuminate/Routing/Route))
#21 E:/CooperativeTraining/web/vendor/laravel/framework/src/Illuminate/Routing/Router.php(753): Illuminate/Routing/Router->dispatchToRoute(Object(Illuminate/Http/Request))
#22 E:/CooperativeTraining/web/vendor/laravel/framework/src/Illuminate/Foundation/Http/Kernel.php(200): Illuminate/Routing/Router->dispatch(Object(Illuminate/Http/Request))
#23 E:/CooperativeTraining/web/vendor/laravel/framework/src/Illuminate/Pipeline/Pipeline.php(180): Illuminate/Foundation/Http/Kernel->{closure:Illuminate/Foundation/Http/Kernel::dispatchToRouter():197}(Object(Illuminate/Http/Request))
#24 E:/CooperativeTraining/web/vendor/livewire/livewire/src/Features/SupportDisablingBackButtonCache/DisableBackButtonCacheMiddleware.php(19): Illuminate/Pipeline/Pipeline->{closure:Illuminate/Pipeline/Pipeline::prepareDestination():178}(Object(Illuminate/Http/Request))
#25 E:/CooperativeTraining/web/vendor/laravel/framework/src/Illuminate/Pipeline/Pipeline.php(219): Livewire/Features/SupportDisablingBackButtonCache/DisableBackButtonCacheMiddleware->handle(Object(Illuminate/Http/Request), Object(Closure))
#26 E:/CooperativeTraining/web/vendor/laravel/framework/src/Illuminate/Foundation/Http/Middleware/TransformsRequest.php(21): Illuminate/Pipeline/Pipeline->{closure:{closure:Illuminate/Pipeline/Pipeline::carry():194}:195}(Object(Illuminate/Http/Request))
#27 E:/CooperativeTraining/web/vendor/laravel/framework/src/Illuminate/Foundation/Http/Middleware/ConvertEmptyStringsToNull.php(31): Illuminate/Foundation/Http/Middleware/TransformsRequest->handle(Object(Illuminate/Http/Request), Object(Closure))
#28 E:/CooperativeTraining/web/vendor/laravel/framework/src/Illuminate/Pipeline/Pipeline.php(219): Illuminate/Foundation/Http/Middleware/ConvertEmptyStringsToNull->handle(Object(Illuminate/Http/Request), Object(Closure))
#29 E:/CooperativeTraining/web/vendor/laravel/framework/src/Illuminate/Foundation/Http/Middleware/TransformsRequest.php(21): Illuminate/Pipeline/Pipeline->{closure:{closure:Illuminate/Pipeline/Pipeline::carry():194}:195}(Object(Illuminate/Http/Request))
#30 E:/CooperativeTraining/web/vendor/laravel/framework/src/Illuminate/Foundation/Http/Middleware/TrimStrings.php(51): Illuminate/Foundation/Http/Middleware/TransformsRequest->handle(Object(Illuminate/Http/Request), Object(Closure))
#31 E:/CooperativeTraining/web/vendor/laravel/framework/src/Illuminate/Pipeline/Pipeline.php(219): Illuminate/Foundation/Http/Middleware/TrimStrings->handle(Object(Illuminate/Http/Request), Object(Closure))
#32 E:/CooperativeTraining/web/vendor/laravel/framework/src/Illuminate/Http/Middleware/ValidatePostSize.php(27): Illuminate/Pipeline/Pipeline->{closure:{closure:Illuminate/Pipeline/Pipeline::carry():194}:195}(Object(Illuminate/Http/Request))
#33 E:/CooperativeTraining/web/vendor/laravel/framework/src/Illuminate/Pipeline/Pipeline.php(219): Illuminate/Http/Middleware/ValidatePostSize->handle(Object(Illuminate/Http/Request), Object(Closure))
#34 E:/CooperativeTraining/web/vendor/laravel/framework/src/Illuminate/Foundation/Http/Middleware/PreventRequestsDuringMaintenance.php(110): Illuminate/Pipeline/Pipeline->{closure:{closure:Illuminate/Pipeline/Pipeline::carry():194}:195}(Object(Illuminate/Http/Request))
#35 E:/CooperativeTraining/web/vendor/laravel/framework/src/Illuminate/Pipeline/Pipeline.php(219): Illuminate/Foundation/Http/Middleware/PreventRequestsDuringMaintenance->handle(Object(Illuminate/Http/Request), Object(Closure))
#36 E:/CooperativeTraining/web/vendor/laravel/framework/src/Illuminate/Http/Middleware/HandleCors.php(61): Illuminate/Pipeline/Pipeline->{closure:{closure:Illuminate/Pipeline/Pipeline::carry():194}:195}(Object(Illuminate/Http/Request))
#37 E:/CooperativeTraining/web/vendor/laravel/framework/src/Illuminate/Pipeline/Pipeline.php(219): Illuminate/Http/Middleware/HandleCors->handle(Object(Illuminate/Http/Request), Object(Closure))
#38 E:/CooperativeTraining/web/vendor/laravel/framework/src/Illuminate/Http/Middleware/TrustProxies.php(58): Illuminate/Pipeline/Pipeline->{closure:{closure:Illuminate/Pipeline/Pipeline::carry():194}:195}(Object(Illuminate/Http/Request))
#39 E:/CooperativeTraining/web/vendor/laravel/framework/src/Illuminate/Pipeline/Pipeline.php(219): Illuminate/Http/Middleware/TrustProxies->handle(Object(Illuminate/Http/Request), Object(Closure))
#40 E:/CooperativeTraining/web/vendor/laravel/framework/src/Illuminate/Foundation/Http/Middleware/InvokeDeferredCallbacks.php(22): Illuminate/Pipeline/Pipeline->{closure:{closure:Illuminate/Pipeline/Pipeline::carry():194}:195}(Object(Illuminate/Http/Request))
#41 E:/CooperativeTraining/web/vendor/laravel/framework/src/Illuminate/Pipeline/Pipeline.php(219): Illuminate/Foundation/Http/Middleware/InvokeDeferredCallbacks->handle(Object(Illuminate/Http/Request), Object(Closure))
#42 E:/CooperativeTraining/web/vendor/laravel/framework/src/Illuminate/Http/Middleware/ValidatePathEncoding.php(28): Illuminate/Pipeline/Pipeline->{closure:{closure:Illuminate/Pipeline/Pipeline::carry():194}:195}(Object(Illuminate/Http/Request))
#43 E:/CooperativeTraining/web/vendor/laravel/framework/src/Illuminate/Pipeline/Pipeline.php(219): Illuminate/Http/Middleware/ValidatePathEncoding->handle(Object(Illuminate/Http/Request), Object(Closure))
#44 E:/CooperativeTraining/web/vendor/laravel/framework/src/Illuminate/Pipeline/Pipeline.php(137): Illuminate/Pipeline/Pipeline->{closure:{closure:Illuminate/Pipeline/Pipeline::carry():194}:195}(Object(Illuminate/Http/Request))
#45 E:/CooperativeTraining/web/vendor/laravel/framework/src/Illuminate/Foundation/Http/Kernel.php(175): Illuminate/Pipeline/Pipeline->then(Object(Closure))
#46 E:/CooperativeTraining/web/vendor/laravel/framework/src/Illuminate/Foundation/Http/Kernel.php(144): Illuminate/Foundation/Http/Kernel->sendRequestThroughRouter(Object(Illuminate/Http/Request))
#47 E:/CooperativeTraining/web/vendor/laravel/framework/src/Illuminate/Foundation/Testing/Concerns/MakesHttpRequests.php(638): Illuminate/Foundation/Http/Kernel->handle(Object(Illuminate/Http/Request))
#48 E:/CooperativeTraining/web/vendor/laravel/framework/src/Illuminate/Foundation/Testing/Concerns/MakesHttpRequests.php(368): Illuminate/Foundation/Testing/TestCase->call('GET', 'http://localhos...', Array, Array, Array, Array)
#49 E:/CooperativeTraining/web/tests/Feature/Settings/ProfileUpdateTest.php(18): Illuminate/Foundation/Testing/TestCase->get('http://localhos...')
#50 E:/CooperativeTraining/web/vendor/phpunit/phpunit/src/Framework/TestCase.php(1318): Tests/Feature/Settings/ProfileUpdateTest->test_profile_page_is_displayed()
#51 E:/CooperativeTraining/web/vendor/phpunit/phpunit/src/Framework/TestCase.php(1355): PHPUnit/Framework/TestCase->invokeTestMethod('test_profile_pa...', Array)
#52 E:/CooperativeTraining/web/vendor/phpunit/phpunit/src/Framework/TestCase.php(521): PHPUnit/Framework/TestCase->runTest()
#53 E:/CooperativeTraining/web/vendor/phpunit/phpunit/src/Framework/TestRunner/TestRunner.php(99): PHPUnit/Framework/TestCase->runBare()
#54 E:/CooperativeTraining/web/vendor/phpunit/phpunit/src/Framework/TestCase.php(361): PHPUnit/Framework/TestRunner->run(Object(Tests/Feature/Settings/ProfileUpdateTest))
#55 E:/CooperativeTraining/web/vendor/phpunit/phpunit/src/Framework/TestSuite.php(374): PHPUnit/Framework/TestCase->run()
#56 E:/CooperativeTraining/web/vendor/phpunit/phpunit/src/Framework/TestSuite.php(374): PHPUnit/Framework/TestSuite->run()
#57 E:/CooperativeTraining/web/vendor/phpunit/phpunit/src/Framework/TestSuite.php(374): PHPUnit/Framework/TestSuite->run()
#58 E:/CooperativeTraining/web/vendor/phpunit/phpunit/src/TextUI/TestRunner.php(64): PHPUnit/Framework/TestSuite->run()
#59 E:/CooperativeTraining/web/vendor/phpunit/phpunit/src/TextUI/Application.php(229): PHPUnit/TextUI/TestRunner->run(Object(PHPUnit/TextUI/Configuration/Configuration), Object(PHPUnit/Runner/ResultCache/DefaultResultCache), Object(PHPUnit/Framework/TestSuite))
#60 E:/CooperativeTraining/web/vendor/phpunit/phpunit/phpunit(104): PHPUnit/TextUI/Application->run(Array)
#61 {main}
"} 
[2026-09-02 22:18:59] testing.ERROR: No application encryption key has been specified. {"userId":1,"exception":"[object] (Illuminate\\Encryption\\MissingAppKeyException(code: 0): No application encryption key has been specified. at E:/CooperativeTraining/web/vendor/laravel/framework/src/Illuminate/Encryption/EncryptionServiceProvider.php:83)
[stacktrace]
#0 E:/CooperativeTraining/web/vendor/laravel/framework/src/Illuminate/Support/helpers.php(393): Illuminate/Encryption/EncryptionServiceProvider->{closure:Illuminate/Encryption/EncryptionServiceProvider::key():81}('')
#1 E:/CooperativeTraining/web/vendor/laravel/framework/src/Illuminate/Encryption/EncryptionServiceProvider.php(81): tap('', Object(Closure))
#2 E:/CooperativeTraining/web/vendor/laravel/framework/src/Illuminate/Encryption/EncryptionServiceProvider.php(64): Illuminate/Encryption/EncryptionServiceProvider->key(Array)
#3 E:/CooperativeTraining/web/vendor/laravel/framework/src/Illuminate/Encryption/EncryptionServiceProvider.php(32): Illuminate/Encryption/EncryptionServiceProvider->parseKey(Array)
#4 E:/CooperativeTraining/web/vendor/laravel/framework/src/Illuminate/Container/Container.php(1140): Illuminate/Encryption/EncryptionServiceProvider->{closure:Illuminate/Encryption/EncryptionServiceProvider::registerEncrypter():29}(Object(Illuminate/Foundation/Application), Array)
#5 E:/CooperativeTraining/web/vendor/laravel/framework/src/Illuminate/Container/Container.php(939): Illuminate/Container/Container->build(Object(Closure))
#6 E:/CooperativeTraining/web/vendor/laravel/framework/src/Illuminate/Foundation/Application.php(1085): Illuminate/Container/Container->resolve('encrypter', Array, true)
#7 E:/CooperativeTraining/web/vendor/laravel/framework/src/Illuminate/Container/Container.php(867): Illuminate/Foundation/Application->resolve('encrypter', Array)
#8 E:/CooperativeTraining/web/vendor/laravel/framework/src/Illuminate/Foundation/Application.php(1065): Illuminate/Container/Container->make('encrypter', Array)
#9 E:/CooperativeTraining/web/vendor/laravel/framework/src/Illuminate/Container/Container.php(1361): Illuminate/Foundation/Application->make('encrypter')
#10 E:/CooperativeTraining/web/vendor/laravel/framework/src/Illuminate/Container/Container.php(1262): Illuminate/Container/Container->resolveClass(Object(ReflectionParameter), 'Illuminate//Cont...')
#11 E:/CooperativeTraining/web/vendor/laravel/framework/src/Illuminate/Container/Container.php(1187): Illuminate/Container/Container->resolveDependencies(Array)
#12 E:/CooperativeTraining/web/vendor/laravel/framework/src/Illuminate/Container/Container.php(939): Illuminate/Container/Container->build('Illuminate//Cook...')
#13 E:/CooperativeTraining/web/vendor/laravel/framework/src/Illuminate/Foundation/Application.php(1085): Illuminate/Container/Container->resolve('Illuminate//Cook...', Array, true)
#14 E:/CooperativeTraining/web/vendor/laravel/framework/src/Illuminate/Container/Container.php(867): Illuminate/Foundation/Application->resolve('Illuminate//Cook...', Array)
#15 E:/CooperativeTraining/web/vendor/laravel/framework/src/Illuminate/Foundation/Application.php(1065): Illuminate/Container/Container->make('Illuminate//Cook...', Array)
#16 E:/CooperativeTraining/web/vendor/laravel/framework/src/Illuminate/Pipeline/Pipeline.php(208): Illuminate/Foundation/Application->make('Illuminate//Cook...')
#17 E:/CooperativeTraining/web/vendor/laravel/framework/src/Illuminate/Pipeline/Pipeline.php(137): Illuminate/Pipeline/Pipeline->{closure:{closure:Illuminate/Pipeline/Pipeline::carry():194}:195}(Object(Illuminate/Http/Request))
#18 E:/CooperativeTraining/web/vendor/laravel/framework/src/Illuminate/Routing/Router.php(821): Illuminate/Pipeline/Pipeline->then(Object(Closure))
#19 E:/CooperativeTraining/web/vendor/laravel/framework/src/Illuminate/Routing/Router.php(800): Illuminate/Routing/Router->runRouteWithinStack(Object(Illuminate/Routing/Route), Object(Illuminate/Http/Request))
#20 E:/CooperativeTraining/web/vendor/laravel/framework/src/Illuminate/Routing/Router.php(764): Illuminate/Routing/Router->runRoute(Object(Illuminate/Http/Request), Object(Illuminate/Routing/Route))
#21 E:/CooperativeTraining/web/vendor/laravel/framework/src/Illuminate/Routing/Router.php(753): Illuminate/Routing/Router->dispatchToRoute(Object(Illuminate/Http/Request))
#22 E:/CooperativeTraining/web/vendor/laravel/framework/src/Illuminate/Foundation/Http/Kernel.php(200): Illuminate/Routing/Router->dispatch(Object(Illuminate/Http/Request))
#23 E:/CooperativeTraining/web/vendor/laravel/framework/src/Illuminate/Pipeline/Pipeline.php(180): Illuminate/Foundation/Http/Kernel->{closure:Illuminate/Foundation/Http/Kernel::dispatchToRouter():197}(Object(Illuminate/Http/Request))
#24 E:/CooperativeTraining/web/vendor/livewire/livewire/src/Features/SupportDisablingBackButtonCache/DisableBackButtonCacheMiddleware.php(19): Illuminate/Pipeline/Pipeline->{closure:Illuminate/Pipeline/Pipeline::prepareDestination():178}(Object(Illuminate/Http/Request))
#25 E:/CooperativeTraining/web/vendor/laravel/framework/src/Illuminate/Pipeline/Pipeline.php(219): Livewire/Features/SupportDisablingBackButtonCache/DisableBackButtonCacheMiddleware->handle(Object(Illuminate/Http/Request), Object(Closure))
#26 E:/CooperativeTraining/web/vendor/laravel/framework/src/Illuminate/Foundation/Http/Middleware/TransformsRequest.php(21): Illuminate/Pipeline/Pipeline->{closure:{closure:Illuminate/Pipeline/Pipeline::carry():194}:195}(Object(Illuminate/Http/Request))
#27 E:/CooperativeTraining/web/vendor/laravel/framework/src/Illuminate/Foundation/Http/Middleware/ConvertEmptyStringsToNull.php(31): Illuminate/Foundation/Http/Middleware/TransformsRequest->handle(Object(Illuminate/Http/Request), Object(Closure))
#28 E:/CooperativeTraining/web/vendor/laravel/framework/src/Illuminate/Pipeline/Pipeline.php(219): Illuminate/Foundation/Http/Middleware/ConvertEmptyStringsToNull->handle(Object(Illuminate/Http/Request), Object(Closure))
#29 E:/CooperativeTraining/web/vendor/laravel/framework/src/Illuminate/Foundation/Http/Middleware/TransformsRequest.php(21): Illuminate/Pipeline/Pipeline->{closure:{closure:Illuminate/Pipeline/Pipeline::carry():194}:195}(Object(Illuminate/Http/Request))
#30 E:/CooperativeTraining/web/vendor/laravel/framework/src/Illuminate/Foundation/Http/Middleware/TrimStrings.php(51): Illuminate/Foundation/Http/Middleware/TransformsRequest->handle(Object(Illuminate/Http/Request), Object(Closure))
#31 E:/CooperativeTraining/web/vendor/laravel/framework/src/Illuminate/Pipeline/Pipeline.php(219): Illuminate/Foundation/Http/Middleware/TrimStrings->handle(Object(Illuminate/Http/Request), Object(Closure))
#32 E:/CooperativeTraining/web/vendor/laravel/framework/src/Illuminate/Http/Middleware/ValidatePostSize.php(27): Illuminate/Pipeline/Pipeline->{closure:{closure:Illuminate/Pipeline/Pipeline::carry():194}:195}(Object(Illuminate/Http/Request))
#33 E:/CooperativeTraining/web/vendor/laravel/framework/src/Illuminate/Pipeline/Pipeline.php(219): Illuminate/Http/Middleware/ValidatePostSize->handle(Object(Illuminate/Http/Request), Object(Closure))
#34 E:/CooperativeTraining/web/vendor/laravel/framework/src/Illuminate/Foundation/Http/Middleware/PreventRequestsDuringMaintenance.php(110): Illuminate/Pipeline/Pipeline->{closure:{closure:Illuminate/Pipeline/Pipeline::carry():194}:195}(Object(Illuminate/Http/Request))
#35 E:/CooperativeTraining/web/vendor/laravel/framework/src/Illuminate/Pipeline/Pipeline.php(219): Illuminate/Foundation/Http/Middleware/PreventRequestsDuringMaintenance->handle(Object(Illuminate/Http/Request), Object(Closure))
#36 E:/CooperativeTraining/web/vendor/laravel/framework/src/Illuminate/Http/Middleware/HandleCors.php(61): Illuminate/Pipeline/Pipeline->{closure:{closure:Illuminate/Pipeline/Pipeline::carry():194}:195}(Object(Illuminate/Http/Request))
#37 E:/CooperativeTraining/web/vendor/laravel/framework/src/Illuminate/Pipeline/Pipeline.php(219): Illuminate/Http/Middleware/HandleCors->handle(Object(Illuminate/Http/Request), Object(Closure))
#38 E:/CooperativeTraining/web/vendor/laravel/framework/src/Illuminate/Http/Middleware/TrustProxies.php(58): Illuminate/Pipeline/Pipeline->{closure:{closure:Illuminate/Pipeline/Pipeline::carry():194}:195}(Object(Illuminate/Http/Request))
#39 E:/CooperativeTraining/web/vendor/laravel/framework/src/Illuminate/Pipeline/Pipeline.php(219): Illuminate/Http/Middleware/TrustProxies->handle(Object(Illuminate/Http/Request), Object(Closure))
#40 E:/CooperativeTraining/web/vendor/laravel/framework/src/Illuminate/Foundation/Http/Middleware/InvokeDeferredCallbacks.php(22): Illuminate/Pipeline/Pipeline->{closure:{closure:Illuminate/Pipeline/Pipeline::carry():194}:195}(Object(Illuminate/Http/Request))
#41 E:/CooperativeTraining/web/vendor/laravel/framework/src/Illuminate/Pipeline/Pipeline.php(219): Illuminate/Foundation/Http/Middleware/InvokeDeferredCallbacks->handle(Object(Illuminate/Http/Request), Object(Closure))
#42 E:/CooperativeTraining/web/vendor/laravel/framework/src/Illuminate/Http/Middleware/ValidatePathEncoding.php(28): Illuminate/Pipeline/Pipeline->{closure:{closure:Illuminate/Pipeline/Pipeline::carry():194}:195}(Object(Illuminate/Http/Request))
#43 E:/CooperativeTraining/web/vendor/laravel/framework/src/Illuminate/Pipeline/Pipeline.php(219): Illuminate/Http/Middleware/ValidatePathEncoding->handle(Object(Illuminate/Http/Request), Object(Closure))
#44 E:/CooperativeTraining/web/vendor/laravel/framework/src/Illuminate/Pipeline/Pipeline.php(137): Illuminate/Pipeline/Pipeline->{closure:{closure:Illuminate/Pipeline/Pipeline::carry():194}:195}(Object(Illuminate/Http/Request))
#45 E:/CooperativeTraining/web/vendor/laravel/framework/src/Illuminate/Foundation/Http/Kernel.php(175): Illuminate/Pipeline/Pipeline->then(Object(Closure))
#46 E:/CooperativeTraining/web/vendor/laravel/framework/src/Illuminate/Foundation/Http/Kernel.php(144): Illuminate/Foundation/Http/Kernel->sendRequestThroughRouter(Object(Illuminate/Http/Request))
#47 E:/CooperativeTraining/web/vendor/laravel/framework/src/Illuminate/Foundation/Testing/Concerns/MakesHttpRequests.php(638): Illuminate/Foundation/Http/Kernel->handle(Object(Illuminate/Http/Request))
#48 E:/CooperativeTraining/web/vendor/laravel/framework/src/Illuminate/Foundation/Testing/Concerns/MakesHttpRequests.php(368): Illuminate/Foundation/Testing/TestCase->call('GET', 'http://localhos...', Array, Array, Array, Array)
#49 E:/CooperativeTraining/web/tests/Feature/Settings/SecurityTest.php(43): Illuminate/Foundation/Testing/TestCase->get('http://localhos...')
#50 E:/CooperativeTraining/web/vendor/phpunit/phpunit/src/Framework/TestCase.php(1318): Tests/Feature/Settings/SecurityTest->test_security_settings_page_can_be_rendered()
#51 E:/CooperativeTraining/web/vendor/phpunit/phpunit/src/Framework/TestCase.php(1355): PHPUnit/Framework/TestCase->invokeTestMethod('test_security_s...', Array)
#52 E:/CooperativeTraining/web/vendor/phpunit/phpunit/src/Framework/TestCase.php(521): PHPUnit/Framework/TestCase->runTest()
#53 E:/CooperativeTraining/web/vendor/phpunit/phpunit/src/Framework/TestRunner/TestRunner.php(99): PHPUnit/Framework/TestCase->runBare()
#54 E:/CooperativeTraining/web/vendor/phpunit/phpunit/src/Framework/TestCase.php(361): PHPUnit/Framework/TestRunner->run(Object(Tests/Feature/Settings/SecurityTest))
#55 E:/CooperativeTraining/web/vendor/phpunit/phpunit/src/Framework/TestSuite.php(374): PHPUnit/Framework/TestCase->run()
#56 E:/CooperativeTraining/web/vendor/phpunit/phpunit/src/Framework/TestSuite.php(374): PHPUnit/Framework/TestSuite->run()
#57 E:/CooperativeTraining/web/vendor/phpunit/phpunit/src/Framework/TestSuite.php(374): PHPUnit/Framework/TestSuite->run()
#58 E:/CooperativeTraining/web/vendor/phpunit/phpunit/src/TextUI/TestRunner.php(64): PHPUnit/Framework/TestSuite->run()
#59 E:/CooperativeTraining/web/vendor/phpunit/phpunit/src/TextUI/Application.php(229): PHPUnit/TextUI/TestRunner->run(Object(PHPUnit/TextUI/Configuration/Configuration), Object(PHPUnit/Runner/ResultCache/DefaultResultCache), Object(PHPUnit/Framework/TestSuite))
#60 E:/CooperativeTraining/web/vendor/phpunit/phpunit/phpunit(104): PHPUnit/TextUI/Application->run(Array)
#61 {main}
"} 
[2026-09-02 22:18:59] testing.ERROR: No application encryption key has been specified. {"userId":1,"exception":"[object] (Illuminate\\Encryption\\MissingAppKeyException(code: 0): No application encryption key has been specified. at E:/CooperativeTraining/web/vendor/laravel/framework/src/Illuminate/Encryption/EncryptionServiceProvider.php:83)
[stacktrace]
#0 E:/CooperativeTraining/web/vendor/laravel/framework/src/Illuminate/Support/helpers.php(393): Illuminate/Encryption/EncryptionServiceProvider->{closure:Illuminate/Encryption/EncryptionServiceProvider::key():81}('')
#1 E:/CooperativeTraining/web/vendor/laravel/framework/src/Illuminate/Encryption/EncryptionServiceProvider.php(81): tap('', Object(Closure))
#2 E:/CooperativeTraining/web/vendor/laravel/framework/src/Illuminate/Encryption/EncryptionServiceProvider.php(64): Illuminate/Encryption/EncryptionServiceProvider->key(Array)
#3 E:/CooperativeTraining/web/vendor/laravel/framework/src/Illuminate/Encryption/EncryptionServiceProvider.php(32): Illuminate/Encryption/EncryptionServiceProvider->parseKey(Array)
#4 E:/CooperativeTraining/web/vendor/laravel/framework/src/Illuminate/Container/Container.php(1140): Illuminate/Encryption/EncryptionServiceProvider->{closure:Illuminate/Encryption/EncryptionServiceProvider::registerEncrypter():29}(Object(Illuminate/Foundation/Application), Array)
#5 E:/CooperativeTraining/web/vendor/laravel/framework/src/Illuminate/Container/Container.php(939): Illuminate/Container/Container->build(Object(Closure))
#6 E:/CooperativeTraining/web/vendor/laravel/framework/src/Illuminate/Foundation/Application.php(1085): Illuminate/Container/Container->resolve('encrypter', Array, true)
#7 E:/CooperativeTraining/web/vendor/laravel/framework/src/Illuminate/Container/Container.php(867): Illuminate/Foundation/Application->resolve('encrypter', Array)
#8 E:/CooperativeTraining/web/vendor/laravel/framework/src/Illuminate/Foundation/Application.php(1065): Illuminate/Container/Container->make('encrypter', Array)
#9 E:/CooperativeTraining/web/vendor/laravel/framework/src/Illuminate/Container/Container.php(1361): Illuminate/Foundation/Application->make('encrypter')
#10 E:/CooperativeTraining/web/vendor/laravel/framework/src/Illuminate/Container/Container.php(1262): Illuminate/Container/Container->resolveClass(Object(ReflectionParameter), 'Illuminate//Cont...')
#11 E:/CooperativeTraining/web/vendor/laravel/framework/src/Illuminate/Container/Container.php(1187): Illuminate/Container/Container->resolveDependencies(Array)
#12 E:/CooperativeTraining/web/vendor/laravel/framework/src/Illuminate/Container/Container.php(939): Illuminate/Container/Container->build('Illuminate//Cook...')
#13 E:/CooperativeTraining/web/vendor/laravel/framework/src/Illuminate/Foundation/Application.php(1085): Illuminate/Container/Container->resolve('Illuminate//Cook...', Array, true)
#14 E:/CooperativeTraining/web/vendor/laravel/framework/src/Illuminate/Container/Container.php(867): Illuminate/Foundation/Application->resolve('Illuminate//Cook...', Array)
#15 E:/CooperativeTraining/web/vendor/laravel/framework/src/Illuminate/Foundation/Application.php(1065): Illuminate/Container/Container->make('Illuminate//Cook...', Array)
#16 E:/CooperativeTraining/web/vendor/laravel/framework/src/Illuminate/Pipeline/Pipeline.php(208): Illuminate/Foundation/Application->make('Illuminate//Cook...')
#17 E:/CooperativeTraining/web/vendor/laravel/framework/src/Illuminate/Pipeline/Pipeline.php(137): Illuminate/Pipeline/Pipeline->{closure:{closure:Illuminate/Pipeline/Pipeline::carry():194}:195}(Object(Illuminate/Http/Request))
#18 E:/CooperativeTraining/web/vendor/laravel/framework/src/Illuminate/Routing/Router.php(821): Illuminate/Pipeline/Pipeline->then(Object(Closure))
#19 E:/CooperativeTraining/web/vendor/laravel/framework/src/Illuminate/Routing/Router.php(800): Illuminate/Routing/Router->runRouteWithinStack(Object(Illuminate/Routing/Route), Object(Illuminate/Http/Request))
#20 E:/CooperativeTraining/web/vendor/laravel/framework/src/Illuminate/Routing/Router.php(764): Illuminate/Routing/Router->runRoute(Object(Illuminate/Http/Request), Object(Illuminate/Routing/Route))
#21 E:/CooperativeTraining/web/vendor/laravel/framework/src/Illuminate/Routing/Router.php(753): Illuminate/Routing/Router->dispatchToRoute(Object(Illuminate/Http/Request))
#22 E:/CooperativeTraining/web/vendor/laravel/framework/src/Illuminate/Foundation/Http/Kernel.php(200): Illuminate/Routing/Router->dispatch(Object(Illuminate/Http/Request))
#23 E:/CooperativeTraining/web/vendor/laravel/framework/src/Illuminate/Pipeline/Pipeline.php(180): Illuminate/Foundation/Http/Kernel->{closure:Illuminate/Foundation/Http/Kernel::dispatchToRouter():197}(Object(Illuminate/Http/Request))
#24 E:/CooperativeTraining/web/vendor/livewire/livewire/src/Features/SupportDisablingBackButtonCache/DisableBackButtonCacheMiddleware.php(19): Illuminate/Pipeline/Pipeline->{closure:Illuminate/Pipeline/Pipeline::prepareDestination():178}(Object(Illuminate/Http/Request))
#25 E:/CooperativeTraining/web/vendor/laravel/framework/src/Illuminate/Pipeline/Pipeline.php(219): Livewire/Features/SupportDisablingBackButtonCache/DisableBackButtonCacheMiddleware->handle(Object(Illuminate/Http/Request), Object(Closure))
#26 E:/CooperativeTraining/web/vendor/laravel/framework/src/Illuminate/Foundation/Http/Middleware/TransformsRequest.php(21): Illuminate/Pipeline/Pipeline->{closure:{closure:Illuminate/Pipeline/Pipeline::carry():194}:195}(Object(Illuminate/Http/Request))
#27 E:/CooperativeTraining/web/vendor/laravel/framework/src/Illuminate/Foundation/Http/Middleware/ConvertEmptyStringsToNull.php(31): Illuminate/Foundation/Http/Middleware/TransformsRequest->handle(Object(Illuminate/Http/Request), Object(Closure))
#28 E:/CooperativeTraining/web/vendor/laravel/framework/src/Illuminate/Pipeline/Pipeline.php(219): Illuminate/Foundation/Http/Middleware/ConvertEmptyStringsToNull->handle(Object(Illuminate/Http/Request), Object(Closure))
#29 E:/CooperativeTraining/web/vendor/laravel/framework/src/Illuminate/Foundation/Http/Middleware/TransformsRequest.php(21): Illuminate/Pipeline/Pipeline->{closure:{closure:Illuminate/Pipeline/Pipeline::carry():194}:195}(Object(Illuminate/Http/Request))
#30 E:/CooperativeTraining/web/vendor/laravel/framework/src/Illuminate/Foundation/Http/Middleware/TrimStrings.php(51): Illuminate/Foundation/Http/Middleware/TransformsRequest->handle(Object(Illuminate/Http/Request), Object(Closure))
#31 E:/CooperativeTraining/web/vendor/laravel/framework/src/Illuminate/Pipeline/Pipeline.php(219): Illuminate/Foundation/Http/Middleware/TrimStrings->handle(Object(Illuminate/Http/Request), Object(Closure))
#32 E:/CooperativeTraining/web/vendor/laravel/framework/src/Illuminate/Http/Middleware/ValidatePostSize.php(27): Illuminate/Pipeline/Pipeline->{closure:{closure:Illuminate/Pipeline/Pipeline::carry():194}:195}(Object(Illuminate/Http/Request))
#33 E:/CooperativeTraining/web/vendor/laravel/framework/src/Illuminate/Pipeline/Pipeline.php(219): Illuminate/Http/Middleware/ValidatePostSize->handle(Object(Illuminate/Http/Request), Object(Closure))
#34 E:/CooperativeTraining/web/vendor/laravel/framework/src/Illuminate/Foundation/Http/Middleware/PreventRequestsDuringMaintenance.php(110): Illuminate/Pipeline/Pipeline->{closure:{closure:Illuminate/Pipeline/Pipeline::carry():194}:195}(Object(Illuminate/Http/Request))
#35 E:/CooperativeTraining/web/vendor/laravel/framework/src/Illuminate/Pipeline/Pipeline.php(219): Illuminate/Foundation/Http/Middleware/PreventRequestsDuringMaintenance->handle(Object(Illuminate/Http/Request), Object(Closure))
#36 E:/CooperativeTraining/web/vendor/laravel/framework/src/Illuminate/Http/Middleware/HandleCors.php(61): Illuminate/Pipeline/Pipeline->{closure:{closure:Illuminate/Pipeline/Pipeline::carry():194}:195}(Object(Illuminate/Http/Request))
#37 E:/CooperativeTraining/web/vendor/laravel/framework/src/Illuminate/Pipeline/Pipeline.php(219): Illuminate/Http/Middleware/HandleCors->handle(Object(Illuminate/Http/Request), Object(Closure))
#38 E:/CooperativeTraining/web/vendor/laravel/framework/src/Illuminate/Http/Middleware/TrustProxies.php(58): Illuminate/Pipeline/Pipeline->{closure:{closure:Illuminate/Pipeline/Pipeline::carry():194}:195}(Object(Illuminate/Http/Request))
#39 E:/CooperativeTraining/web/vendor/laravel/framework/src/Illuminate/Pipeline/Pipeline.php(219): Illuminate/Http/Middleware/TrustProxies->handle(Object(Illuminate/Http/Request), Object(Closure))
#40 E:/CooperativeTraining/web/vendor/laravel/framework/src/Illuminate/Foundation/Http/Middleware/InvokeDeferredCallbacks.php(22): Illuminate/Pipeline/Pipeline->{closure:{closure:Illuminate/Pipeline/Pipeline::carry():194}:195}(Object(Illuminate/Http/Request))
#41 E:/CooperativeTraining/web/vendor/laravel/framework/src/Illuminate/Pipeline/Pipeline.php(219): Illuminate/Foundation/Http/Middleware/InvokeDeferredCallbacks->handle(Object(Illuminate/Http/Request), Object(Closure))
#42 E:/CooperativeTraining/web/vendor/laravel/framework/src/Illuminate/Http/Middleware/ValidatePathEncoding.php(28): Illuminate/Pipeline/Pipeline->{closure:{closure:Illuminate/Pipeline/Pipeline::carry():194}:195}(Object(Illuminate/Http/Request))
#43 E:/CooperativeTraining/web/vendor/laravel/framework/src/Illuminate/Pipeline/Pipeline.php(219): Illuminate/Http/Middleware/ValidatePathEncoding->handle(Object(Illuminate/Http/Request), Object(Closure))
#44 E:/CooperativeTraining/web/vendor/laravel/framework/src/Illuminate/Pipeline/Pipeline.php(137): Illuminate/Pipeline/Pipeline->{closure:{closure:Illuminate/Pipeline/Pipeline::carry():194}:195}(Object(Illuminate/Http/Request))
#45 E:/CooperativeTraining/web/vendor/laravel/framework/src/Illuminate/Foundation/Http/Kernel.php(175): Illuminate/Pipeline/Pipeline->then(Object(Closure))
#46 E:/CooperativeTraining/web/vendor/laravel/framework/src/Illuminate/Foundation/Http/Kernel.php(144): Illuminate/Foundation/Http/Kernel->sendRequestThroughRouter(Object(Illuminate/Http/Request))
#47 E:/CooperativeTraining/web/vendor/laravel/framework/src/Illuminate/Foundation/Testing/Concerns/MakesHttpRequests.php(638): Illuminate/Foundation/Http/Kernel->handle(Object(Illuminate/Http/Request))
#48 E:/CooperativeTraining/web/vendor/laravel/framework/src/Illuminate/Foundation/Testing/Concerns/MakesHttpRequests.php(368): Illuminate/Foundation/Testing/TestCase->call('GET', 'http://localhos...', Array, Array, Array, Array)
#49 E:/CooperativeTraining/web/tests/Feature/Settings/SecurityTest.php(63): Illuminate/Foundation/Testing/TestCase->get('http://localhos...')
#50 E:/CooperativeTraining/web/vendor/phpunit/phpunit/src/Framework/TestCase.php(1318): Tests/Feature/Settings/SecurityTest->test_security_settings_page_requires_password_confirmation_when_enabled()
#51 E:/CooperativeTraining/web/vendor/phpunit/phpunit/src/Framework/TestCase.php(1355): PHPUnit/Framework/TestCase->invokeTestMethod('test_security_s...', Array)
#52 E:/CooperativeTraining/web/vendor/phpunit/phpunit/src/Framework/TestCase.php(521): PHPUnit/Framework/TestCase->runTest()
#53 E:/CooperativeTraining/web/vendor/phpunit/phpunit/src/Framework/TestRunner/TestRunner.php(99): PHPUnit/Framework/TestCase->runBare()
#54 E:/CooperativeTraining/web/vendor/phpunit/phpunit/src/Framework/TestCase.php(361): PHPUnit/Framework/TestRunner->run(Object(Tests/Feature/Settings/SecurityTest))
#55 E:/CooperativeTraining/web/vendor/phpunit/phpunit/src/Framework/TestSuite.php(374): PHPUnit/Framework/TestCase->run()
#56 E:/CooperativeTraining/web/vendor/phpunit/phpunit/src/Framework/TestSuite.php(374): PHPUnit/Framework/TestSuite->run()
#57 E:/CooperativeTraining/web/vendor/phpunit/phpunit/src/Framework/TestSuite.php(374): PHPUnit/Framework/TestSuite->run()
#58 E:/CooperativeTraining/web/vendor/phpunit/phpunit/src/TextUI/TestRunner.php(64): PHPUnit/Framework/TestSuite->run()
#59 E:/CooperativeTraining/web/vendor/phpunit/phpunit/src/TextUI/Application.php(229): PHPUnit/TextUI/TestRunner->run(Object(PHPUnit/TextUI/Configuration/Configuration), Object(PHPUnit/Runner/ResultCache/DefaultResultCache), Object(PHPUnit/Framework/TestSuite))
#60 E:/CooperativeTraining/web/vendor/phpunit/phpunit/phpunit(104): PHPUnit/TextUI/Application->run(Array)
#61 {main}
"} 
[2026-09-02 22:19:00] testing.ERROR: No application encryption key has been specified. {"userId":1,"exception":"[object] (Illuminate\\Encryption\\MissingAppKeyException(code: 0): No application encryption key has been specified. at E:/CooperativeTraining/web/vendor/laravel/framework/src/Illuminate/Encryption/EncryptionServiceProvider.php:83)
[stacktrace]
#0 E:/CooperativeTraining/web/vendor/laravel/framework/src/Illuminate/Support/helpers.php(393): Illuminate/Encryption/EncryptionServiceProvider->{closure:Illuminate/Encryption/EncryptionServiceProvider::key():81}('')
#1 E:/CooperativeTraining/web/vendor/laravel/framework/src/Illuminate/Encryption/EncryptionServiceProvider.php(81): tap('', Object(Closure))
#2 E:/CooperativeTraining/web/vendor/laravel/framework/src/Illuminate/Encryption/EncryptionServiceProvider.php(64): Illuminate/Encryption/EncryptionServiceProvider->key(Array)
#3 E:/CooperativeTraining/web/vendor/laravel/framework/src/Illuminate/Encryption/EncryptionServiceProvider.php(32): Illuminate/Encryption/EncryptionServiceProvider->parseKey(Array)
#4 E:/CooperativeTraining/web/vendor/laravel/framework/src/Illuminate/Container/Container.php(1140): Illuminate/Encryption/EncryptionServiceProvider->{closure:Illuminate/Encryption/EncryptionServiceProvider::registerEncrypter():29}(Object(Illuminate/Foundation/Application), Array)
#5 E:/CooperativeTraining/web/vendor/laravel/framework/src/Illuminate/Container/Container.php(939): Illuminate/Container/Container->build(Object(Closure))
#6 E:/CooperativeTraining/web/vendor/laravel/framework/src/Illuminate/Foundation/Application.php(1085): Illuminate/Container/Container->resolve('encrypter', Array, true)
#7 E:/CooperativeTraining/web/vendor/laravel/framework/src/Illuminate/Container/Container.php(867): Illuminate/Foundation/Application->resolve('encrypter', Array)
#8 E:/CooperativeTraining/web/vendor/laravel/framework/src/Illuminate/Foundation/Application.php(1065): Illuminate/Container/Container->make('encrypter', Array)
#9 E:/CooperativeTraining/web/vendor/laravel/framework/src/Illuminate/Container/Container.php(1361): Illuminate/Foundation/Application->make('encrypter')
#10 E:/CooperativeTraining/web/vendor/laravel/framework/src/Illuminate/Container/Container.php(1262): Illuminate/Container/Container->resolveClass(Object(ReflectionParameter), 'Illuminate//Cont...')
#11 E:/CooperativeTraining/web/vendor/laravel/framework/src/Illuminate/Container/Container.php(1187): Illuminate/Container/Container->resolveDependencies(Array)
#12 E:/CooperativeTraining/web/vendor/laravel/framework/src/Illuminate/Container/Container.php(939): Illuminate/Container/Container->build('Illuminate//Cook...')
#13 E:/CooperativeTraining/web/vendor/laravel/framework/src/Illuminate/Foundation/Application.php(1085): Illuminate/Container/Container->resolve('Illuminate//Cook...', Array, true)
#14 E:/CooperativeTraining/web/vendor/laravel/framework/src/Illuminate/Container/Container.php(867): Illuminate/Foundation/Application->resolve('Illuminate//Cook...', Array)
#15 E:/CooperativeTraining/web/vendor/laravel/framework/src/Illuminate/Foundation/Application.php(1065): Illuminate/Container/Container->make('Illuminate//Cook...', Array)
#16 E:/CooperativeTraining/web/vendor/laravel/framework/src/Illuminate/Pipeline/Pipeline.php(208): Illuminate/Foundation/Application->make('Illuminate//Cook...')
#17 E:/CooperativeTraining/web/vendor/laravel/framework/src/Illuminate/Pipeline/Pipeline.php(137): Illuminate/Pipeline/Pipeline->{closure:{closure:Illuminate/Pipeline/Pipeline::carry():194}:195}(Object(Illuminate/Http/Request))
#18 E:/CooperativeTraining/web/vendor/laravel/framework/src/Illuminate/Routing/Router.php(821): Illuminate/Pipeline/Pipeline->then(Object(Closure))
#19 E:/CooperativeTraining/web/vendor/laravel/framework/src/Illuminate/Routing/Router.php(800): Illuminate/Routing/Router->runRouteWithinStack(Object(Illuminate/Routing/Route), Object(Illuminate/Http/Request))
#20 E:/CooperativeTraining/web/vendor/laravel/framework/src/Illuminate/Routing/Router.php(764): Illuminate/Routing/Router->runRoute(Object(Illuminate/Http/Request), Object(Illuminate/Routing/Route))
#21 E:/CooperativeTraining/web/vendor/laravel/framework/src/Illuminate/Routing/Router.php(753): Illuminate/Routing/Router->dispatchToRoute(Object(Illuminate/Http/Request))
#22 E:/CooperativeTraining/web/vendor/laravel/framework/src/Illuminate/Foundation/Http/Kernel.php(200): Illuminate/Routing/Router->dispatch(Object(Illuminate/Http/Request))
#23 E:/CooperativeTraining/web/vendor/laravel/framework/src/Illuminate/Pipeline/Pipeline.php(180): Illuminate/Foundation/Http/Kernel->{closure:Illuminate/Foundation/Http/Kernel::dispatchToRouter():197}(Object(Illuminate/Http/Request))
#24 E:/CooperativeTraining/web/vendor/livewire/livewire/src/Features/SupportDisablingBackButtonCache/DisableBackButtonCacheMiddleware.php(19): Illuminate/Pipeline/Pipeline->{closure:Illuminate/Pipeline/Pipeline::prepareDestination():178}(Object(Illuminate/Http/Request))
#25 E:/CooperativeTraining/web/vendor/laravel/framework/src/Illuminate/Pipeline/Pipeline.php(219): Livewire/Features/SupportDisablingBackButtonCache/DisableBackButtonCacheMiddleware->handle(Object(Illuminate/Http/Request), Object(Closure))
#26 E:/CooperativeTraining/web/vendor/laravel/framework/src/Illuminate/Foundation/Http/Middleware/TransformsRequest.php(21): Illuminate/Pipeline/Pipeline->{closure:{closure:Illuminate/Pipeline/Pipeline::carry():194}:195}(Object(Illuminate/Http/Request))
#27 E:/CooperativeTraining/web/vendor/laravel/framework/src/Illuminate/Foundation/Http/Middleware/ConvertEmptyStringsToNull.php(31): Illuminate/Foundation/Http/Middleware/TransformsRequest->handle(Object(Illuminate/Http/Request), Object(Closure))
#28 E:/CooperativeTraining/web/vendor/laravel/framework/src/Illuminate/Pipeline/Pipeline.php(219): Illuminate/Foundation/Http/Middleware/ConvertEmptyStringsToNull->handle(Object(Illuminate/Http/Request), Object(Closure))
#29 E:/CooperativeTraining/web/vendor/laravel/framework/src/Illuminate/Foundation/Http/Middleware/TransformsRequest.php(21): Illuminate/Pipeline/Pipeline->{closure:{closure:Illuminate/Pipeline/Pipeline::carry():194}:195}(Object(Illuminate/Http/Request))
#30 E:/CooperativeTraining/web/vendor/laravel/framework/src/Illuminate/Foundation/Http/Middleware/TrimStrings.php(51): Illuminate/Foundation/Http/Middleware/TransformsRequest->handle(Object(Illuminate/Http/Request), Object(Closure))
#31 E:/CooperativeTraining/web/vendor/laravel/framework/src/Illuminate/Pipeline/Pipeline.php(219): Illuminate/Foundation/Http/Middleware/TrimStrings->handle(Object(Illuminate/Http/Request), Object(Closure))
#32 E:/CooperativeTraining/web/vendor/laravel/framework/src/Illuminate/Http/Middleware/ValidatePostSize.php(27): Illuminate/Pipeline/Pipeline->{closure:{closure:Illuminate/Pipeline/Pipeline::carry():194}:195}(Object(Illuminate/Http/Request))
#33 E:/CooperativeTraining/web/vendor/laravel/framework/src/Illuminate/Pipeline/Pipeline.php(219): Illuminate/Http/Middleware/ValidatePostSize->handle(Object(Illuminate/Http/Request), Object(Closure))
#34 E:/CooperativeTraining/web/vendor/laravel/framework/src/Illuminate/Foundation/Http/Middleware/PreventRequestsDuringMaintenance.php(110): Illuminate/Pipeline/Pipeline->{closure:{closure:Illuminate/Pipeline/Pipeline::carry():194}:195}(Object(Illuminate/Http/Request))
#35 E:/CooperativeTraining/web/vendor/laravel/framework/src/Illuminate/Pipeline/Pipeline.php(219): Illuminate/Foundation/Http/Middleware/PreventRequestsDuringMaintenance->handle(Object(Illuminate/Http/Request), Object(Closure))
#36 E:/CooperativeTraining/web/vendor/laravel/framework/src/Illuminate/Http/Middleware/HandleCors.php(61): Illuminate/Pipeline/Pipeline->{closure:{closure:Illuminate/Pipeline/Pipeline::carry():194}:195}(Object(Illuminate/Http/Request))
#37 E:/CooperativeTraining/web/vendor/laravel/framework/src/Illuminate/Pipeline/Pipeline.php(219): Illuminate/Http/Middleware/HandleCors->handle(Object(Illuminate/Http/Request), Object(Closure))
#38 E:/CooperativeTraining/web/vendor/laravel/framework/src/Illuminate/Http/Middleware/TrustProxies.php(58): Illuminate/Pipeline/Pipeline->{closure:{closure:Illuminate/Pipeline/Pipeline::carry():194}:195}(Object(Illuminate/Http/Request))
#39 E:/CooperativeTraining/web/vendor/laravel/framework/src/Illuminate/Pipeline/Pipeline.php(219): Illuminate/Http/Middleware/TrustProxies->handle(Object(Illuminate/Http/Request), Object(Closure))
#40 E:/CooperativeTraining/web/vendor/laravel/framework/src/Illuminate/Foundation/Http/Middleware/InvokeDeferredCallbacks.php(22): Illuminate/Pipeline/Pipeline->{closure:{closure:Illuminate/Pipeline/Pipeline::carry():194}:195}(Object(Illuminate/Http/Request))
#41 E:/CooperativeTraining/web/vendor/laravel/framework/src/Illuminate/Pipeline/Pipeline.php(219): Illuminate/Foundation/Http/Middleware/InvokeDeferredCallbacks->handle(Object(Illuminate/Http/Request), Object(Closure))
#42 E:/CooperativeTraining/web/vendor/laravel/framework/src/Illuminate/Http/Middleware/ValidatePathEncoding.php(28): Illuminate/Pipeline/Pipeline->{closure:{closure:Illuminate/Pipeline/Pipeline::carry():194}:195}(Object(Illuminate/Http/Request))
#43 E:/CooperativeTraining/web/vendor/laravel/framework/src/Illuminate/Pipeline/Pipeline.php(219): Illuminate/Http/Middleware/ValidatePathEncoding->handle(Object(Illuminate/Http/Request), Object(Closure))
#44 E:/CooperativeTraining/web/vendor/laravel/framework/src/Illuminate/Pipeline/Pipeline.php(137): Illuminate/Pipeline/Pipeline->{closure:{closure:Illuminate/Pipeline/Pipeline::carry():194}:195}(Object(Illuminate/Http/Request))
#45 E:/CooperativeTraining/web/vendor/laravel/framework/src/Illuminate/Foundation/Http/Kernel.php(175): Illuminate/Pipeline/Pipeline->then(Object(Closure))
#46 E:/CooperativeTraining/web/vendor/laravel/framework/src/Illuminate/Foundation/Http/Kernel.php(144): Illuminate/Foundation/Http/Kernel->sendRequestThroughRouter(Object(Illuminate/Http/Request))
#47 E:/CooperativeTraining/web/vendor/laravel/framework/src/Illuminate/Foundation/Testing/Concerns/MakesHttpRequests.php(638): Illuminate/Foundation/Http/Kernel->handle(Object(Illuminate/Http/Request))
#48 E:/CooperativeTraining/web/vendor/laravel/framework/src/Illuminate/Foundation/Testing/Concerns/MakesHttpRequests.php(368): Illuminate/Foundation/Testing/TestCase->call('GET', 'http://localhos...', Array, Array, Array, Array)
#49 E:/CooperativeTraining/web/tests/Feature/Settings/SecurityTest.php(79): Illuminate/Foundation/Testing/TestCase->get('http://localhos...')
#50 E:/CooperativeTraining/web/vendor/phpunit/phpunit/src/Framework/TestCase.php(1318): Tests/Feature/Settings/SecurityTest->test_security_settings_page_renders_without_two_factor_when_feature_is_disabled()
#51 E:/CooperativeTraining/web/vendor/phpunit/phpunit/src/Framework/TestCase.php(1355): PHPUnit/Framework/TestCase->invokeTestMethod('test_security_s...', Array)
#52 E:/CooperativeTraining/web/vendor/phpunit/phpunit/src/Framework/TestCase.php(521): PHPUnit/Framework/TestCase->runTest()
#53 E:/CooperativeTraining/web/vendor/phpunit/phpunit/src/Framework/TestRunner/TestRunner.php(99): PHPUnit/Framework/TestCase->runBare()
#54 E:/CooperativeTraining/web/vendor/phpunit/phpunit/src/Framework/TestCase.php(361): PHPUnit/Framework/TestRunner->run(Object(Tests/Feature/Settings/SecurityTest))
#55 E:/CooperativeTraining/web/vendor/phpunit/phpunit/src/Framework/TestSuite.php(374): PHPUnit/Framework/TestCase->run()
#56 E:/CooperativeTraining/web/vendor/phpunit/phpunit/src/Framework/TestSuite.php(374): PHPUnit/Framework/TestSuite->run()
#57 E:/CooperativeTraining/web/vendor/phpunit/phpunit/src/Framework/TestSuite.php(374): PHPUnit/Framework/TestSuite->run()
#58 E:/CooperativeTraining/web/vendor/phpunit/phpunit/src/TextUI/TestRunner.php(64): PHPUnit/Framework/TestSuite->run()
#59 E:/CooperativeTraining/web/vendor/phpunit/phpunit/src/TextUI/Application.php(229): PHPUnit/TextUI/TestRunner->run(Object(PHPUnit/TextUI/Configuration/Configuration), Object(PHPUnit/Runner/ResultCache/DefaultResultCache), Object(PHPUnit/Framework/TestSuite))
#60 E:/CooperativeTraining/web/vendor/phpunit/phpunit/phpunit(104): PHPUnit/TextUI/Application->run(Array)
#61 {main}
"} 
[2026-09-02 22:20:04] local.ERROR: Database file at path [E:\CooperativeTraining\web\database\database.sqlite] does not exist. Ensure this is an absolute path to the database. (Connection: sqlite, Database: E:\CooperativeTraining\web\database\database.sqlite, SQL: select * from "sessions" where "id" = QzBnXFQ6zjZOWQbsWPoQXb159TS86U1FYjowf8eM limit 1) {"exception":"[object] (Illuminate\\Database\\QueryException(code: 0): Database file at path [E:\\CooperativeTraining\\web\\database\\database.sqlite] does not exist. Ensure this is an absolute path to the database. (Connection: sqlite, Database: E:\\CooperativeTraining\\web\\database\\database.sqlite, SQL: select * from \"sessions\" where \"id\" = QzBnXFQ6zjZOWQbsWPoQXb159TS86U1FYjowf8eM limit 1) at E:/CooperativeTraining/web/vendor/laravel/framework/src/Illuminate/Database/Connection.php:857)
[stacktrace]
#0 E:/CooperativeTraining/web/vendor/laravel/framework/src/Illuminate/Database/Connection.php(813): Illuminate/Database/Connection->runQueryCallback('select * from \"...', Array, Object(Closure))
#1 E:/CooperativeTraining/web/vendor/laravel/framework/src/Illuminate/Database/Connection.php(426): Illuminate/Database/Connection->run('select * from \"...', Array, Object(Closure))
#2 E:/CooperativeTraining/web/vendor/laravel/framework/src/Illuminate/Database/Query/Builder.php(3629): Illuminate/Database/Connection->select('select * from \"...', Array, false, Array)
#3 E:/CooperativeTraining/web/vendor/laravel/framework/src/Illuminate/Database/Query/Builder.php(3613): Illuminate/Database/Query/Builder->runSelect()
#4 E:/CooperativeTraining/web/vendor/laravel/framework/src/Illuminate/Database/Concerns/BuildsQueries.php(366): Illuminate/Database/Query/Builder->get(Array)
#5 E:/CooperativeTraining/web/vendor/laravel/framework/src/Illuminate/Database/Query/Builder.php(3531): Illuminate/Database/Query/Builder->first(Array)
#6 E:/CooperativeTraining/web/vendor/laravel/framework/src/Illuminate/Session/DatabaseSessionHandler.php(96): Illuminate/Database/Query/Builder->find('QzBnXFQ6zjZOWQb...')
#7 E:/CooperativeTraining/web/vendor/laravel/framework/src/Illuminate/Session/Store.php(128): Illuminate/Session/DatabaseSessionHandler->read('QzBnXFQ6zjZOWQb...')
#8 E:/CooperativeTraining/web/vendor/laravel/framework/src/Illuminate/Session/Store.php(116): Illuminate/Session/Store->readFromHandler()
#9 E:/CooperativeTraining/web/vendor/laravel/framework/src/Illuminate/Session/Store.php(100): Illuminate/Session/Store->loadSession()
#10 E:/CooperativeTraining/web/vendor/laravel/framework/src/Illuminate/Session/Middleware/StartSession.php(146): Illuminate/Session/Store->start()
#11 E:/CooperativeTraining/web/vendor/laravel/framework/src/Illuminate/Support/helpers.php(393): Illuminate/Session/Middleware/StartSession->{closure:Illuminate/Session/Middleware/StartSession::startSession():143}(Object(Illuminate/Session/Store))
#12 E:/CooperativeTraining/web/vendor/laravel/framework/src/Illuminate/Session/Middleware/StartSession.php(143): tap(Object(Illuminate/Session/Store), Object(Closure))
#13 E:/CooperativeTraining/web/vendor/laravel/framework/src/Illuminate/Session/Middleware/StartSession.php(115): Illuminate/Session/Middleware/StartSession->startSession(Object(Illuminate/Http/Request), Object(Illuminate/Session/Store))
#14 E:/CooperativeTraining/web/vendor/laravel/framework/src/Illuminate/Session/Middleware/StartSession.php(63): Illuminate/Session/Middleware/StartSession->handleStatefulRequest(Object(Illuminate/Http/Request), Object(Illuminate/Session/Store), Object(Closure))
#15 E:/CooperativeTraining/web/vendor/laravel/framework/src/Illuminate/Pipeline/Pipeline.php(219): Illuminate/Session/Middleware/StartSession->handle(Object(Illuminate/Http/Request), Object(Closure))
#16 E:/CooperativeTraining/web/vendor/laravel/framework/src/Illuminate/Cookie/Middleware/AddQueuedCookiesToResponse.php(36): Illuminate/Pipeline/Pipeline->{closure:{closure:Illuminate/Pipeline/Pipeline::carry():194}:195}(Object(Illuminate/Http/Request))
#17 E:/CooperativeTraining/web/vendor/laravel/framework/src/Illuminate/Pipeline/Pipeline.php(219): Illuminate/Cookie/Middleware/AddQueuedCookiesToResponse->handle(Object(Illuminate/Http/Request), Object(Closure))
#18 E:/CooperativeTraining/web/vendor/laravel/framework/src/Illuminate/Cookie/Middleware/EncryptCookies.php(74): Illuminate/Pipeline/Pipeline->{closure:{closure:Illuminate/Pipeline/Pipeline::carry():194}:195}(Object(Illuminate/Http/Request))
#19 E:/CooperativeTraining/web/vendor/laravel/framework/src/Illuminate/Pipeline/Pipeline.php(219): Illuminate/Cookie/Middleware/EncryptCookies->handle(Object(Illuminate/Http/Request), Object(Closure))
#20 E:/CooperativeTraining/web/vendor/laravel/framework/src/Illuminate/Pipeline/Pipeline.php(137): Illuminate/Pipeline/Pipeline->{closure:{closure:Illuminate/Pipeline/Pipeline::carry():194}:195}(Object(Illuminate/Http/Request))
#21 E:/CooperativeTraining/web/vendor/laravel/framework/src/Illuminate/Routing/Router.php(821): Illuminate/Pipeline/Pipeline->then(Object(Closure))
#22 E:/CooperativeTraining/web/vendor/laravel/framework/src/Illuminate/Routing/Router.php(800): Illuminate/Routing/Router->runRouteWithinStack(Object(Illuminate/Routing/Route), Object(Illuminate/Http/Request))
#23 E:/CooperativeTraining/web/vendor/laravel/framework/src/Illuminate/Routing/Router.php(764): Illuminate/Routing/Router->runRoute(Object(Illuminate/Http/Request), Object(Illuminate/Routing/Route))
#24 E:/CooperativeTraining/web/vendor/laravel/framework/src/Illuminate/Routing/Router.php(753): Illuminate/Routing/Router->dispatchToRoute(Object(Illuminate/Http/Request))
#25 E:/CooperativeTraining/web/vendor/laravel/framework/src/Illuminate/Foundation/Http/Kernel.php(200): Illuminate/Routing/Router->dispatch(Object(Illuminate/Http/Request))
#26 E:/CooperativeTraining/web/vendor/laravel/framework/src/Illuminate/Pipeline/Pipeline.php(180): Illuminate/Foundation/Http/Kernel->{closure:Illuminate/Foundation/Http/Kernel::dispatchToRouter():197}(Object(Illuminate/Http/Request))
#27 E:/CooperativeTraining/web/vendor/livewire/livewire/src/Features/SupportDisablingBackButtonCache/DisableBackButtonCacheMiddleware.php(19): Illuminate/Pipeline/Pipeline->{closure:Illuminate/Pipeline/Pipeline::prepareDestination():178}(Object(Illuminate/Http/Request))
#28 E:/CooperativeTraining/web/vendor/laravel/framework/src/Illuminate/Pipeline/Pipeline.php(219): Livewire/Features/SupportDisablingBackButtonCache/DisableBackButtonCacheMiddleware->handle(Object(Illuminate/Http/Request), Object(Closure))
#29 E:/CooperativeTraining/web/vendor/laravel/framework/src/Illuminate/Foundation/Http/Middleware/TransformsRequest.php(21): Illuminate/Pipeline/Pipeline->{closure:{closure:Illuminate/Pipeline/Pipeline::carry():194}:195}(Object(Illuminate/Http/Request))
#30 E:/CooperativeTraining/web/vendor/laravel/framework/src/Illuminate/Foundation/Http/Middleware/ConvertEmptyStringsToNull.php(31): Illuminate/Foundation/Http/Middleware/TransformsRequest->handle(Object(Illuminate/Http/Request), Object(Closure))
#31 E:/CooperativeTraining/web/vendor/laravel/framework/src/Illuminate/Pipeline/Pipeline.php(219): Illuminate/Foundation/Http/Middleware/ConvertEmptyStringsToNull->handle(Object(Illuminate/Http/Request), Object(Closure))
#32 E:/CooperativeTraining/web/vendor/laravel/framework/src/Illuminate/Foundation/Http/Middleware/TransformsRequest.php(21): Illuminate/Pipeline/Pipeline->{closure:{closure:Illuminate/Pipeline/Pipeline::carry():194}:195}(Object(Illuminate/Http/Request))
#33 E:/CooperativeTraining/web/vendor/laravel/framework/src/Illuminate/Foundation/Http/Middleware/TrimStrings.php(51): Illuminate/Foundation/Http/Middleware/TransformsRequest->handle(Object(Illuminate/Http/Request), Object(Closure))
#34 E:/CooperativeTraining/web/vendor/laravel/framework/src/Illuminate/Pipeline/Pipeline.php(219): Illuminate/Foundation/Http/Middleware/TrimStrings->handle(Object(Illuminate/Http/Request), Object(Closure))
#35 E:/CooperativeTraining/web/vendor/laravel/framework/src/Illuminate/Http/Middleware/ValidatePostSize.php(27): Illuminate/Pipeline/Pipeline->{closure:{closure:Illuminate/Pipeline/Pipeline::carry():194}:195}(Object(Illuminate/Http/Request))
#36 E:/CooperativeTraining/web/vendor/laravel/framework/src/Illuminate/Pipeline/Pipeline.php(219): Illuminate/Http/Middleware/ValidatePostSize->handle(Object(Illuminate/Http/Request), Object(Closure))
#37 E:/CooperativeTraining/web/vendor/laravel/framework/src/Illuminate/Foundation/Http/Middleware/PreventRequestsDuringMaintenance.php(110): Illuminate/Pipeline/Pipeline->{closure:{closure:Illuminate/Pipeline/Pipeline::carry():194}:195}(Object(Illuminate/Http/Request))
#38 E:/CooperativeTraining/web/vendor/laravel/framework/src/Illuminate/Pipeline/Pipeline.php(219): Illuminate/Foundation/Http/Middleware/PreventRequestsDuringMaintenance->handle(Object(Illuminate/Http/Request), Object(Closure))
#39 E:/CooperativeTraining/web/vendor/laravel/framework/src/Illuminate/Http/Middleware/HandleCors.php(61): Illuminate/Pipeline/Pipeline->{closure:{closure:Illuminate/Pipeline/Pipeline::carry():194}:195}(Object(Illuminate/Http/Request))
#40 E:/CooperativeTraining/web/vendor/laravel/framework/src/Illuminate/Pipeline/Pipeline.php(219): Illuminate/Http/Middleware/HandleCors->handle(Object(Illuminate/Http/Request), Object(Closure))
#41 E:/CooperativeTraining/web/vendor/laravel/framework/src/Illuminate/Http/Middleware/TrustProxies.php(58): Illuminate/Pipeline/Pipeline->{closure:{closure:Illuminate/Pipeline/Pipeline::carry():194}:195}(Object(Illuminate/Http/Request))
#42 E:/CooperativeTraining/web/vendor/laravel/framework/src/Illuminate/Pipeline/Pipeline.php(219): Illuminate/Http/Middleware/TrustProxies->handle(Object(Illuminate/Http/Request), Object(Closure))
#43 E:/CooperativeTraining/web/vendor/laravel/framework/src/Illuminate/Foundation/Http/Middleware/InvokeDeferredCallbacks.php(22): Illuminate/Pipeline/Pipeline->{closure:{closure:Illuminate/Pipeline/Pipeline::carry():194}:195}(Object(Illuminate/Http/Request))
#44 E:/CooperativeTraining/web/vendor/laravel/framework/src/Illuminate/Pipeline/Pipeline.php(219): Illuminate/Foundation/Http/Middleware/InvokeDeferredCallbacks->handle(Object(Illuminate/Http/Request), Object(Closure))
#45 E:/CooperativeTraining/web/vendor/laravel/framework/src/Illuminate/Http/Middleware/ValidatePathEncoding.php(28): Illuminate/Pipeline/Pipeline->{closure:{closure:Illuminate/Pipeline/Pipeline::carry():194}:195}(Object(Illuminate/Http/Request))
#46 E:/CooperativeTraining/web/vendor/laravel/framework/src/Illuminate/Pipeline/Pipeline.php(219): Illuminate/Http/Middleware/ValidatePathEncoding->handle(Object(Illuminate/Http/Request), Object(Closure))
#47 E:/CooperativeTraining/web/vendor/laravel/framework/src/Illuminate/Pipeline/Pipeline.php(137): Illuminate/Pipeline/Pipeline->{closure:{closure:Illuminate/Pipeline/Pipeline::carry():194}:195}(Object(Illuminate/Http/Request))
#48 E:/CooperativeTraining/web/vendor/laravel/framework/src/Illuminate/Foundation/Http/Kernel.php(175): Illuminate/Pipeline/Pipeline->then(Object(Closure))
#49 E:/CooperativeTraining/web/vendor/laravel/framework/src/Illuminate/Foundation/Http/Kernel.php(144): Illuminate/Foundation/Http/Kernel->sendRequestThroughRouter(Object(Illuminate/Http/Request))
#50 E:/CooperativeTraining/web/vendor/laravel/framework/src/Illuminate/Foundation/Application.php(1227): Illuminate/Foundation/Http/Kernel->handle(Object(Illuminate/Http/Request))
#51 E:/CooperativeTraining/web/public/index.php(20): Illuminate/Foundation/Application->handleRequest(Object(Illuminate/Http/Request))
#52 E:/CooperativeTraining/web/vendor/laravel/framework/src/Illuminate/Foundation/resources/server.php(23): require_once('E://CooperativeT...')
#53 {main}

[previous exception] [object] (Illuminate\\Database\\SQLiteDatabaseDoesNotExistException(code: 0): Database file at path [E:\\CooperativeTraining\\web\\database\\database.sqlite] does not exist. Ensure this is an absolute path to the database. at E:/CooperativeTraining/web/vendor/laravel/framework/src/Illuminate/Database/Connectors/SQLiteConnector.php:61)
[stacktrace]
#0 E:/CooperativeTraining/web/vendor/laravel/framework/src/Illuminate/Database/Connectors/SQLiteConnector.php(19): Illuminate/Database/Connectors/SQLiteConnector->parseDatabasePath(false)
#1 E:/CooperativeTraining/web/vendor/laravel/framework/src/Illuminate/Database/Connectors/ConnectionFactory.php(259): Illuminate/Database/Connectors/SQLiteConnector->connect(Array)
#2 [internal function]: Illuminate/Database/Connectors/ConnectionFactory->{closure:Illuminate/Database/Connectors/ConnectionFactory::createPdoResolverWithoutHosts():259}()
#3 E:/CooperativeTraining/web/vendor/laravel/framework/src/Illuminate/Database/Connection.php(1298): call_user_func(Object(Closure))
#4 E:/CooperativeTraining/web/vendor/laravel/framework/src/Illuminate/Database/Connection.php(542): Illuminate/Database/Connection->getPdo()
#5 E:/CooperativeTraining/web/vendor/laravel/framework/src/Illuminate/Database/Connection.php(435): Illuminate/Database/Connection->getPdoForSelect(false)
#6 E:/CooperativeTraining/web/vendor/laravel/framework/src/Illuminate/Database/Connection.php(846): Illuminate/Database/Connection->{closure:Illuminate/Database/Connection::select():426}('select * from \"...', Array)
#7 E:/CooperativeTraining/web/vendor/laravel/framework/src/Illuminate/Database/Connection.php(813): Illuminate/Database/Connection->runQueryCallback('select * from \"...', Array, Object(Closure))
#8 E:/CooperativeTraining/web/vendor/laravel/framework/src/Illuminate/Database/Connection.php(426): Illuminate/Database/Connection->run('select * from \"...', Array, Object(Closure))
#9 E:/CooperativeTraining/web/vendor/laravel/framework/src/Illuminate/Database/Query/Builder.php(3629): Illuminate/Database/Connection->select('select * from \"...', Array, false, Array)
#10 E:/CooperativeTraining/web/vendor/laravel/framework/src/Illuminate/Database/Query/Builder.php(3613): Illuminate/Database/Query/Builder->runSelect()
#11 E:/CooperativeTraining/web/vendor/laravel/framework/src/Illuminate/Database/Concerns/BuildsQueries.php(366): Illuminate/Database/Query/Builder->get(Array)
#12 E:/CooperativeTraining/web/vendor/laravel/framework/src/Illuminate/Database/Query/Builder.php(3531): Illuminate/Database/Query/Builder->first(Array)
#13 E:/CooperativeTraining/web/vendor/laravel/framework/src/Illuminate/Session/DatabaseSessionHandler.php(96): Illuminate/Database/Query/Builder->find('QzBnXFQ6zjZOWQb...')
#14 E:/CooperativeTraining/web/vendor/laravel/framework/src/Illuminate/Session/Store.php(128): Illuminate/Session/DatabaseSessionHandler->read('QzBnXFQ6zjZOWQb...')
#15 E:/CooperativeTraining/web/vendor/laravel/framework/src/Illuminate/Session/Store.php(116): Illuminate/Session/Store->readFromHandler()
#16 E:/CooperativeTraining/web/vendor/laravel/framework/src/Illuminate/Session/Store.php(100): Illuminate/Session/Store->loadSession()
#17 E:/CooperativeTraining/web/vendor/laravel/framework/src/Illuminate/Session/Middleware/StartSession.php(146): Illuminate/Session/Store->start()
#18 E:/CooperativeTraining/web/vendor/laravel/framework/src/Illuminate/Support/helpers.php(393): Illuminate/Session/Middleware/StartSession->{closure:Illuminate/Session/Middleware/StartSession::startSession():143}(Object(Illuminate/Session/Store))
#19 E:/CooperativeTraining/web/vendor/laravel/framework/src/Illuminate/Session/Middleware/StartSession.php(143): tap(Object(Illuminate/Session/Store), Object(Closure))
#20 E:/CooperativeTraining/web/vendor/laravel/framework/src/Illuminate/Session/Middleware/StartSession.php(115): Illuminate/Session/Middleware/StartSession->startSession(Object(Illuminate/Http/Request), Object(Illuminate/Session/Store))
#21 E:/CooperativeTraining/web/vendor/laravel/framework/src/Illuminate/Session/Middleware/StartSession.php(63): Illuminate/Session/Middleware/StartSession->handleStatefulRequest(Object(Illuminate/Http/Request), Object(Illuminate/Session/Store), Object(Closure))
#22 E:/CooperativeTraining/web/vendor/laravel/framework/src/Illuminate/Pipeline/Pipeline.php(219): Illuminate/Session/Middleware/StartSession->handle(Object(Illuminate/Http/Request), Object(Closure))
#23 E:/CooperativeTraining/web/vendor/laravel/framework/src/Illuminate/Cookie/Middleware/AddQueuedCookiesToResponse.php(36): Illuminate/Pipeline/Pipeline->{closure:{closure:Illuminate/Pipeline/Pipeline::carry():194}:195}(Object(Illuminate/Http/Request))
#24 E:/CooperativeTraining/web/vendor/laravel/framework/src/Illuminate/Pipeline/Pipeline.php(219): Illuminate/Cookie/Middleware/AddQueuedCookiesToResponse->handle(Object(Illuminate/Http/Request), Object(Closure))
#25 E:/CooperativeTraining/web/vendor/laravel/framework/src/Illuminate/Cookie/Middleware/EncryptCookies.php(74): Illuminate/Pipeline/Pipeline->{closure:{closure:Illuminate/Pipeline/Pipeline::carry():194}:195}(Object(Illuminate/Http/Request))
#26 E:/CooperativeTraining/web/vendor/laravel/framework/src/Illuminate/Pipeline/Pipeline.php(219): Illuminate/Cookie/Middleware/EncryptCookies->handle(Object(Illuminate/Http/Request), Object(Closure))
#27 E:/CooperativeTraining/web/vendor/laravel/framework/src/Illuminate/Pipeline/Pipeline.php(137): Illuminate/Pipeline/Pipeline->{closure:{closure:Illuminate/Pipeline/Pipeline::carry():194}:195}(Object(Illuminate/Http/Request))
#28 E:/CooperativeTraining/web/vendor/laravel/framework/src/Illuminate/Routing/Router.php(821): Illuminate/Pipeline/Pipeline->then(Object(Closure))
#29 E:/CooperativeTraining/web/vendor/laravel/framework/src/Illuminate/Routing/Router.php(800): Illuminate/Routing/Router->runRouteWithinStack(Object(Illuminate/Routing/Route), Object(Illuminate/Http/Request))
#30 E:/CooperativeTraining/web/vendor/laravel/framework/src/Illuminate/Routing/Router.php(764): Illuminate/Routing/Router->runRoute(Object(Illuminate/Http/Request), Object(Illuminate/Routing/Route))
#31 E:/CooperativeTraining/web/vendor/laravel/framework/src/Illuminate/Routing/Router.php(753): Illuminate/Routing/Router->dispatchToRoute(Object(Illuminate/Http/Request))
#32 E:/CooperativeTraining/web/vendor/laravel/framework/src/Illuminate/Foundation/Http/Kernel.php(200): Illuminate/Routing/Router->dispatch(Object(Illuminate/Http/Request))
#33 E:/CooperativeTraining/web/vendor/laravel/framework/src/Illuminate/Pipeline/Pipeline.php(180): Illuminate/Foundation/Http/Kernel->{closure:Illuminate/Foundation/Http/Kernel::dispatchToRouter():197}(Object(Illuminate/Http/Request))
#34 E:/CooperativeTraining/web/vendor/livewire/livewire/src/Features/SupportDisablingBackButtonCache/DisableBackButtonCacheMiddleware.php(19): Illuminate/Pipeline/Pipeline->{closure:Illuminate/Pipeline/Pipeline::prepareDestination():178}(Object(Illuminate/Http/Request))
#35 E:/CooperativeTraining/web/vendor/laravel/framework/src/Illuminate/Pipeline/Pipeline.php(219): Livewire/Features/SupportDisablingBackButtonCache/DisableBackButtonCacheMiddleware->handle(Object(Illuminate/Http/Request), Object(Closure))
#36 E:/CooperativeTraining/web/vendor/laravel/framework/src/Illuminate/Foundation/Http/Middleware/TransformsRequest.php(21): Illuminate/Pipeline/Pipeline->{closure:{closure:Illuminate/Pipeline/Pipeline::carry():194}:195}(Object(Illuminate/Http/Request))
#37 E:/CooperativeTraining/web/vendor/laravel/framework/src/Illuminate/Foundation/Http/Middleware/ConvertEmptyStringsToNull.php(31): Illuminate/Foundation/Http/Middleware/TransformsRequest->handle(Object(Illuminate/Http/Request), Object(Closure))
#38 E:/CooperativeTraining/web/vendor/laravel/framework/src/Illuminate/Pipeline/Pipeline.php(219): Illuminate/Foundation/Http/Middleware/ConvertEmptyStringsToNull->handle(Object(Illuminate/Http/Request), Object(Closure))
#39 E:/CooperativeTraining/web/vendor/laravel/framework/src/Illuminate/Foundation/Http/Middleware/TransformsRequest.php(21): Illuminate/Pipeline/Pipeline->{closure:{closure:Illuminate/Pipeline/Pipeline::carry():194}:195}(Object(Illuminate/Http/Request))
#40 E:/CooperativeTraining/web/vendor/laravel/framework/src/Illuminate/Foundation/Http/Middleware/TrimStrings.php(51): Illuminate/Foundation/Http/Middleware/TransformsRequest->handle(Object(Illuminate/Http/Request), Object(Closure))
#41 E:/CooperativeTraining/web/vendor/laravel/framework/src/Illuminate/Pipeline/Pipeline.php(219): Illuminate/Foundation/Http/Middleware/TrimStrings->handle(Object(Illuminate/Http/Request), Object(Closure))
#42 E:/CooperativeTraining/web/vendor/laravel/framework/src/Illuminate/Http/Middleware/ValidatePostSize.php(27): Illuminate/Pipeline/Pipeline->{closure:{closure:Illuminate/Pipeline/Pipeline::carry():194}:195}(Object(Illuminate/Http/Request))
#43 E:/CooperativeTraining/web/vendor/laravel/framework/src/Illuminate/Pipeline/Pipeline.php(219): Illuminate/Http/Middleware/ValidatePostSize->handle(Object(Illuminate/Http/Request), Object(Closure))
#44 E:/CooperativeTraining/web/vendor/laravel/framework/src/Illuminate/Foundation/Http/Middleware/PreventRequestsDuringMaintenance.php(110): Illuminate/Pipeline/Pipeline->{closure:{closure:Illuminate/Pipeline/Pipeline::carry():194}:195}(Object(Illuminate/Http/Request))
#45 E:/CooperativeTraining/web/vendor/laravel/framework/src/Illuminate/Pipeline/Pipeline.php(219): Illuminate/Foundation/Http/Middleware/PreventRequestsDuringMaintenance->handle(Object(Illuminate/Http/Request), Object(Closure))
#46 E:/CooperativeTraining/web/vendor/laravel/framework/src/Illuminate/Http/Middleware/HandleCors.php(61): Illuminate/Pipeline/Pipeline->{closure:{closure:Illuminate/Pipeline/Pipeline::carry():194}:195}(Object(Illuminate/Http/Request))
#47 E:/CooperativeTraining/web/vendor/laravel/framework/src/Illuminate/Pipeline/Pipeline.php(219): Illuminate/Http/Middleware/HandleCors->handle(Object(Illuminate/Http/Request), Object(Closure))
#48 E:/CooperativeTraining/web/vendor/laravel/framework/src/Illuminate/Http/Middleware/TrustProxies.php(58): Illuminate/Pipeline/Pipeline->{closure:{closure:Illuminate/Pipeline/Pipeline::carry():194}:195}(Object(Illuminate/Http/Request))
#49 E:/CooperativeTraining/web/vendor/laravel/framework/src/Illuminate/Pipeline/Pipeline.php(219): Illuminate/Http/Middleware/TrustProxies->handle(Object(Illuminate/Http/Request), Object(Closure))
#50 E:/CooperativeTraining/web/vendor/laravel/framework/src/Illuminate/Foundation/Http/Middleware/InvokeDeferredCallbacks.php(22): Illuminate/Pipeline/Pipeline->{closure:{closure:Illuminate/Pipeline/Pipeline::carry():194}:195}(Object(Illuminate/Http/Request))
#51 E:/CooperativeTraining/web/vendor/laravel/framework/src/Illuminate/Pipeline/Pipeline.php(219): Illuminate/Foundation/Http/Middleware/InvokeDeferredCallbacks->handle(Object(Illuminate/Http/Request), Object(Closure))
#52 E:/CooperativeTraining/web/vendor/laravel/framework/src/Illuminate/Http/Middleware/ValidatePathEncoding.php(28): Illuminate/Pipeline/Pipeline->{closure:{closure:Illuminate/Pipeline/Pipeline::carry():194}:195}(Object(Illuminate/Http/Request))
#53 E:/CooperativeTraining/web/vendor/laravel/framework/src/Illuminate/Pipeline/Pipeline.php(219): Illuminate/Http/Middleware/ValidatePathEncoding->handle(Object(Illuminate/Http/Request), Object(Closure))
#54 E:/CooperativeTraining/web/vendor/laravel/framework/src/Illuminate/Pipeline/Pipeline.php(137): Illuminate/Pipeline/Pipeline->{closure:{closure:Illuminate/Pipeline/Pipeline::carry():194}:195}(Object(Illuminate/Http/Request))
#55 E:/CooperativeTraining/web/vendor/laravel/framework/src/Illuminate/Foundation/Http/Kernel.php(175): Illuminate/Pipeline/Pipeline->then(Object(Closure))
#56 E:/CooperativeTraining/web/vendor/laravel/framework/src/Illuminate/Foundation/Http/Kernel.php(144): Illuminate/Foundation/Http/Kernel->sendRequestThroughRouter(Object(Illuminate/Http/Request))
#57 E:/CooperativeTraining/web/vendor/laravel/framework/src/Illuminate/Foundation/Application.php(1227): Illuminate/Foundation/Http/Kernel->handle(Object(Illuminate/Http/Request))
#58 E:/CooperativeTraining/web/public/index.php(20): Illuminate/Foundation/Application->handleRequest(Object(Illuminate/Http/Request))
#59 E:/CooperativeTraining/web/vendor/laravel/framework/src/Illuminate/Foundation/resources/server.php(23): require_once('E://CooperativeT...')
#60 {main}
"} 
[2026-09-02 22:20:23] local.ERROR: Database file at path [E:\CooperativeTraining\web\database\database.sqlite] does not exist. Ensure this is an absolute path to the database. (Connection: sqlite, Database: E:\CooperativeTraining\web\database\database.sqlite, SQL: select * from "sessions" where "id" = EJHxVlDIC0UUjLShTnafwThuJHs428xEH6fKqVNw limit 1) {"exception":"[object] (Illuminate\\Database\\QueryException(code: 0): Database file at path [E:\\CooperativeTraining\\web\\database\\database.sqlite] does not exist. Ensure this is an absolute path to the database. (Connection: sqlite, Database: E:\\CooperativeTraining\\web\\database\\database.sqlite, SQL: select * from \"sessions\" where \"id\" = EJHxVlDIC0UUjLShTnafwThuJHs428xEH6fKqVNw limit 1) at E:/CooperativeTraining/web/vendor/laravel/framework/src/Illuminate/Database/Connection.php:857)
[stacktrace]
#0 E:/CooperativeTraining/web/vendor/laravel/framework/src/Illuminate/Database/Connection.php(813): Illuminate/Database/Connection->runQueryCallback('select * from \"...', Array, Object(Closure))
#1 E:/CooperativeTraining/web/vendor/laravel/framework/src/Illuminate/Database/Connection.php(426): Illuminate/Database/Connection->run('select * from \"...', Array, Object(Closure))
#2 E:/CooperativeTraining/web/vendor/laravel/framework/src/Illuminate/Database/Query/Builder.php(3629): Illuminate/Database/Connection->select('select * from \"...', Array, false, Array)
#3 E:/CooperativeTraining/web/vendor/laravel/framework/src/Illuminate/Database/Query/Builder.php(3613): Illuminate/Database/Query/Builder->runSelect()
#4 E:/CooperativeTraining/web/vendor/laravel/framework/src/Illuminate/Database/Concerns/BuildsQueries.php(366): Illuminate/Database/Query/Builder->get(Array)
#5 E:/CooperativeTraining/web/vendor/laravel/framework/src/Illuminate/Database/Query/Builder.php(3531): Illuminate/Database/Query/Builder->first(Array)
#6 E:/CooperativeTraining/web/vendor/laravel/framework/src/Illuminate/Session/DatabaseSessionHandler.php(96): Illuminate/Database/Query/Builder->find('EJHxVlDIC0UUjLS...')
#7 E:/CooperativeTraining/web/vendor/laravel/framework/src/Illuminate/Session/Store.php(128): Illuminate/Session/DatabaseSessionHandler->read('EJHxVlDIC0UUjLS...')
#8 E:/CooperativeTraining/web/vendor/laravel/framework/src/Illuminate/Session/Store.php(116): Illuminate/Session/Store->readFromHandler()
#9 E:/CooperativeTraining/web/vendor/laravel/framework/src/Illuminate/Session/Store.php(100): Illuminate/Session/Store->loadSession()
#10 E:/CooperativeTraining/web/vendor/laravel/framework/src/Illuminate/Session/Middleware/StartSession.php(146): Illuminate/Session/Store->start()
#11 E:/CooperativeTraining/web/vendor/laravel/framework/src/Illuminate/Support/helpers.php(393): Illuminate/Session/Middleware/StartSession->{closure:Illuminate/Session/Middleware/StartSession::startSession():143}(Object(Illuminate/Session/Store))
#12 E:/CooperativeTraining/web/vendor/laravel/framework/src/Illuminate/Session/Middleware/StartSession.php(143): tap(Object(Illuminate/Session/Store), Object(Closure))
#13 E:/CooperativeTraining/web/vendor/laravel/framework/src/Illuminate/Session/Middleware/StartSession.php(115): Illuminate/Session/Middleware/StartSession->startSession(Object(Illuminate/Http/Request), Object(Illuminate/Session/Store))
#14 E:/CooperativeTraining/web/vendor/laravel/framework/src/Illuminate/Session/Middleware/StartSession.php(63): Illuminate/Session/Middleware/StartSession->handleStatefulRequest(Object(Illuminate/Http/Request), Object(Illuminate/Session/Store), Object(Closure))
#15 E:/CooperativeTraining/web/vendor/laravel/framework/src/Illuminate/Pipeline/Pipeline.php(219): Illuminate/Session/Middleware/StartSession->handle(Object(Illuminate/Http/Request), Object(Closure))
#16 E:/CooperativeTraining/web/vendor/laravel/framework/src/Illuminate/Cookie/Middleware/AddQueuedCookiesToResponse.php(36): Illuminate/Pipeline/Pipeline->{closure:{closure:Illuminate/Pipeline/Pipeline::carry():194}:195}(Object(Illuminate/Http/Request))
#17 E:/CooperativeTraining/web/vendor/laravel/framework/src/Illuminate/Pipeline/Pipeline.php(219): Illuminate/Cookie/Middleware/AddQueuedCookiesToResponse->handle(Object(Illuminate/Http/Request), Object(Closure))
#18 E:/CooperativeTraining/web/vendor/laravel/framework/src/Illuminate/Cookie/Middleware/EncryptCookies.php(74): Illuminate/Pipeline/Pipeline->{closure:{closure:Illuminate/Pipeline/Pipeline::carry():194}:195}(Object(Illuminate/Http/Request))
#19 E:/CooperativeTraining/web/vendor/laravel/framework/src/Illuminate/Pipeline/Pipeline.php(219): Illuminate/Cookie/Middleware/EncryptCookies->handle(Object(Illuminate/Http/Request), Object(Closure))
#20 E:/CooperativeTraining/web/vendor/laravel/framework/src/Illuminate/Pipeline/Pipeline.php(137): Illuminate/Pipeline/Pipeline->{closure:{closure:Illuminate/Pipeline/Pipeline::carry():194}:195}(Object(Illuminate/Http/Request))
#21 E:/CooperativeTraining/web/vendor/laravel/framework/src/Illuminate/Routing/Router.php(821): Illuminate/Pipeline/Pipeline->then(Object(Closure))
#22 E:/CooperativeTraining/web/vendor/laravel/framework/src/Illuminate/Routing/Router.php(800): Illuminate/Routing/Router->runRouteWithinStack(Object(Illuminate/Routing/Route), Object(Illuminate/Http/Request))
#23 E:/CooperativeTraining/web/vendor/laravel/framework/src/Illuminate/Routing/Router.php(764): Illuminate/Routing/Router->runRoute(Object(Illuminate/Http/Request), Object(Illuminate/Routing/Route))
#24 E:/CooperativeTraining/web/vendor/laravel/framework/src/Illuminate/Routing/Router.php(753): Illuminate/Routing/Router->dispatchToRoute(Object(Illuminate/Http/Request))
#25 E:/CooperativeTraining/web/vendor/laravel/framework/src/Illuminate/Foundation/Http/Kernel.php(200): Illuminate/Routing/Router->dispatch(Object(Illuminate/Http/Request))
#26 E:/CooperativeTraining/web/vendor/laravel/framework/src/Illuminate/Pipeline/Pipeline.php(180): Illuminate/Foundation/Http/Kernel->{closure:Illuminate/Foundation/Http/Kernel::dispatchToRouter():197}(Object(Illuminate/Http/Request))
#27 E:/CooperativeTraining/web/vendor/livewire/livewire/src/Features/SupportDisablingBackButtonCache/DisableBackButtonCacheMiddleware.php(19): Illuminate/Pipeline/Pipeline->{closure:Illuminate/Pipeline/Pipeline::prepareDestination():178}(Object(Illuminate/Http/Request))
#28 E:/CooperativeTraining/web/vendor/laravel/framework/src/Illuminate/Pipeline/Pipeline.php(219): Livewire/Features/SupportDisablingBackButtonCache/DisableBackButtonCacheMiddleware->handle(Object(Illuminate/Http/Request), Object(Closure))
#29 E:/CooperativeTraining/web/vendor/laravel/framework/src/Illuminate/Foundation/Http/Middleware/TransformsRequest.php(21): Illuminate/Pipeline/Pipeline->{closure:{closure:Illuminate/Pipeline/Pipeline::carry():194}:195}(Object(Illuminate/Http/Request))
#30 E:/CooperativeTraining/web/vendor/laravel/framework/src/Illuminate/Foundation/Http/Middleware/ConvertEmptyStringsToNull.php(31): Illuminate/Foundation/Http/Middleware/TransformsRequest->handle(Object(Illuminate/Http/Request), Object(Closure))
#31 E:/CooperativeTraining/web/vendor/laravel/framework/src/Illuminate/Pipeline/Pipeline.php(219): Illuminate/Foundation/Http/Middleware/ConvertEmptyStringsToNull->handle(Object(Illuminate/Http/Request), Object(Closure))
#32 E:/CooperativeTraining/web/vendor/laravel/framework/src/Illuminate/Foundation/Http/Middleware/TransformsRequest.php(21): Illuminate/Pipeline/Pipeline->{closure:{closure:Illuminate/Pipeline/Pipeline::carry():194}:195}(Object(Illuminate/Http/Request))
#33 E:/CooperativeTraining/web/vendor/laravel/framework/src/Illuminate/Foundation/Http/Middleware/TrimStrings.php(51): Illuminate/Foundation/Http/Middleware/TransformsRequest->handle(Object(Illuminate/Http/Request), Object(Closure))
#34 E:/CooperativeTraining/web/vendor/laravel/framework/src/Illuminate/Pipeline/Pipeline.php(219): Illuminate/Foundation/Http/Middleware/TrimStrings->handle(Object(Illuminate/Http/Request), Object(Closure))
#35 E:/CooperativeTraining/web/vendor/laravel/framework/src/Illuminate/Http/Middleware/ValidatePostSize.php(27): Illuminate/Pipeline/Pipeline->{closure:{closure:Illuminate/Pipeline/Pipeline::carry():194}:195}(Object(Illuminate/Http/Request))
#36 E:/CooperativeTraining/web/vendor/laravel/framework/src/Illuminate/Pipeline/Pipeline.php(219): Illuminate/Http/Middleware/ValidatePostSize->handle(Object(Illuminate/Http/Request), Object(Closure))
#37 E:/CooperativeTraining/web/vendor/laravel/framework/src/Illuminate/Foundation/Http/Middleware/PreventRequestsDuringMaintenance.php(110): Illuminate/Pipeline/Pipeline->{closure:{closure:Illuminate/Pipeline/Pipeline::carry():194}:195}(Object(Illuminate/Http/Request))
#38 E:/CooperativeTraining/web/vendor/laravel/framework/src/Illuminate/Pipeline/Pipeline.php(219): Illuminate/Foundation/Http/Middleware/PreventRequestsDuringMaintenance->handle(Object(Illuminate/Http/Request), Object(Closure))
#39 E:/CooperativeTraining/web/vendor/laravel/framework/src/Illuminate/Http/Middleware/HandleCors.php(61): Illuminate/Pipeline/Pipeline->{closure:{closure:Illuminate/Pipeline/Pipeline::carry():194}:195}(Object(Illuminate/Http/Request))
#40 E:/CooperativeTraining/web/vendor/laravel/framework/src/Illuminate/Pipeline/Pipeline.php(219): Illuminate/Http/Middleware/HandleCors->handle(Object(Illuminate/Http/Request), Object(Closure))
#41 E:/CooperativeTraining/web/vendor/laravel/framework/src/Illuminate/Http/Middleware/TrustProxies.php(58): Illuminate/Pipeline/Pipeline->{closure:{closure:Illuminate/Pipeline/Pipeline::carry():194}:195}(Object(Illuminate/Http/Request))
#42 E:/CooperativeTraining/web/vendor/laravel/framework/src/Illuminate/Pipeline/Pipeline.php(219): Illuminate/Http/Middleware/TrustProxies->handle(Object(Illuminate/Http/Request), Object(Closure))
#43 E:/CooperativeTraining/web/vendor/laravel/framework/src/Illuminate/Foundation/Http/Middleware/InvokeDeferredCallbacks.php(22): Illuminate/Pipeline/Pipeline->{closure:{closure:Illuminate/Pipeline/Pipeline::carry():194}:195}(Object(Illuminate/Http/Request))
#44 E:/CooperativeTraining/web/vendor/laravel/framework/src/Illuminate/Pipeline/Pipeline.php(219): Illuminate/Foundation/Http/Middleware/InvokeDeferredCallbacks->handle(Object(Illuminate/Http/Request), Object(Closure))
#45 E:/CooperativeTraining/web/vendor/laravel/framework/src/Illuminate/Http/Middleware/ValidatePathEncoding.php(28): Illuminate/Pipeline/Pipeline->{closure:{closure:Illuminate/Pipeline/Pipeline::carry():194}:195}(Object(Illuminate/Http/Request))
#46 E:/CooperativeTraining/web/vendor/laravel/framework/src/Illuminate/Pipeline/Pipeline.php(219): Illuminate/Http/Middleware/ValidatePathEncoding->handle(Object(Illuminate/Http/Request), Object(Closure))
#47 E:/CooperativeTraining/web/vendor/laravel/framework/src/Illuminate/Pipeline/Pipeline.php(137): Illuminate/Pipeline/Pipeline->{closure:{closure:Illuminate/Pipeline/Pipeline::carry():194}:195}(Object(Illuminate/Http/Request))
#48 E:/CooperativeTraining/web/vendor/laravel/framework/src/Illuminate/Foundation/Http/Kernel.php(175): Illuminate/Pipeline/Pipeline->then(Object(Closure))
#49 E:/CooperativeTraining/web/vendor/laravel/framework/src/Illuminate/Foundation/Http/Kernel.php(144): Illuminate/Foundation/Http/Kernel->sendRequestThroughRouter(Object(Illuminate/Http/Request))
#50 E:/CooperativeTraining/web/vendor/laravel/framework/src/Illuminate/Foundation/Application.php(1227): Illuminate/Foundation/Http/Kernel->handle(Object(Illuminate/Http/Request))
#51 E:/CooperativeTraining/web/public/index.php(20): Illuminate/Foundation/Application->handleRequest(Object(Illuminate/Http/Request))
#52 E:/CooperativeTraining/web/vendor/laravel/framework/src/Illuminate/Foundation/resources/server.php(23): require_once('E://CooperativeT...')
#53 {main}

[previous exception] [object] (Illuminate\\Database\\SQLiteDatabaseDoesNotExistException(code: 0): Database file at path [E:\\CooperativeTraining\\web\\database\\database.sqlite] does not exist. Ensure this is an absolute path to the database. at E:/CooperativeTraining/web/vendor/laravel/framework/src/Illuminate/Database/Connectors/SQLiteConnector.php:61)
[stacktrace]
#0 E:/CooperativeTraining/web/vendor/laravel/framework/src/Illuminate/Database/Connectors/SQLiteConnector.php(19): Illuminate/Database/Connectors/SQLiteConnector->parseDatabasePath(false)
#1 E:/CooperativeTraining/web/vendor/laravel/framework/src/Illuminate/Database/Connectors/ConnectionFactory.php(259): Illuminate/Database/Connectors/SQLiteConnector->connect(Array)
#2 [internal function]: Illuminate/Database/Connectors/ConnectionFactory->{closure:Illuminate/Database/Connectors/ConnectionFactory::createPdoResolverWithoutHosts():259}()
#3 E:/CooperativeTraining/web/vendor/laravel/framework/src/Illuminate/Database/Connection.php(1298): call_user_func(Object(Closure))
#4 E:/CooperativeTraining/web/vendor/laravel/framework/src/Illuminate/Database/Connection.php(542): Illuminate/Database/Connection->getPdo()
#5 E:/CooperativeTraining/web/vendor/laravel/framework/src/Illuminate/Database/Connection.php(435): Illuminate/Database/Connection->getPdoForSelect(false)
#6 E:/CooperativeTraining/web/vendor/laravel/framework/src/Illuminate/Database/Connection.php(846): Illuminate/Database/Connection->{closure:Illuminate/Database/Connection::select():426}('select * from \"...', Array)
#7 E:/CooperativeTraining/web/vendor/laravel/framework/src/Illuminate/Database/Connection.php(813): Illuminate/Database/Connection->runQueryCallback('select * from \"...', Array, Object(Closure))
#8 E:/CooperativeTraining/web/vendor/laravel/framework/src/Illuminate/Database/Connection.php(426): Illuminate/Database/Connection->run('select * from \"...', Array, Object(Closure))
#9 E:/CooperativeTraining/web/vendor/laravel/framework/src/Illuminate/Database/Query/Builder.php(3629): Illuminate/Database/Connection->select('select * from \"...', Array, false, Array)
#10 E:/CooperativeTraining/web/vendor/laravel/framework/src/Illuminate/Database/Query/Builder.php(3613): Illuminate/Database/Query/Builder->runSelect()
#11 E:/CooperativeTraining/web/vendor/laravel/framework/src/Illuminate/Database/Concerns/BuildsQueries.php(366): Illuminate/Database/Query/Builder->get(Array)
#12 E:/CooperativeTraining/web/vendor/laravel/framework/src/Illuminate/Database/Query/Builder.php(3531): Illuminate/Database/Query/Builder->first(Array)
#13 E:/CooperativeTraining/web/vendor/laravel/framework/src/Illuminate/Session/DatabaseSessionHandler.php(96): Illuminate/Database/Query/Builder->find('EJHxVlDIC0UUjLS...')
#14 E:/CooperativeTraining/web/vendor/laravel/framework/src/Illuminate/Session/Store.php(128): Illuminate/Session/DatabaseSessionHandler->read('EJHxVlDIC0UUjLS...')
#15 E:/CooperativeTraining/web/vendor/laravel/framework/src/Illuminate/Session/Store.php(116): Illuminate/Session/Store->readFromHandler()
#16 E:/CooperativeTraining/web/vendor/laravel/framework/src/Illuminate/Session/Store.php(100): Illuminate/Session/Store->loadSession()
#17 E:/CooperativeTraining/web/vendor/laravel/framework/src/Illuminate/Session/Middleware/StartSession.php(146): Illuminate/Session/Store->start()
#18 E:/CooperativeTraining/web/vendor/laravel/framework/src/Illuminate/Support/helpers.php(393): Illuminate/Session/Middleware/StartSession->{closure:Illuminate/Session/Middleware/StartSession::startSession():143}(Object(Illuminate/Session/Store))
#19 E:/CooperativeTraining/web/vendor/laravel/framework/src/Illuminate/Session/Middleware/StartSession.php(143): tap(Object(Illuminate/Session/Store), Object(Closure))
#20 E:/CooperativeTraining/web/vendor/laravel/framework/src/Illuminate/Session/Middleware/StartSession.php(115): Illuminate/Session/Middleware/StartSession->startSession(Object(Illuminate/Http/Request), Object(Illuminate/Session/Store))
#21 E:/CooperativeTraining/web/vendor/laravel/framework/src/Illuminate/Session/Middleware/StartSession.php(63): Illuminate/Session/Middleware/StartSession->handleStatefulRequest(Object(Illuminate/Http/Request), Object(Illuminate/Session/Store), Object(Closure))
#22 E:/CooperativeTraining/web/vendor/laravel/framework/src/Illuminate/Pipeline/Pipeline.php(219): Illuminate/Session/Middleware/StartSession->handle(Object(Illuminate/Http/Request), Object(Closure))
#23 E:/CooperativeTraining/web/vendor/laravel/framework/src/Illuminate/Cookie/Middleware/AddQueuedCookiesToResponse.php(36): Illuminate/Pipeline/Pipeline->{closure:{closure:Illuminate/Pipeline/Pipeline::carry():194}:195}(Object(Illuminate/Http/Request))
#24 E:/CooperativeTraining/web/vendor/laravel/framework/src/Illuminate/Pipeline/Pipeline.php(219): Illuminate/Cookie/Middleware/AddQueuedCookiesToResponse->handle(Object(Illuminate/Http/Request), Object(Closure))
#25 E:/CooperativeTraining/web/vendor/laravel/framework/src/Illuminate/Cookie/Middleware/EncryptCookies.php(74): Illuminate/Pipeline/Pipeline->{closure:{closure:Illuminate/Pipeline/Pipeline::carry():194}:195}(Object(Illuminate/Http/Request))
#26 E:/CooperativeTraining/web/vendor/laravel/framework/src/Illuminate/Pipeline/Pipeline.php(219): Illuminate/Cookie/Middleware/EncryptCookies->handle(Object(Illuminate/Http/Request), Object(Closure))
#27 E:/CooperativeTraining/web/vendor/laravel/framework/src/Illuminate/Pipeline/Pipeline.php(137): Illuminate/Pipeline/Pipeline->{closure:{closure:Illuminate/Pipeline/Pipeline::carry():194}:195}(Object(Illuminate/Http/Request))
#28 E:/CooperativeTraining/web/vendor/laravel/framework/src/Illuminate/Routing/Router.php(821): Illuminate/Pipeline/Pipeline->then(Object(Closure))
#29 E:/CooperativeTraining/web/vendor/laravel/framework/src/Illuminate/Routing/Router.php(800): Illuminate/Routing/Router->runRouteWithinStack(Object(Illuminate/Routing/Route), Object(Illuminate/Http/Request))
#30 E:/CooperativeTraining/web/vendor/laravel/framework/src/Illuminate/Routing/Router.php(764): Illuminate/Routing/Router->runRoute(Object(Illuminate/Http/Request), Object(Illuminate/Routing/Route))
#31 E:/CooperativeTraining/web/vendor/laravel/framework/src/Illuminate/Routing/Router.php(753): Illuminate/Routing/Router->dispatchToRoute(Object(Illuminate/Http/Request))
#32 E:/CooperativeTraining/web/vendor/laravel/framework/src/Illuminate/Foundation/Http/Kernel.php(200): Illuminate/Routing/Router->dispatch(Object(Illuminate/Http/Request))
#33 E:/CooperativeTraining/web/vendor/laravel/framework/src/Illuminate/Pipeline/Pipeline.php(180): Illuminate/Foundation/Http/Kernel->{closure:Illuminate/Foundation/Http/Kernel::dispatchToRouter():197}(Object(Illuminate/Http/Request))
#34 E:/CooperativeTraining/web/vendor/livewire/livewire/src/Features/SupportDisablingBackButtonCache/DisableBackButtonCacheMiddleware.php(19): Illuminate/Pipeline/Pipeline->{closure:Illuminate/Pipeline/Pipeline::prepareDestination():178}(Object(Illuminate/Http/Request))
#35 E:/CooperativeTraining/web/vendor/laravel/framework/src/Illuminate/Pipeline/Pipeline.php(219): Livewire/Features/SupportDisablingBackButtonCache/DisableBackButtonCacheMiddleware->handle(Object(Illuminate/Http/Request), Object(Closure))
#36 E:/CooperativeTraining/web/vendor/laravel/framework/src/Illuminate/Foundation/Http/Middleware/TransformsRequest.php(21): Illuminate/Pipeline/Pipeline->{closure:{closure:Illuminate/Pipeline/Pipeline::carry():194}:195}(Object(Illuminate/Http/Request))
#37 E:/CooperativeTraining/web/vendor/laravel/framework/src/Illuminate/Foundation/Http/Middleware/ConvertEmptyStringsToNull.php(31): Illuminate/Foundation/Http/Middleware/TransformsRequest->handle(Object(Illuminate/Http/Request), Object(Closure))
#38 E:/CooperativeTraining/web/vendor/laravel/framework/src/Illuminate/Pipeline/Pipeline.php(219): Illuminate/Foundation/Http/Middleware/ConvertEmptyStringsToNull->handle(Object(Illuminate/Http/Request), Object(Closure))
#39 E:/CooperativeTraining/web/vendor/laravel/framework/src/Illuminate/Foundation/Http/Middleware/TransformsRequest.php(21): Illuminate/Pipeline/Pipeline->{closure:{closure:Illuminate/Pipeline/Pipeline::carry():194}:195}(Object(Illuminate/Http/Request))
#40 E:/CooperativeTraining/web/vendor/laravel/framework/src/Illuminate/Foundation/Http/Middleware/TrimStrings.php(51): Illuminate/Foundation/Http/Middleware/TransformsRequest->handle(Object(Illuminate/Http/Request), Object(Closure))
#41 E:/CooperativeTraining/web/vendor/laravel/framework/src/Illuminate/Pipeline/Pipeline.php(219): Illuminate/Foundation/Http/Middleware/TrimStrings->handle(Object(Illuminate/Http/Request), Object(Closure))
#42 E:/CooperativeTraining/web/vendor/laravel/framework/src/Illuminate/Http/Middleware/ValidatePostSize.php(27): Illuminate/Pipeline/Pipeline->{closure:{closure:Illuminate/Pipeline/Pipeline::carry():194}:195}(Object(Illuminate/Http/Request))
#43 E:/CooperativeTraining/web/vendor/laravel/framework/src/Illuminate/Pipeline/Pipeline.php(219): Illuminate/Http/Middleware/ValidatePostSize->handle(Object(Illuminate/Http/Request), Object(Closure))
#44 E:/CooperativeTraining/web/vendor/laravel/framework/src/Illuminate/Foundation/Http/Middleware/PreventRequestsDuringMaintenance.php(110): Illuminate/Pipeline/Pipeline->{closure:{closure:Illuminate/Pipeline/Pipeline::carry():194}:195}(Object(Illuminate/Http/Request))
#45 E:/CooperativeTraining/web/vendor/laravel/framework/src/Illuminate/Pipeline/Pipeline.php(219): Illuminate/Foundation/Http/Middleware/PreventRequestsDuringMaintenance->handle(Object(Illuminate/Http/Request), Object(Closure))
#46 E:/CooperativeTraining/web/vendor/laravel/framework/src/Illuminate/Http/Middleware/HandleCors.php(61): Illuminate/Pipeline/Pipeline->{closure:{closure:Illuminate/Pipeline/Pipeline::carry():194}:195}(Object(Illuminate/Http/Request))
#47 E:/CooperativeTraining/web/vendor/laravel/framework/src/Illuminate/Pipeline/Pipeline.php(219): Illuminate/Http/Middleware/HandleCors->handle(Object(Illuminate/Http/Request), Object(Closure))
#48 E:/CooperativeTraining/web/vendor/laravel/framework/src/Illuminate/Http/Middleware/TrustProxies.php(58): Illuminate/Pipeline/Pipeline->{closure:{closure:Illuminate/Pipeline/Pipeline::carry():194}:195}(Object(Illuminate/Http/Request))
#49 E:/CooperativeTraining/web/vendor/laravel/framework/src/Illuminate/Pipeline/Pipeline.php(219): Illuminate/Http/Middleware/TrustProxies->handle(Object(Illuminate/Http/Request), Object(Closure))
#50 E:/CooperativeTraining/web/vendor/laravel/framework/src/Illuminate/Foundation/Http/Middleware/InvokeDeferredCallbacks.php(22): Illuminate/Pipeline/Pipeline->{closure:{closure:Illuminate/Pipeline/Pipeline::carry():194}:195}(Object(Illuminate/Http/Request))
#51 E:/CooperativeTraining/web/vendor/laravel/framework/src/Illuminate/Pipeline/Pipeline.php(219): Illuminate/Foundation/Http/Middleware/InvokeDeferredCallbacks->handle(Object(Illuminate/Http/Request), Object(Closure))
#52 E:/CooperativeTraining/web/vendor/laravel/framework/src/Illuminate/Http/Middleware/ValidatePathEncoding.php(28): Illuminate/Pipeline/Pipeline->{closure:{closure:Illuminate/Pipeline/Pipeline::carry():194}:195}(Object(Illuminate/Http/Request))
#53 E:/CooperativeTraining/web/vendor/laravel/framework/src/Illuminate/Pipeline/Pipeline.php(219): Illuminate/Http/Middleware/ValidatePathEncoding->handle(Object(Illuminate/Http/Request), Object(Closure))
#54 E:/CooperativeTraining/web/vendor/laravel/framework/src/Illuminate/Pipeline/Pipeline.php(137): Illuminate/Pipeline/Pipeline->{closure:{closure:Illuminate/Pipeline/Pipeline::carry():194}:195}(Object(Illuminate/Http/Request))
#55 E:/CooperativeTraining/web/vendor/laravel/framework/src/Illuminate/Foundation/Http/Kernel.php(175): Illuminate/Pipeline/Pipeline->then(Object(Closure))
#56 E:/CooperativeTraining/web/vendor/laravel/framework/src/Illuminate/Foundation/Http/Kernel.php(144): Illuminate/Foundation/Http/Kernel->sendRequestThroughRouter(Object(Illuminate/Http/Request))
#57 E:/CooperativeTraining/web/vendor/laravel/framework/src/Illuminate/Foundation/Application.php(1227): Illuminate/Foundation/Http/Kernel->handle(Object(Illuminate/Http/Request))
#58 E:/CooperativeTraining/web/public/index.php(20): Illuminate/Foundation/Application->handleRequest(Object(Illuminate/Http/Request))
#59 E:/CooperativeTraining/web/vendor/laravel/framework/src/Illuminate/Foundation/resources/server.php(23): require_once('E://CooperativeT...')
#60 {main}
"} 
[2026-09-13 18:55:16] local.ERROR: Allowed memory size of 134217728 bytes exhausted (tried to allocate 1163264 bytes) {"exception":"[object] (Symfony\\Component\\ErrorHandler\\Error\\FatalError(code: 0): Allowed memory size of 134217728 bytes exhausted (tried to allocate 1163264 bytes) at phar://E:/CooperativeTraining/web/vendor/phpstan/phpstan/phpstan.phar/src/Cache/FileCacheStorage.php:73)
[stacktrace]
#0 {main}
"} 
[2026-09-12 14:58:28] local.ERROR: Database file at path [C:\CooperativeTraining\database\database.sqlite] does not exist. Ensure this is an absolute path to the database. (Connection: sqlite, Database: C:\CooperativeTraining\database\database.sqlite, SQL: select * from "users" where "email" = aryam6341@gmail.com limit 1) {"exception":"[object] (Illuminate\\Database\\QueryException(code: 0): Database file at path [C:\\CooperativeTraining\\database\\database.sqlite] does not exist. Ensure this is an absolute path to the database. (Connection: sqlite, Database: C:\\CooperativeTraining\\database\\database.sqlite, SQL: select * from \"users\" where \"email\" = aryam6341@gmail.com limit 1) at C:/CooperativeTraining/vendor/laravel/framework/src/Illuminate/Database/Connection.php:857)
[stacktrace]
#0 C:/CooperativeTraining/vendor/laravel/framework/src/Illuminate/Database/Connection.php(813): Illuminate/Database/Connection->runQueryCallback('select * from \"...', Array, Object(Closure))
#1 C:/CooperativeTraining/vendor/laravel/framework/src/Illuminate/Database/Connection.php(426): Illuminate/Database/Connection->run('select * from \"...', Array, Object(Closure))
#2 C:/CooperativeTraining/vendor/laravel/framework/src/Illuminate/Database/Query/Builder.php(3629): Illuminate/Database/Connection->select('select * from \"...', Array, true, Array)
#3 C:/CooperativeTraining/vendor/laravel/framework/src/Illuminate/Database/Query/Builder.php(3613): Illuminate/Database/Query/Builder->runSelect()
#4 C:/CooperativeTraining/vendor/laravel/framework/src/Illuminate/Database/Eloquent/Builder.php(931): Illuminate/Database/Query/Builder->get(Array)
#5 C:/CooperativeTraining/vendor/laravel/framework/src/Illuminate/Database/Eloquent/Builder.php(913): Illuminate/Database/Eloquent/Builder->getModels(Array)
#6 C:/CooperativeTraining/vendor/laravel/framework/src/Illuminate/Database/Concerns/BuildsQueries.php(366): Illuminate/Database/Eloquent/Builder->get(Array)
#7 C:/CooperativeTraining/vendor/laravel/framework/src/Illuminate/Auth/EloquentUserProvider.php(138): Illuminate/Database/Eloquent/Builder->first()
#8 C:/CooperativeTraining/vendor/laravel/fortify/src/Actions/RedirectIfTwoFactorAuthenticatable.php(92): Illuminate/Auth/EloquentUserProvider->retrieveByCredentials(Object(SensitiveParameterValue))
#9 C:/CooperativeTraining/vendor/laravel/fortify/src/Actions/RedirectIfTwoFactorAuthenticatable.php(52): Laravel/Fortify/Actions/RedirectIfTwoFactorAuthenticatable->validateCredentials(Object(Laravel/Fortify/Http/Requests/LoginRequest))
#10 C:/CooperativeTraining/vendor/laravel/framework/src/Illuminate/Pipeline/Pipeline.php(219): Laravel/Fortify/Actions/RedirectIfTwoFactorAuthenticatable->handle(Object(Laravel/Fortify/Http/Requests/LoginRequest), Object(Closure))
#11 C:/CooperativeTraining/vendor/laravel/fortify/src/Actions/CanonicalizeUsername.php(25): Illuminate/Pipeline/Pipeline->{closure:{closure:Illuminate/Pipeline/Pipeline::carry():194}:195}(Object(Laravel/Fortify/Http/Requests/LoginRequest))
#12 C:/CooperativeTraining/vendor/laravel/framework/src/Illuminate/Pipeline/Pipeline.php(219): Laravel/Fortify/Actions/CanonicalizeUsername->handle(Object(Laravel/Fortify/Http/Requests/LoginRequest), Object(Closure))
#13 C:/CooperativeTraining/vendor/laravel/framework/src/Illuminate/Pipeline/Pipeline.php(137): Illuminate/Pipeline/Pipeline->{closure:{closure:Illuminate/Pipeline/Pipeline::carry():194}:195}(Object(Laravel/Fortify/Http/Requests/LoginRequest))
#14 C:/CooperativeTraining/vendor/laravel/fortify/src/Http/Controllers/AuthenticatedSessionController.php(60): Illuminate/Pipeline/Pipeline->then(Object(Closure))
#15 C:/CooperativeTraining/vendor/laravel/framework/src/Illuminate/Routing/Controller.php(54): Laravel/Fortify/Http/Controllers/AuthenticatedSessionController->store(Object(Laravel/Fortify/Http/Requests/LoginRequest))
#16 C:/CooperativeTraining/vendor/laravel/framework/src/Illuminate/Routing/ControllerDispatcher.php(43): Illuminate/Routing/Controller->callAction('store', Array)
#17 C:/CooperativeTraining/vendor/laravel/framework/src/Illuminate/Routing/Route.php(276): Illuminate/Routing/ControllerDispatcher->dispatch(Object(Illuminate/Routing/Route), Object(Laravel/Fortify/Http/Controllers/AuthenticatedSessionController), 'store')
#18 C:/CooperativeTraining/vendor/laravel/framework/src/Illuminate/Routing/Route.php(216): Illuminate/Routing/Route->runController()
#19 C:/CooperativeTraining/vendor/laravel/framework/src/Illuminate/Routing/Router.php(822): Illuminate/Routing/Route->run()
#20 C:/CooperativeTraining/vendor/laravel/framework/src/Illuminate/Pipeline/Pipeline.php(180): Illuminate/Routing/Router->{closure:Illuminate/Routing/Router::runRouteWithinStack():821}(Object(Illuminate/Http/Request))
#21 C:/CooperativeTraining/vendor/laravel/framework/src/Illuminate/Auth/Middleware/RedirectIfAuthenticated.php(47): Illuminate/Pipeline/Pipeline->{closure:Illuminate/Pipeline/Pipeline::prepareDestination():178}(Object(Illuminate/Http/Request))
#22 C:/CooperativeTraining/vendor/laravel/framework/src/Illuminate/Pipeline/Pipeline.php(219): Illuminate/Auth/Middleware/RedirectIfAuthenticated->handle(Object(Illuminate/Http/Request), Object(Closure), 'web')
#23 C:/CooperativeTraining/vendor/laravel/framework/src/Illuminate/Routing/Middleware/SubstituteBindings.php(52): Illuminate/Pipeline/Pipeline->{closure:{closure:Illuminate/Pipeline/Pipeline::carry():194}:195}(Object(Illuminate/Http/Request))
#24 C:/CooperativeTraining/vendor/laravel/framework/src/Illuminate/Pipeline/Pipeline.php(219): Illuminate/Routing/Middleware/SubstituteBindings->handle(Object(Illuminate/Http/Request), Object(Closure))
#25 C:/CooperativeTraining/vendor/laravel/framework/src/Illuminate/Routing/Middleware/ThrottleRequests.php(168): Illuminate/Pipeline/Pipeline->{closure:{closure:Illuminate/Pipeline/Pipeline::carry():194}:195}(Object(Illuminate/Http/Request))
#26 C:/CooperativeTraining/vendor/laravel/framework/src/Illuminate/Routing/Middleware/ThrottleRequests.php(129): Illuminate/Routing/Middleware/ThrottleRequests->handleRequest(Object(Illuminate/Http/Request), Object(Closure), Array)
#27 C:/CooperativeTraining/vendor/laravel/framework/src/Illuminate/Routing/Middleware/ThrottleRequests.php(90): Illuminate/Routing/Middleware/ThrottleRequests->handleRequestUsingNamedLimiter(Object(Illuminate/Http/Request), Object(Closure), 'login', Object(Closure))
#28 C:/CooperativeTraining/vendor/laravel/framework/src/Illuminate/Pipeline/Pipeline.php(219): Illuminate/Routing/Middleware/ThrottleRequests->handle(Object(Illuminate/Http/Request), Object(Closure), 'login')
#29 C:/CooperativeTraining/vendor/laravel/framework/src/Illuminate/Foundation/Http/Middleware/PreventRequestForgery.php(104): Illuminate/Pipeline/Pipeline->{closure:{closure:Illuminate/Pipeline/Pipeline::carry():194}:195}(Object(Illuminate/Http/Request))
#30 C:/CooperativeTraining/vendor/laravel/framework/src/Illuminate/Pipeline/Pipeline.php(219): Illuminate/Foundation/Http/Middleware/PreventRequestForgery->handle(Object(Illuminate/Http/Request), Object(Closure))
#31 C:/CooperativeTraining/vendor/laravel/framework/src/Illuminate/View/Middleware/ShareErrorsFromSession.php(48): Illuminate/Pipeline/Pipeline->{closure:{closure:Illuminate/Pipeline/Pipeline::carry():194}:195}(Object(Illuminate/Http/Request))
#32 C:/CooperativeTraining/vendor/laravel/framework/src/Illuminate/Pipeline/Pipeline.php(219): Illuminate/View/Middleware/ShareErrorsFromSession->handle(Object(Illuminate/Http/Request), Object(Closure))
#33 C:/CooperativeTraining/vendor/laravel/framework/src/Illuminate/Session/Middleware/StartSession.php(120): Illuminate/Pipeline/Pipeline->{closure:{closure:Illuminate/Pipeline/Pipeline::carry():194}:195}(Object(Illuminate/Http/Request))
#34 C:/CooperativeTraining/vendor/laravel/framework/src/Illuminate/Session/Middleware/StartSession.php(63): Illuminate/Session/Middleware/StartSession->handleStatefulRequest(Object(Illuminate/Http/Request), Object(Illuminate/Session/Store), Object(Closure))
#35 C:/CooperativeTraining/vendor/laravel/framework/src/Illuminate/Pipeline/Pipeline.php(219): Illuminate/Session/Middleware/StartSession->handle(Object(Illuminate/Http/Request), Object(Closure))
#36 C:/CooperativeTraining/vendor/laravel/framework/src/Illuminate/Cookie/Middleware/AddQueuedCookiesToResponse.php(36): Illuminate/Pipeline/Pipeline->{closure:{closure:Illuminate/Pipeline/Pipeline::carry():194}:195}(Object(Illuminate/Http/Request))
#37 C:/CooperativeTraining/vendor/laravel/framework/src/Illuminate/Pipeline/Pipeline.php(219): Illuminate/Cookie/Middleware/AddQueuedCookiesToResponse->handle(Object(Illuminate/Http/Request), Object(Closure))
#38 C:/CooperativeTraining/vendor/laravel/framework/src/Illuminate/Cookie/Middleware/EncryptCookies.php(74): Illuminate/Pipeline/Pipeline->{closure:{closure:Illuminate/Pipeline/Pipeline::carry():194}:195}(Object(Illuminate/Http/Request))
#39 C:/CooperativeTraining/vendor/laravel/framework/src/Illuminate/Pipeline/Pipeline.php(219): Illuminate/Cookie/Middleware/EncryptCookies->handle(Object(Illuminate/Http/Request), Object(Closure))
#40 C:/CooperativeTraining/vendor/laravel/framework/src/Illuminate/Pipeline/Pipeline.php(137): Illuminate/Pipeline/Pipeline->{closure:{closure:Illuminate/Pipeline/Pipeline::carry():194}:195}(Object(Illuminate/Http/Request))
#41 C:/CooperativeTraining/vendor/laravel/framework/src/Illuminate/Routing/Router.php(821): Illuminate/Pipeline/Pipeline->then(Object(Closure))
#42 C:/CooperativeTraining/vendor/laravel/framework/src/Illuminate/Routing/Router.php(800): Illuminate/Routing/Router->runRouteWithinStack(Object(Illuminate/Routing/Route), Object(Illuminate/Http/Request))
#43 C:/CooperativeTraining/vendor/laravel/framework/src/Illuminate/Routing/Router.php(764): Illuminate/Routing/Router->runRoute(Object(Illuminate/Http/Request), Object(Illuminate/Routing/Route))
#44 C:/CooperativeTraining/vendor/laravel/framework/src/Illuminate/Routing/Router.php(753): Illuminate/Routing/Router->dispatchToRoute(Object(Illuminate/Http/Request))
#45 C:/CooperativeTraining/vendor/laravel/framework/src/Illuminate/Foundation/Http/Kernel.php(200): Illuminate/Routing/Router->dispatch(Object(Illuminate/Http/Request))
#46 C:/CooperativeTraining/vendor/laravel/framework/src/Illuminate/Pipeline/Pipeline.php(180): Illuminate/Foundation/Http/Kernel->{closure:Illuminate/Foundation/Http/Kernel::dispatchToRouter():197}(Object(Illuminate/Http/Request))
#47 C:/CooperativeTraining/vendor/livewire/livewire/src/Features/SupportDisablingBackButtonCache/DisableBackButtonCacheMiddleware.php(19): Illuminate/Pipeline/Pipeline->{closure:Illuminate/Pipeline/Pipeline::prepareDestination():178}(Object(Illuminate/Http/Request))
#48 C:/CooperativeTraining/vendor/laravel/framework/src/Illuminate/Pipeline/Pipeline.php(219): Livewire/Features/SupportDisablingBackButtonCache/DisableBackButtonCacheMiddleware->handle(Object(Illuminate/Http/Request), Object(Closure))
#49 C:/CooperativeTraining/vendor/laravel/framework/src/Illuminate/Foundation/Http/Middleware/TransformsRequest.php(21): Illuminate/Pipeline/Pipeline->{closure:{closure:Illuminate/Pipeline/Pipeline::carry():194}:195}(Object(Illuminate/Http/Request))
#50 C:/CooperativeTraining/vendor/laravel/framework/src/Illuminate/Foundation/Http/Middleware/ConvertEmptyStringsToNull.php(31): Illuminate/Foundation/Http/Middleware/TransformsRequest->handle(Object(Illuminate/Http/Request), Object(Closure))
#51 C:/CooperativeTraining/vendor/laravel/framework/src/Illuminate/Pipeline/Pipeline.php(219): Illuminate/Foundation/Http/Middleware/ConvertEmptyStringsToNull->handle(Object(Illuminate/Http/Request), Object(Closure))
#52 C:/CooperativeTraining/vendor/laravel/framework/src/Illuminate/Foundation/Http/Middleware/TransformsRequest.php(21): Illuminate/Pipeline/Pipeline->{closure:{closure:Illuminate/Pipeline/Pipeline::carry():194}:195}(Object(Illuminate/Http/Request))
#53 C:/CooperativeTraining/vendor/laravel/framework/src/Illuminate/Foundation/Http/Middleware/TrimStrings.php(51): Illuminate/Foundation/Http/Middleware/TransformsRequest->handle(Object(Illuminate/Http/Request), Object(Closure))
#54 C:/CooperativeTraining/vendor/laravel/framework/src/Illuminate/Pipeline/Pipeline.php(219): Illuminate/Foundation/Http/Middleware/TrimStrings->handle(Object(Illuminate/Http/Request), Object(Closure))
#55 C:/CooperativeTraining/vendor/laravel/framework/src/Illuminate/Http/Middleware/ValidatePostSize.php(27): Illuminate/Pipeline/Pipeline->{closure:{closure:Illuminate/Pipeline/Pipeline::carry():194}:195}(Object(Illuminate/Http/Request))
#56 C:/CooperativeTraining/vendor/laravel/framework/src/Illuminate/Pipeline/Pipeline.php(219): Illuminate/Http/Middleware/ValidatePostSize->handle(Object(Illuminate/Http/Request), Object(Closure))
#57 C:/CooperativeTraining/vendor/laravel/framework/src/Illuminate/Foundation/Http/Middleware/PreventRequestsDuringMaintenance.php(110): Illuminate/Pipeline/Pipeline->{closure:{closure:Illuminate/Pipeline/Pipeline::carry():194}:195}(Object(Illuminate/Http/Request))
#58 C:/CooperativeTraining/vendor/laravel/framework/src/Illuminate/Pipeline/Pipeline.php(219): Illuminate/Foundation/Http/Middleware/PreventRequestsDuringMaintenance->handle(Object(Illuminate/Http/Request), Object(Closure))
#59 C:/CooperativeTraining/vendor/laravel/framework/src/Illuminate/Http/Middleware/HandleCors.php(61): Illuminate/Pipeline/Pipeline->{closure:{closure:Illuminate/Pipeline/Pipeline::carry():194}:195}(Object(Illuminate/Http/Request))
#60 C:/CooperativeTraining/vendor/laravel/framework/src/Illuminate/Pipeline/Pipeline.php(219): Illuminate/Http/Middleware/HandleCors->handle(Object(Illuminate/Http/Request), Object(Closure))
#61 C:/CooperativeTraining/vendor/laravel/framework/src/Illuminate/Http/Middleware/TrustProxies.php(58): Illuminate/Pipeline/Pipeline->{closure:{closure:Illuminate/Pipeline/Pipeline::carry():194}:195}(Object(Illuminate/Http/Request))
#62 C:/CooperativeTraining/vendor/laravel/framework/src/Illuminate/Pipeline/Pipeline.php(219): Illuminate/Http/Middleware/TrustProxies->handle(Object(Illuminate/Http/Request), Object(Closure))
#63 C:/CooperativeTraining/vendor/laravel/framework/src/Illuminate/Foundation/Http/Middleware/InvokeDeferredCallbacks.php(22): Illuminate/Pipeline/Pipeline->{closure:{closure:Illuminate/Pipeline/Pipeline::carry():194}:195}(Object(Illuminate/Http/Request))
#64 C:/CooperativeTraining/vendor/laravel/framework/src/Illuminate/Pipeline/Pipeline.php(219): Illuminate/Foundation/Http/Middleware/InvokeDeferredCallbacks->handle(Object(Illuminate/Http/Request), Object(Closure))
#65 C:/CooperativeTraining/vendor/laravel/framework/src/Illuminate/Http/Middleware/ValidatePathEncoding.php(28): Illuminate/Pipeline/Pipeline->{closure:{closure:Illuminate/Pipeline/Pipeline::carry():194}:195}(Object(Illuminate/Http/Request))
#66 C:/CooperativeTraining/vendor/laravel/framework/src/Illuminate/Pipeline/Pipeline.php(219): Illuminate/Http/Middleware/ValidatePathEncoding->handle(Object(Illuminate/Http/Request), Object(Closure))
#67 C:/CooperativeTraining/vendor/laravel/framework/src/Illuminate/Pipeline/Pipeline.php(137): Illuminate/Pipeline/Pipeline->{closure:{closure:Illuminate/Pipeline/Pipeline::carry():194}:195}(Object(Illuminate/Http/Request))
#68 C:/CooperativeTraining/vendor/laravel/framework/src/Illuminate/Foundation/Http/Kernel.php(175): Illuminate/Pipeline/Pipeline->then(Object(Closure))
#69 C:/CooperativeTraining/vendor/laravel/framework/src/Illuminate/Foundation/Http/Kernel.php(144): Illuminate/Foundation/Http/Kernel->sendRequestThroughRouter(Object(Illuminate/Http/Request))
#70 C:/CooperativeTraining/vendor/laravel/framework/src/Illuminate/Foundation/Application.php(1227): Illuminate/Foundation/Http/Kernel->handle(Object(Illuminate/Http/Request))
#71 C:/CooperativeTraining/public/index.php(20): Illuminate/Foundation/Application->handleRequest(Object(Illuminate/Http/Request))
#72 C:/CooperativeTraining/vendor/laravel/framework/src/Illuminate/Foundation/resources/server.php(23): require_once('C://CooperativeT...')
#73 {main}

[previous exception] [object] (Illuminate\\Database\\SQLiteDatabaseDoesNotExistException(code: 0): Database file at path [C:\\CooperativeTraining\\database\\database.sqlite] does not exist. Ensure this is an absolute path to the database. at C:/CooperativeTraining/vendor/laravel/framework/src/Illuminate/Database/Connectors/SQLiteConnector.php:61)
[stacktrace]
#0 C:/CooperativeTraining/vendor/laravel/framework/src/Illuminate/Database/Connectors/SQLiteConnector.php(19): Illuminate/Database/Connectors/SQLiteConnector->parseDatabasePath(false)
#1 C:/CooperativeTraining/vendor/laravel/framework/src/Illuminate/Database/Connectors/ConnectionFactory.php(259): Illuminate/Database/Connectors/SQLiteConnector->connect(Array)
#2 [internal function]: Illuminate/Database/Connectors/ConnectionFactory->{closure:Illuminate/Database/Connectors/ConnectionFactory::createPdoResolverWithoutHosts():259}()
#3 C:/CooperativeTraining/vendor/laravel/framework/src/Illuminate/Database/Connection.php(1298): call_user_func(Object(Closure))
#4 C:/CooperativeTraining/vendor/laravel/framework/src/Illuminate/Database/Connection.php(1336): Illuminate/Database/Connection->getPdo()
#5 C:/CooperativeTraining/vendor/laravel/framework/src/Illuminate/Database/Connection.php(542): Illuminate/Database/Connection->getReadPdo()
#6 C:/CooperativeTraining/vendor/laravel/framework/src/Illuminate/Database/Connection.php(435): Illuminate/Database/Connection->getPdoForSelect(true)
#7 C:/CooperativeTraining/vendor/laravel/framework/src/Illuminate/Database/Connection.php(846): Illuminate/Database/Connection->{closure:Illuminate/Database/Connection::select():426}('select * from \"...', Array)
#8 C:/CooperativeTraining/vendor/laravel/framework/src/Illuminate/Database/Connection.php(813): Illuminate/Database/Connection->runQueryCallback('select * from \"...', Array, Object(Closure))
#9 C:/CooperativeTraining/vendor/laravel/framework/src/Illuminate/Database/Connection.php(426): Illuminate/Database/Connection->run('select * from \"...', Array, Object(Closure))
#10 C:/CooperativeTraining/vendor/laravel/framework/src/Illuminate/Database/Query/Builder.php(3629): Illuminate/Database/Connection->select('select * from \"...', Array, true, Array)
#11 C:/CooperativeTraining/vendor/laravel/framework/src/Illuminate/Database/Query/Builder.php(3613): Illuminate/Database/Query/Builder->runSelect()
#12 C:/CooperativeTraining/vendor/laravel/framework/src/Illuminate/Database/Eloquent/Builder.php(931): Illuminate/Database/Query/Builder->get(Array)
#13 C:/CooperativeTraining/vendor/laravel/framework/src/Illuminate/Database/Eloquent/Builder.php(913): Illuminate/Database/Eloquent/Builder->getModels(Array)
#14 C:/CooperativeTraining/vendor/laravel/framework/src/Illuminate/Database/Concerns/BuildsQueries.php(366): Illuminate/Database/Eloquent/Builder->get(Array)
#15 C:/CooperativeTraining/vendor/laravel/framework/src/Illuminate/Auth/EloquentUserProvider.php(138): Illuminate/Database/Eloquent/Builder->first()
#16 C:/CooperativeTraining/vendor/laravel/fortify/src/Actions/RedirectIfTwoFactorAuthenticatable.php(92): Illuminate/Auth/EloquentUserProvider->retrieveByCredentials(Object(SensitiveParameterValue))
#17 C:/CooperativeTraining/vendor/laravel/fortify/src/Actions/RedirectIfTwoFactorAuthenticatable.php(52): Laravel/Fortify/Actions/RedirectIfTwoFactorAuthenticatable->validateCredentials(Object(Laravel/Fortify/Http/Requests/LoginRequest))
#18 C:/CooperativeTraining/vendor/laravel/framework/src/Illuminate/Pipeline/Pipeline.php(219): Laravel/Fortify/Actions/RedirectIfTwoFactorAuthenticatable->handle(Object(Laravel/Fortify/Http/Requests/LoginRequest), Object(Closure))
#19 C:/CooperativeTraining/vendor/laravel/fortify/src/Actions/CanonicalizeUsername.php(25): Illuminate/Pipeline/Pipeline->{closure:{closure:Illuminate/Pipeline/Pipeline::carry():194}:195}(Object(Laravel/Fortify/Http/Requests/LoginRequest))
#20 C:/CooperativeTraining/vendor/laravel/framework/src/Illuminate/Pipeline/Pipeline.php(219): Laravel/Fortify/Actions/CanonicalizeUsername->handle(Object(Laravel/Fortify/Http/Requests/LoginRequest), Object(Closure))
#21 C:/CooperativeTraining/vendor/laravel/framework/src/Illuminate/Pipeline/Pipeline.php(137): Illuminate/Pipeline/Pipeline->{closure:{closure:Illuminate/Pipeline/Pipeline::carry():194}:195}(Object(Laravel/Fortify/Http/Requests/LoginRequest))
#22 C:/CooperativeTraining/vendor/laravel/fortify/src/Http/Controllers/AuthenticatedSessionController.php(60): Illuminate/Pipeline/Pipeline->then(Object(Closure))
#23 C:/CooperativeTraining/vendor/laravel/framework/src/Illuminate/Routing/Controller.php(54): Laravel/Fortify/Http/Controllers/AuthenticatedSessionController->store(Object(Laravel/Fortify/Http/Requests/LoginRequest))
#24 C:/CooperativeTraining/vendor/laravel/framework/src/Illuminate/Routing/ControllerDispatcher.php(43): Illuminate/Routing/Controller->callAction('store', Array)
#25 C:/CooperativeTraining/vendor/laravel/framework/src/Illuminate/Routing/Route.php(276): Illuminate/Routing/ControllerDispatcher->dispatch(Object(Illuminate/Routing/Route), Object(Laravel/Fortify/Http/Controllers/AuthenticatedSessionController), 'store')
#26 C:/CooperativeTraining/vendor/laravel/framework/src/Illuminate/Routing/Route.php(216): Illuminate/Routing/Route->runController()
#27 C:/CooperativeTraining/vendor/laravel/framework/src/Illuminate/Routing/Router.php(822): Illuminate/Routing/Route->run()
#28 C:/CooperativeTraining/vendor/laravel/framework/src/Illuminate/Pipeline/Pipeline.php(180): Illuminate/Routing/Router->{closure:Illuminate/Routing/Router::runRouteWithinStack():821}(Object(Illuminate/Http/Request))
#29 C:/CooperativeTraining/vendor/laravel/framework/src/Illuminate/Auth/Middleware/RedirectIfAuthenticated.php(47): Illuminate/Pipeline/Pipeline->{closure:Illuminate/Pipeline/Pipeline::prepareDestination():178}(Object(Illuminate/Http/Request))
#30 C:/CooperativeTraining/vendor/laravel/framework/src/Illuminate/Pipeline/Pipeline.php(219): Illuminate/Auth/Middleware/RedirectIfAuthenticated->handle(Object(Illuminate/Http/Request), Object(Closure), 'web')
#31 C:/CooperativeTraining/vendor/laravel/framework/src/Illuminate/Routing/Middleware/SubstituteBindings.php(52): Illuminate/Pipeline/Pipeline->{closure:{closure:Illuminate/Pipeline/Pipeline::carry():194}:195}(Object(Illuminate/Http/Request))
#32 C:/CooperativeTraining/vendor/laravel/framework/src/Illuminate/Pipeline/Pipeline.php(219): Illuminate/Routing/Middleware/SubstituteBindings->handle(Object(Illuminate/Http/Request), Object(Closure))
#33 C:/CooperativeTraining/vendor/laravel/framework/src/Illuminate/Routing/Middleware/ThrottleRequests.php(168): Illuminate/Pipeline/Pipeline->{closure:{closure:Illuminate/Pipeline/Pipeline::carry():194}:195}(Object(Illuminate/Http/Request))
#34 C:/CooperativeTraining/vendor/laravel/framework/src/Illuminate/Routing/Middleware/ThrottleRequests.php(129): Illuminate/Routing/Middleware/ThrottleRequests->handleRequest(Object(Illuminate/Http/Request), Object(Closure), Array)
#35 C:/CooperativeTraining/vendor/laravel/framework/src/Illuminate/Routing/Middleware/ThrottleRequests.php(90): Illuminate/Routing/Middleware/ThrottleRequests->handleRequestUsingNamedLimiter(Object(Illuminate/Http/Request), Object(Closure), 'login', Object(Closure))
#36 C:/CooperativeTraining/vendor/laravel/framework/src/Illuminate/Pipeline/Pipeline.php(219): Illuminate/Routing/Middleware/ThrottleRequests->handle(Object(Illuminate/Http/Request), Object(Closure), 'login')
#37 C:/CooperativeTraining/vendor/laravel/framework/src/Illuminate/Foundation/Http/Middleware/PreventRequestForgery.php(104): Illuminate/Pipeline/Pipeline->{closure:{closure:Illuminate/Pipeline/Pipeline::carry():194}:195}(Object(Illuminate/Http/Request))
#38 C:/CooperativeTraining/vendor/laravel/framework/src/Illuminate/Pipeline/Pipeline.php(219): Illuminate/Foundation/Http/Middleware/PreventRequestForgery->handle(Object(Illuminate/Http/Request), Object(Closure))
#39 C:/CooperativeTraining/vendor/laravel/framework/src/Illuminate/View/Middleware/ShareErrorsFromSession.php(48): Illuminate/Pipeline/Pipeline->{closure:{closure:Illuminate/Pipeline/Pipeline::carry():194}:195}(Object(Illuminate/Http/Request))
#40 C:/CooperativeTraining/vendor/laravel/framework/src/Illuminate/Pipeline/Pipeline.php(219): Illuminate/View/Middleware/ShareErrorsFromSession->handle(Object(Illuminate/Http/Request), Object(Closure))
#41 C:/CooperativeTraining/vendor/laravel/framework/src/Illuminate/Session/Middleware/StartSession.php(120): Illuminate/Pipeline/Pipeline->{closure:{closure:Illuminate/Pipeline/Pipeline::carry():194}:195}(Object(Illuminate/Http/Request))
#42 C:/CooperativeTraining/vendor/laravel/framework/src/Illuminate/Session/Middleware/StartSession.php(63): Illuminate/Session/Middleware/StartSession->handleStatefulRequest(Object(Illuminate/Http/Request), Object(Illuminate/Session/Store), Object(Closure))
#43 C:/CooperativeTraining/vendor/laravel/framework/src/Illuminate/Pipeline/Pipeline.php(219): Illuminate/Session/Middleware/StartSession->handle(Object(Illuminate/Http/Request), Object(Closure))
#44 C:/CooperativeTraining/vendor/laravel/framework/src/Illuminate/Cookie/Middleware/AddQueuedCookiesToResponse.php(36): Illuminate/Pipeline/Pipeline->{closure:{closure:Illuminate/Pipeline/Pipeline::carry():194}:195}(Object(Illuminate/Http/Request))
#45 C:/CooperativeTraining/vendor/laravel/framework/src/Illuminate/Pipeline/Pipeline.php(219): Illuminate/Cookie/Middleware/AddQueuedCookiesToResponse->handle(Object(Illuminate/Http/Request), Object(Closure))
#46 C:/CooperativeTraining/vendor/laravel/framework/src/Illuminate/Cookie/Middleware/EncryptCookies.php(74): Illuminate/Pipeline/Pipeline->{closure:{closure:Illuminate/Pipeline/Pipeline::carry():194}:195}(Object(Illuminate/Http/Request))
#47 C:/CooperativeTraining/vendor/laravel/framework/src/Illuminate/Pipeline/Pipeline.php(219): Illuminate/Cookie/Middleware/EncryptCookies->handle(Object(Illuminate/Http/Request), Object(Closure))
#48 C:/CooperativeTraining/vendor/laravel/framework/src/Illuminate/Pipeline/Pipeline.php(137): Illuminate/Pipeline/Pipeline->{closure:{closure:Illuminate/Pipeline/Pipeline::carry():194}:195}(Object(Illuminate/Http/Request))
#49 C:/CooperativeTraining/vendor/laravel/framework/src/Illuminate/Routing/Router.php(821): Illuminate/Pipeline/Pipeline->then(Object(Closure))
#50 C:/CooperativeTraining/vendor/laravel/framework/src/Illuminate/Routing/Router.php(800): Illuminate/Routing/Router->runRouteWithinStack(Object(Illuminate/Routing/Route), Object(Illuminate/Http/Request))
#51 C:/CooperativeTraining/vendor/laravel/framework/src/Illuminate/Routing/Router.php(764): Illuminate/Routing/Router->runRoute(Object(Illuminate/Http/Request), Object(Illuminate/Routing/Route))
#52 C:/CooperativeTraining/vendor/laravel/framework/src/Illuminate/Routing/Router.php(753): Illuminate/Routing/Router->dispatchToRoute(Object(Illuminate/Http/Request))
#53 C:/CooperativeTraining/vendor/laravel/framework/src/Illuminate/Foundation/Http/Kernel.php(200): Illuminate/Routing/Router->dispatch(Object(Illuminate/Http/Request))
#54 C:/CooperativeTraining/vendor/laravel/framework/src/Illuminate/Pipeline/Pipeline.php(180): Illuminate/Foundation/Http/Kernel->{closure:Illuminate/Foundation/Http/Kernel::dispatchToRouter():197}(Object(Illuminate/Http/Request))
#55 C:/CooperativeTraining/vendor/livewire/livewire/src/Features/SupportDisablingBackButtonCache/DisableBackButtonCacheMiddleware.php(19): Illuminate/Pipeline/Pipeline->{closure:Illuminate/Pipeline/Pipeline::prepareDestination():178}(Object(Illuminate/Http/Request))
#56 C:/CooperativeTraining/vendor/laravel/framework/src/Illuminate/Pipeline/Pipeline.php(219): Livewire/Features/SupportDisablingBackButtonCache/DisableBackButtonCacheMiddleware->handle(Object(Illuminate/Http/Request), Object(Closure))
#57 C:/CooperativeTraining/vendor/laravel/framework/src/Illuminate/Foundation/Http/Middleware/TransformsRequest.php(21): Illuminate/Pipeline/Pipeline->{closure:{closure:Illuminate/Pipeline/Pipeline::carry():194}:195}(Object(Illuminate/Http/Request))
#58 C:/CooperativeTraining/vendor/laravel/framework/src/Illuminate/Foundation/Http/Middleware/ConvertEmptyStringsToNull.php(31): Illuminate/Foundation/Http/Middleware/TransformsRequest->handle(Object(Illuminate/Http/Request), Object(Closure))
#59 C:/CooperativeTraining/vendor/laravel/framework/src/Illuminate/Pipeline/Pipeline.php(219): Illuminate/Foundation/Http/Middleware/ConvertEmptyStringsToNull->handle(Object(Illuminate/Http/Request), Object(Closure))
#60 C:/CooperativeTraining/vendor/laravel/framework/src/Illuminate/Foundation/Http/Middleware/TransformsRequest.php(21): Illuminate/Pipeline/Pipeline->{closure:{closure:Illuminate/Pipeline/Pipeline::carry():194}:195}(Object(Illuminate/Http/Request))
#61 C:/CooperativeTraining/vendor/laravel/framework/src/Illuminate/Foundation/Http/Middleware/TrimStrings.php(51): Illuminate/Foundation/Http/Middleware/TransformsRequest->handle(Object(Illuminate/Http/Request), Object(Closure))
#62 C:/CooperativeTraining/vendor/laravel/framework/src/Illuminate/Pipeline/Pipeline.php(219): Illuminate/Foundation/Http/Middleware/TrimStrings->handle(Object(Illuminate/Http/Request), Object(Closure))
#63 C:/CooperativeTraining/vendor/laravel/framework/src/Illuminate/Http/Middleware/ValidatePostSize.php(27): Illuminate/Pipeline/Pipeline->{closure:{closure:Illuminate/Pipeline/Pipeline::carry():194}:195}(Object(Illuminate/Http/Request))
#64 C:/CooperativeTraining/vendor/laravel/framework/src/Illuminate/Pipeline/Pipeline.php(219): Illuminate/Http/Middleware/ValidatePostSize->handle(Object(Illuminate/Http/Request), Object(Closure))
#65 C:/CooperativeTraining/vendor/laravel/framework/src/Illuminate/Foundation/Http/Middleware/PreventRequestsDuringMaintenance.php(110): Illuminate/Pipeline/Pipeline->{closure:{closure:Illuminate/Pipeline/Pipeline::carry():194}:195}(Object(Illuminate/Http/Request))
#66 C:/CooperativeTraining/vendor/laravel/framework/src/Illuminate/Pipeline/Pipeline.php(219): Illuminate/Foundation/Http/Middleware/PreventRequestsDuringMaintenance->handle(Object(Illuminate/Http/Request), Object(Closure))
#67 C:/CooperativeTraining/vendor/laravel/framework/src/Illuminate/Http/Middleware/HandleCors.php(61): Illuminate/Pipeline/Pipeline->{closure:{closure:Illuminate/Pipeline/Pipeline::carry():194}:195}(Object(Illuminate/Http/Request))
#68 C:/CooperativeTraining/vendor/laravel/framework/src/Illuminate/Pipeline/Pipeline.php(219): Illuminate/Http/Middleware/HandleCors->handle(Object(Illuminate/Http/Request), Object(Closure))
#69 C:/CooperativeTraining/vendor/laravel/framework/src/Illuminate/Http/Middleware/TrustProxies.php(58): Illuminate/Pipeline/Pipeline->{closure:{closure:Illuminate/Pipeline/Pipeline::carry():194}:195}(Object(Illuminate/Http/Request))
#70 C:/CooperativeTraining/vendor/laravel/framework/src/Illuminate/Pipeline/Pipeline.php(219): Illuminate/Http/Middleware/TrustProxies->handle(Object(Illuminate/Http/Request), Object(Closure))
#71 C:/CooperativeTraining/vendor/laravel/framework/src/Illuminate/Foundation/Http/Middleware/InvokeDeferredCallbacks.php(22): Illuminate/Pipeline/Pipeline->{closure:{closure:Illuminate/Pipeline/Pipeline::carry():194}:195}(Object(Illuminate/Http/Request))
#72 C:/CooperativeTraining/vendor/laravel/framework/src/Illuminate/Pipeline/Pipeline.php(219): Illuminate/Foundation/Http/Middleware/InvokeDeferredCallbacks->handle(Object(Illuminate/Http/Request), Object(Closure))
#73 C:/CooperativeTraining/vendor/laravel/framework/src/Illuminate/Http/Middleware/ValidatePathEncoding.php(28): Illuminate/Pipeline/Pipeline->{closure:{closure:Illuminate/Pipeline/Pipeline::carry():194}:195}(Object(Illuminate/Http/Request))
#74 C:/CooperativeTraining/vendor/laravel/framework/src/Illuminate/Pipeline/Pipeline.php(219): Illuminate/Http/Middleware/ValidatePathEncoding->handle(Object(Illuminate/Http/Request), Object(Closure))
#75 C:/CooperativeTraining/vendor/laravel/framework/src/Illuminate/Pipeline/Pipeline.php(137): Illuminate/Pipeline/Pipeline->{closure:{closure:Illuminate/Pipeline/Pipeline::carry():194}:195}(Object(Illuminate/Http/Request))
#76 C:/CooperativeTraining/vendor/laravel/framework/src/Illuminate/Foundation/Http/Kernel.php(175): Illuminate/Pipeline/Pipeline->then(Object(Closure))
#77 C:/CooperativeTraining/vendor/laravel/framework/src/Illuminate/Foundation/Http/Kernel.php(144): Illuminate/Foundation/Http/Kernel->sendRequestThroughRouter(Object(Illuminate/Http/Request))
#78 C:/CooperativeTraining/vendor/laravel/framework/src/Illuminate/Foundation/Application.php(1227): Illuminate/Foundation/Http/Kernel->handle(Object(Illuminate/Http/Request))
#79 C:/CooperativeTraining/public/index.php(20): Illuminate/Foundation/Application->handleRequest(Object(Illuminate/Http/Request))
#80 C:/CooperativeTraining/vendor/laravel/framework/src/Illuminate/Foundation/resources/server.php(23): require_once('C://CooperativeT...')
#81 {main}
"} 
[2026-09-17 05:10:34] local.ERROR: Database file at path [C:\CooperativeTraining\database\database.sqlite] does not exist. Ensure this is an absolute path to the database. (Connection: sqlite, Database: C:\CooperativeTraining\database\database.sqlite, SQL: select * from "users" where "email" = aryam6341@gmail.com limit 1) {"exception":"[object] (Illuminate\\Database\\QueryException(code: 0): Database file at path [C:\\CooperativeTraining\\database\\database.sqlite] does not exist. Ensure this is an absolute path to the database. (Connection: sqlite, Database: C:\\CooperativeTraining\\database\\database.sqlite, SQL: select * from \"users\" where \"email\" = aryam6341@gmail.com limit 1) at C:/CooperativeTraining/vendor/laravel/framework/src/Illuminate/Database/Connection.php:857)
[stacktrace]
#0 C:/CooperativeTraining/vendor/laravel/framework/src/Illuminate/Database/Connection.php(813): Illuminate/Database/Connection->runQueryCallback('select * from \"...', Array, Object(Closure))
#1 C:/CooperativeTraining/vendor/laravel/framework/src/Illuminate/Database/Connection.php(426): Illuminate/Database/Connection->run('select * from \"...', Array, Object(Closure))
#2 C:/CooperativeTraining/vendor/laravel/framework/src/Illuminate/Database/Query/Builder.php(3629): Illuminate/Database/Connection->select('select * from \"...', Array, true, Array)
#3 C:/CooperativeTraining/vendor/laravel/framework/src/Illuminate/Database/Query/Builder.php(3613): Illuminate/Database/Query/Builder->runSelect()
#4 C:/CooperativeTraining/vendor/laravel/framework/src/Illuminate/Database/Eloquent/Builder.php(931): Illuminate/Database/Query/Builder->get(Array)
#5 C:/CooperativeTraining/vendor/laravel/framework/src/Illuminate/Database/Eloquent/Builder.php(913): Illuminate/Database/Eloquent/Builder->getModels(Array)
#6 C:/CooperativeTraining/vendor/laravel/framework/src/Illuminate/Database/Concerns/BuildsQueries.php(366): Illuminate/Database/Eloquent/Builder->get(Array)
#7 C:/CooperativeTraining/vendor/laravel/framework/src/Illuminate/Auth/EloquentUserProvider.php(138): Illuminate/Database/Eloquent/Builder->first()
#8 C:/CooperativeTraining/vendor/laravel/fortify/src/Actions/RedirectIfTwoFactorAuthenticatable.php(92): Illuminate/Auth/EloquentUserProvider->retrieveByCredentials(Object(SensitiveParameterValue))
#9 C:/CooperativeTraining/vendor/laravel/fortify/src/Actions/RedirectIfTwoFactorAuthenticatable.php(52): Laravel/Fortify/Actions/RedirectIfTwoFactorAuthenticatable->validateCredentials(Object(Laravel/Fortify/Http/Requests/LoginRequest))
#10 C:/CooperativeTraining/vendor/laravel/framework/src/Illuminate/Pipeline/Pipeline.php(219): Laravel/Fortify/Actions/RedirectIfTwoFactorAuthenticatable->handle(Object(Laravel/Fortify/Http/Requests/LoginRequest), Object(Closure))
#11 C:/CooperativeTraining/vendor/laravel/fortify/src/Actions/CanonicalizeUsername.php(25): Illuminate/Pipeline/Pipeline->{closure:{closure:Illuminate/Pipeline/Pipeline::carry():194}:195}(Object(Laravel/Fortify/Http/Requests/LoginRequest))
#12 C:/CooperativeTraining/vendor/laravel/framework/src/Illuminate/Pipeline/Pipeline.php(219): Laravel/Fortify/Actions/CanonicalizeUsername->handle(Object(Laravel/Fortify/Http/Requests/LoginRequest), Object(Closure))
#13 C:/CooperativeTraining/vendor/laravel/framework/src/Illuminate/Pipeline/Pipeline.php(137): Illuminate/Pipeline/Pipeline->{closure:{closure:Illuminate/Pipeline/Pipeline::carry():194}:195}(Object(Laravel/Fortify/Http/Requests/LoginRequest))
#14 C:/CooperativeTraining/vendor/laravel/fortify/src/Http/Controllers/AuthenticatedSessionController.php(60): Illuminate/Pipeline/Pipeline->then(Object(Closure))
#15 C:/CooperativeTraining/vendor/laravel/framework/src/Illuminate/Routing/Controller.php(54): Laravel/Fortify/Http/Controllers/AuthenticatedSessionController->store(Object(Laravel/Fortify/Http/Requests/LoginRequest))
#16 C:/CooperativeTraining/vendor/laravel/framework/src/Illuminate/Routing/ControllerDispatcher.php(43): Illuminate/Routing/Controller->callAction('store', Array)
#17 C:/CooperativeTraining/vendor/laravel/framework/src/Illuminate/Routing/Route.php(276): Illuminate/Routing/ControllerDispatcher->dispatch(Object(Illuminate/Routing/Route), Object(Laravel/Fortify/Http/Controllers/AuthenticatedSessionController), 'store')
#18 C:/CooperativeTraining/vendor/laravel/framework/src/Illuminate/Routing/Route.php(216): Illuminate/Routing/Route->runController()
#19 C:/CooperativeTraining/vendor/laravel/framework/src/Illuminate/Routing/Router.php(822): Illuminate/Routing/Route->run()
#20 C:/CooperativeTraining/vendor/laravel/framework/src/Illuminate/Pipeline/Pipeline.php(180): Illuminate/Routing/Router->{closure:Illuminate/Routing/Router::runRouteWithinStack():821}(Object(Illuminate/Http/Request))
#21 C:/CooperativeTraining/vendor/laravel/framework/src/Illuminate/Auth/Middleware/RedirectIfAuthenticated.php(47): Illuminate/Pipeline/Pipeline->{closure:Illuminate/Pipeline/Pipeline::prepareDestination():178}(Object(Illuminate/Http/Request))
#22 C:/CooperativeTraining/vendor/laravel/framework/src/Illuminate/Pipeline/Pipeline.php(219): Illuminate/Auth/Middleware/RedirectIfAuthenticated->handle(Object(Illuminate/Http/Request), Object(Closure), 'web')
#23 C:/CooperativeTraining/app/Http/Middleware/SetLocale.php(25): Illuminate/Pipeline/Pipeline->{closure:{closure:Illuminate/Pipeline/Pipeline::carry():194}:195}(Object(Illuminate/Http/Request))
#24 C:/CooperativeTraining/vendor/laravel/framework/src/Illuminate/Pipeline/Pipeline.php(219): App/Http/Middleware/SetLocale->handle(Object(Illuminate/Http/Request), Object(Closure))
#25 C:/CooperativeTraining/vendor/laravel/framework/src/Illuminate/Routing/Middleware/SubstituteBindings.php(52): Illuminate/Pipeline/Pipeline->{closure:{closure:Illuminate/Pipeline/Pipeline::carry():194}:195}(Object(Illuminate/Http/Request))
#26 C:/CooperativeTraining/vendor/laravel/framework/src/Illuminate/Pipeline/Pipeline.php(219): Illuminate/Routing/Middleware/SubstituteBindings->handle(Object(Illuminate/Http/Request), Object(Closure))
#27 C:/CooperativeTraining/vendor/laravel/framework/src/Illuminate/Routing/Middleware/ThrottleRequests.php(168): Illuminate/Pipeline/Pipeline->{closure:{closure:Illuminate/Pipeline/Pipeline::carry():194}:195}(Object(Illuminate/Http/Request))
#28 C:/CooperativeTraining/vendor/laravel/framework/src/Illuminate/Routing/Middleware/ThrottleRequests.php(129): Illuminate/Routing/Middleware/ThrottleRequests->handleRequest(Object(Illuminate/Http/Request), Object(Closure), Array)
#29 C:/CooperativeTraining/vendor/laravel/framework/src/Illuminate/Routing/Middleware/ThrottleRequests.php(90): Illuminate/Routing/Middleware/ThrottleRequests->handleRequestUsingNamedLimiter(Object(Illuminate/Http/Request), Object(Closure), 'login', Object(Closure))
#30 C:/CooperativeTraining/vendor/laravel/framework/src/Illuminate/Pipeline/Pipeline.php(219): Illuminate/Routing/Middleware/ThrottleRequests->handle(Object(Illuminate/Http/Request), Object(Closure), 'login')
#31 C:/CooperativeTraining/vendor/laravel/framework/src/Illuminate/Foundation/Http/Middleware/PreventRequestForgery.php(104): Illuminate/Pipeline/Pipeline->{closure:{closure:Illuminate/Pipeline/Pipeline::carry():194}:195}(Object(Illuminate/Http/Request))
#32 C:/CooperativeTraining/vendor/laravel/framework/src/Illuminate/Pipeline/Pipeline.php(219): Illuminate/Foundation/Http/Middleware/PreventRequestForgery->handle(Object(Illuminate/Http/Request), Object(Closure))
#33 C:/CooperativeTraining/vendor/laravel/framework/src/Illuminate/View/Middleware/ShareErrorsFromSession.php(48): Illuminate/Pipeline/Pipeline->{closure:{closure:Illuminate/Pipeline/Pipeline::carry():194}:195}(Object(Illuminate/Http/Request))
#34 C:/CooperativeTraining/vendor/laravel/framework/src/Illuminate/Pipeline/Pipeline.php(219): Illuminate/View/Middleware/ShareErrorsFromSession->handle(Object(Illuminate/Http/Request), Object(Closure))
#35 C:/CooperativeTraining/vendor/laravel/framework/src/Illuminate/Session/Middleware/StartSession.php(120): Illuminate/Pipeline/Pipeline->{closure:{closure:Illuminate/Pipeline/Pipeline::carry():194}:195}(Object(Illuminate/Http/Request))
#36 C:/CooperativeTraining/vendor/laravel/framework/src/Illuminate/Session/Middleware/StartSession.php(63): Illuminate/Session/Middleware/StartSession->handleStatefulRequest(Object(Illuminate/Http/Request), Object(Illuminate/Session/Store), Object(Closure))
#37 C:/CooperativeTraining/vendor/laravel/framework/src/Illuminate/Pipeline/Pipeline.php(219): Illuminate/Session/Middleware/StartSession->handle(Object(Illuminate/Http/Request), Object(Closure))
#38 C:/CooperativeTraining/vendor/laravel/framework/src/Illuminate/Cookie/Middleware/AddQueuedCookiesToResponse.php(36): Illuminate/Pipeline/Pipeline->{closure:{closure:Illuminate/Pipeline/Pipeline::carry():194}:195}(Object(Illuminate/Http/Request))
#39 C:/CooperativeTraining/vendor/laravel/framework/src/Illuminate/Pipeline/Pipeline.php(219): Illuminate/Cookie/Middleware/AddQueuedCookiesToResponse->handle(Object(Illuminate/Http/Request), Object(Closure))
#40 C:/CooperativeTraining/vendor/laravel/framework/src/Illuminate/Cookie/Middleware/EncryptCookies.php(74): Illuminate/Pipeline/Pipeline->{closure:{closure:Illuminate/Pipeline/Pipeline::carry():194}:195}(Object(Illuminate/Http/Request))
#41 C:/CooperativeTraining/vendor/laravel/framework/src/Illuminate/Pipeline/Pipeline.php(219): Illuminate/Cookie/Middleware/EncryptCookies->handle(Object(Illuminate/Http/Request), Object(Closure))
#42 C:/CooperativeTraining/vendor/laravel/framework/src/Illuminate/Pipeline/Pipeline.php(137): Illuminate/Pipeline/Pipeline->{closure:{closure:Illuminate/Pipeline/Pipeline::carry():194}:195}(Object(Illuminate/Http/Request))
#43 C:/CooperativeTraining/vendor/laravel/framework/src/Illuminate/Routing/Router.php(821): Illuminate/Pipeline/Pipeline->then(Object(Closure))
#44 C:/CooperativeTraining/vendor/laravel/framework/src/Illuminate/Routing/Router.php(800): Illuminate/Routing/Router->runRouteWithinStack(Object(Illuminate/Routing/Route), Object(Illuminate/Http/Request))
#45 C:/CooperativeTraining/vendor/laravel/framework/src/Illuminate/Routing/Router.php(764): Illuminate/Routing/Router->runRoute(Object(Illuminate/Http/Request), Object(Illuminate/Routing/Route))
#46 C:/CooperativeTraining/vendor/laravel/framework/src/Illuminate/Routing/Router.php(753): Illuminate/Routing/Router->dispatchToRoute(Object(Illuminate/Http/Request))
#47 C:/CooperativeTraining/vendor/laravel/framework/src/Illuminate/Foundation/Http/Kernel.php(200): Illuminate/Routing/Router->dispatch(Object(Illuminate/Http/Request))
#48 C:/CooperativeTraining/vendor/laravel/framework/src/Illuminate/Pipeline/Pipeline.php(180): Illuminate/Foundation/Http/Kernel->{closure:Illuminate/Foundation/Http/Kernel::dispatchToRouter():197}(Object(Illuminate/Http/Request))
#49 C:/CooperativeTraining/vendor/livewire/livewire/src/Features/SupportDisablingBackButtonCache/DisableBackButtonCacheMiddleware.php(19): Illuminate/Pipeline/Pipeline->{closure:Illuminate/Pipeline/Pipeline::prepareDestination():178}(Object(Illuminate/Http/Request))
#50 C:/CooperativeTraining/vendor/laravel/framework/src/Illuminate/Pipeline/Pipeline.php(219): Livewire/Features/SupportDisablingBackButtonCache/DisableBackButtonCacheMiddleware->handle(Object(Illuminate/Http/Request), Object(Closure))
#51 C:/CooperativeTraining/vendor/laravel/framework/src/Illuminate/Foundation/Http/Middleware/TransformsRequest.php(21): Illuminate/Pipeline/Pipeline->{closure:{closure:Illuminate/Pipeline/Pipeline::carry():194}:195}(Object(Illuminate/Http/Request))
#52 C:/CooperativeTraining/vendor/laravel/framework/src/Illuminate/Foundation/Http/Middleware/ConvertEmptyStringsToNull.php(31): Illuminate/Foundation/Http/Middleware/TransformsRequest->handle(Object(Illuminate/Http/Request), Object(Closure))
#53 C:/CooperativeTraining/vendor/laravel/framework/src/Illuminate/Pipeline/Pipeline.php(219): Illuminate/Foundation/Http/Middleware/ConvertEmptyStringsToNull->handle(Object(Illuminate/Http/Request), Object(Closure))
#54 C:/CooperativeTraining/vendor/laravel/framework/src/Illuminate/Foundation/Http/Middleware/TransformsRequest.php(21): Illuminate/Pipeline/Pipeline->{closure:{closure:Illuminate/Pipeline/Pipeline::carry():194}:195}(Object(Illuminate/Http/Request))
#55 C:/CooperativeTraining/vendor/laravel/framework/src/Illuminate/Foundation/Http/Middleware/TrimStrings.php(51): Illuminate/Foundation/Http/Middleware/TransformsRequest->handle(Object(Illuminate/Http/Request), Object(Closure))
#56 C:/CooperativeTraining/vendor/laravel/framework/src/Illuminate/Pipeline/Pipeline.php(219): Illuminate/Foundation/Http/Middleware/TrimStrings->handle(Object(Illuminate/Http/Request), Object(Closure))
#57 C:/CooperativeTraining/vendor/laravel/framework/src/Illuminate/Http/Middleware/ValidatePostSize.php(27): Illuminate/Pipeline/Pipeline->{closure:{closure:Illuminate/Pipeline/Pipeline::carry():194}:195}(Object(Illuminate/Http/Request))
#58 C:/CooperativeTraining/vendor/laravel/framework/src/Illuminate/Pipeline/Pipeline.php(219): Illuminate/Http/Middleware/ValidatePostSize->handle(Object(Illuminate/Http/Request), Object(Closure))
#59 C:/CooperativeTraining/vendor/laravel/framework/src/Illuminate/Foundation/Http/Middleware/PreventRequestsDuringMaintenance.php(110): Illuminate/Pipeline/Pipeline->{closure:{closure:Illuminate/Pipeline/Pipeline::carry():194}:195}(Object(Illuminate/Http/Request))
#60 C:/CooperativeTraining/vendor/laravel/framework/src/Illuminate/Pipeline/Pipeline.php(219): Illuminate/Foundation/Http/Middleware/PreventRequestsDuringMaintenance->handle(Object(Illuminate/Http/Request), Object(Closure))
#61 C:/CooperativeTraining/vendor/laravel/framework/src/Illuminate/Http/Middleware/HandleCors.php(61): Illuminate/Pipeline/Pipeline->{closure:{closure:Illuminate/Pipeline/Pipeline::carry():194}:195}(Object(Illuminate/Http/Request))
#62 C:/CooperativeTraining/vendor/laravel/framework/src/Illuminate/Pipeline/Pipeline.php(219): Illuminate/Http/Middleware/HandleCors->handle(Object(Illuminate/Http/Request), Object(Closure))
#63 C:/CooperativeTraining/vendor/laravel/framework/src/Illuminate/Http/Middleware/TrustProxies.php(58): Illuminate/Pipeline/Pipeline->{closure:{closure:Illuminate/Pipeline/Pipeline::carry():194}:195}(Object(Illuminate/Http/Request))
#64 C:/CooperativeTraining/vendor/laravel/framework/src/Illuminate/Pipeline/Pipeline.php(219): Illuminate/Http/Middleware/TrustProxies->handle(Object(Illuminate/Http/Request), Object(Closure))
#65 C:/CooperativeTraining/vendor/laravel/framework/src/Illuminate/Foundation/Http/Middleware/InvokeDeferredCallbacks.php(22): Illuminate/Pipeline/Pipeline->{closure:{closure:Illuminate/Pipeline/Pipeline::carry():194}:195}(Object(Illuminate/Http/Request))
#66 C:/CooperativeTraining/vendor/laravel/framework/src/Illuminate/Pipeline/Pipeline.php(219): Illuminate/Foundation/Http/Middleware/InvokeDeferredCallbacks->handle(Object(Illuminate/Http/Request), Object(Closure))
#67 C:/CooperativeTraining/vendor/laravel/framework/src/Illuminate/Http/Middleware/ValidatePathEncoding.php(28): Illuminate/Pipeline/Pipeline->{closure:{closure:Illuminate/Pipeline/Pipeline::carry():194}:195}(Object(Illuminate/Http/Request))
#68 C:/CooperativeTraining/vendor/laravel/framework/src/Illuminate/Pipeline/Pipeline.php(219): Illuminate/Http/Middleware/ValidatePathEncoding->handle(Object(Illuminate/Http/Request), Object(Closure))
#69 C:/CooperativeTraining/vendor/laravel/framework/src/Illuminate/Pipeline/Pipeline.php(137): Illuminate/Pipeline/Pipeline->{closure:{closure:Illuminate/Pipeline/Pipeline::carry():194}:195}(Object(Illuminate/Http/Request))
#70 C:/CooperativeTraining/vendor/laravel/framework/src/Illuminate/Foundation/Http/Kernel.php(175): Illuminate/Pipeline/Pipeline->then(Object(Closure))
#71 C:/CooperativeTraining/vendor/laravel/framework/src/Illuminate/Foundation/Http/Kernel.php(144): Illuminate/Foundation/Http/Kernel->sendRequestThroughRouter(Object(Illuminate/Http/Request))
#72 C:/CooperativeTraining/vendor/laravel/framework/src/Illuminate/Foundation/Application.php(1227): Illuminate/Foundation/Http/Kernel->handle(Object(Illuminate/Http/Request))
#73 C:/CooperativeTraining/public/index.php(20): Illuminate/Foundation/Application->handleRequest(Object(Illuminate/Http/Request))
#74 C:/CooperativeTraining/vendor/laravel/framework/src/Illuminate/Foundation/resources/server.php(23): require_once('C://CooperativeT...')
#75 {main}

[previous exception] [object] (Illuminate\\Database\\SQLiteDatabaseDoesNotExistException(code: 0): Database file at path [C:\\CooperativeTraining\\database\\database.sqlite] does not exist. Ensure this is an absolute path to the database. at C:/CooperativeTraining/vendor/laravel/framework/src/Illuminate/Database/Connectors/SQLiteConnector.php:61)
[stacktrace]
#0 C:/CooperativeTraining/vendor/laravel/framework/src/Illuminate/Database/Connectors/SQLiteConnector.php(19): Illuminate/Database/Connectors/SQLiteConnector->parseDatabasePath(false)
#1 C:/CooperativeTraining/vendor/laravel/framework/src/Illuminate/Database/Connectors/ConnectionFactory.php(259): Illuminate/Database/Connectors/SQLiteConnector->connect(Array)
#2 [internal function]: Illuminate/Database/Connectors/ConnectionFactory->{closure:Illuminate/Database/Connectors/ConnectionFactory::createPdoResolverWithoutHosts():259}()
#3 C:/CooperativeTraining/vendor/laravel/framework/src/Illuminate/Database/Connection.php(1298): call_user_func(Object(Closure))
#4 C:/CooperativeTraining/vendor/laravel/framework/src/Illuminate/Database/Connection.php(1336): Illuminate/Database/Connection->getPdo()
#5 C:/CooperativeTraining/vendor/laravel/framework/src/Illuminate/Database/Connection.php(542): Illuminate/Database/Connection->getReadPdo()
#6 C:/CooperativeTraining/vendor/laravel/framework/src/Illuminate/Database/Connection.php(435): Illuminate/Database/Connection->getPdoForSelect(true)
#7 C:/CooperativeTraining/vendor/laravel/framework/src/Illuminate/Database/Connection.php(846): Illuminate/Database/Connection->{closure:Illuminate/Database/Connection::select():426}('select * from \"...', Array)
#8 C:/CooperativeTraining/vendor/laravel/framework/src/Illuminate/Database/Connection.php(813): Illuminate/Database/Connection->runQueryCallback('select * from \"...', Array, Object(Closure))
#9 C:/CooperativeTraining/vendor/laravel/framework/src/Illuminate/Database/Connection.php(426): Illuminate/Database/Connection->run('select * from \"...', Array, Object(Closure))
#10 C:/CooperativeTraining/vendor/laravel/framework/src/Illuminate/Database/Query/Builder.php(3629): Illuminate/Database/Connection->select('select * from \"...', Array, true, Array)
#11 C:/CooperativeTraining/vendor/laravel/framework/src/Illuminate/Database/Query/Builder.php(3613): Illuminate/Database/Query/Builder->runSelect()
#12 C:/CooperativeTraining/vendor/laravel/framework/src/Illuminate/Database/Eloquent/Builder.php(931): Illuminate/Database/Query/Builder->get(Array)
#13 C:/CooperativeTraining/vendor/laravel/framework/src/Illuminate/Database/Eloquent/Builder.php(913): Illuminate/Database/Eloquent/Builder->getModels(Array)
#14 C:/CooperativeTraining/vendor/laravel/framework/src/Illuminate/Database/Concerns/BuildsQueries.php(366): Illuminate/Database/Eloquent/Builder->get(Array)
#15 C:/CooperativeTraining/vendor/laravel/framework/src/Illuminate/Auth/EloquentUserProvider.php(138): Illuminate/Database/Eloquent/Builder->first()
#16 C:/CooperativeTraining/vendor/laravel/fortify/src/Actions/RedirectIfTwoFactorAuthenticatable.php(92): Illuminate/Auth/EloquentUserProvider->retrieveByCredentials(Object(SensitiveParameterValue))
#17 C:/CooperativeTraining/vendor/laravel/fortify/src/Actions/RedirectIfTwoFactorAuthenticatable.php(52): Laravel/Fortify/Actions/RedirectIfTwoFactorAuthenticatable->validateCredentials(Object(Laravel/Fortify/Http/Requests/LoginRequest))
#18 C:/CooperativeTraining/vendor/laravel/framework/src/Illuminate/Pipeline/Pipeline.php(219): Laravel/Fortify/Actions/RedirectIfTwoFactorAuthenticatable->handle(Object(Laravel/Fortify/Http/Requests/LoginRequest), Object(Closure))
#19 C:/CooperativeTraining/vendor/laravel/fortify/src/Actions/CanonicalizeUsername.php(25): Illuminate/Pipeline/Pipeline->{closure:{closure:Illuminate/Pipeline/Pipeline::carry():194}:195}(Object(Laravel/Fortify/Http/Requests/LoginRequest))
#20 C:/CooperativeTraining/vendor/laravel/framework/src/Illuminate/Pipeline/Pipeline.php(219): Laravel/Fortify/Actions/CanonicalizeUsername->handle(Object(Laravel/Fortify/Http/Requests/LoginRequest), Object(Closure))
#21 C:/CooperativeTraining/vendor/laravel/framework/src/Illuminate/Pipeline/Pipeline.php(137): Illuminate/Pipeline/Pipeline->{closure:{closure:Illuminate/Pipeline/Pipeline::carry():194}:195}(Object(Laravel/Fortify/Http/Requests/LoginRequest))
#22 C:/CooperativeTraining/vendor/laravel/fortify/src/Http/Controllers/AuthenticatedSessionController.php(60): Illuminate/Pipeline/Pipeline->then(Object(Closure))
#23 C:/CooperativeTraining/vendor/laravel/framework/src/Illuminate/Routing/Controller.php(54): Laravel/Fortify/Http/Controllers/AuthenticatedSessionController->store(Object(Laravel/Fortify/Http/Requests/LoginRequest))
#24 C:/CooperativeTraining/vendor/laravel/framework/src/Illuminate/Routing/ControllerDispatcher.php(43): Illuminate/Routing/Controller->callAction('store', Array)
#25 C:/CooperativeTraining/vendor/laravel/framework/src/Illuminate/Routing/Route.php(276): Illuminate/Routing/ControllerDispatcher->dispatch(Object(Illuminate/Routing/Route), Object(Laravel/Fortify/Http/Controllers/AuthenticatedSessionController), 'store')
#26 C:/CooperativeTraining/vendor/laravel/framework/src/Illuminate/Routing/Route.php(216): Illuminate/Routing/Route->runController()
#27 C:/CooperativeTraining/vendor/laravel/framework/src/Illuminate/Routing/Router.php(822): Illuminate/Routing/Route->run()
#28 C:/CooperativeTraining/vendor/laravel/framework/src/Illuminate/Pipeline/Pipeline.php(180): Illuminate/Routing/Router->{closure:Illuminate/Routing/Router::runRouteWithinStack():821}(Object(Illuminate/Http/Request))
#29 C:/CooperativeTraining/vendor/laravel/framework/src/Illuminate/Auth/Middleware/RedirectIfAuthenticated.php(47): Illuminate/Pipeline/Pipeline->{closure:Illuminate/Pipeline/Pipeline::prepareDestination():178}(Object(Illuminate/Http/Request))
#30 C:/CooperativeTraining/vendor/laravel/framework/src/Illuminate/Pipeline/Pipeline.php(219): Illuminate/Auth/Middleware/RedirectIfAuthenticated->handle(Object(Illuminate/Http/Request), Object(Closure), 'web')
#31 C:/CooperativeTraining/app/Http/Middleware/SetLocale.php(25): Illuminate/Pipeline/Pipeline->{closure:{closure:Illuminate/Pipeline/Pipeline::carry():194}:195}(Object(Illuminate/Http/Request))
#32 C:/CooperativeTraining/vendor/laravel/framework/src/Illuminate/Pipeline/Pipeline.php(219): App/Http/Middleware/SetLocale->handle(Object(Illuminate/Http/Request), Object(Closure))
#33 C:/CooperativeTraining/vendor/laravel/framework/src/Illuminate/Routing/Middleware/SubstituteBindings.php(52): Illuminate/Pipeline/Pipeline->{closure:{closure:Illuminate/Pipeline/Pipeline::carry():194}:195}(Object(Illuminate/Http/Request))
#34 C:/CooperativeTraining/vendor/laravel/framework/src/Illuminate/Pipeline/Pipeline.php(219): Illuminate/Routing/Middleware/SubstituteBindings->handle(Object(Illuminate/Http/Request), Object(Closure))
#35 C:/CooperativeTraining/vendor/laravel/framework/src/Illuminate/Routing/Middleware/ThrottleRequests.php(168): Illuminate/Pipeline/Pipeline->{closure:{closure:Illuminate/Pipeline/Pipeline::carry():194}:195}(Object(Illuminate/Http/Request))
#36 C:/CooperativeTraining/vendor/laravel/framework/src/Illuminate/Routing/Middleware/ThrottleRequests.php(129): Illuminate/Routing/Middleware/ThrottleRequests->handleRequest(Object(Illuminate/Http/Request), Object(Closure), Array)
#37 C:/CooperativeTraining/vendor/laravel/framework/src/Illuminate/Routing/Middleware/ThrottleRequests.php(90): Illuminate/Routing/Middleware/ThrottleRequests->handleRequestUsingNamedLimiter(Object(Illuminate/Http/Request), Object(Closure), 'login', Object(Closure))
#38 C:/CooperativeTraining/vendor/laravel/framework/src/Illuminate/Pipeline/Pipeline.php(219): Illuminate/Routing/Middleware/ThrottleRequests->handle(Object(Illuminate/Http/Request), Object(Closure), 'login')
#39 C:/CooperativeTraining/vendor/laravel/framework/src/Illuminate/Foundation/Http/Middleware/PreventRequestForgery.php(104): Illuminate/Pipeline/Pipeline->{closure:{closure:Illuminate/Pipeline/Pipeline::carry():194}:195}(Object(Illuminate/Http/Request))
#40 C:/CooperativeTraining/vendor/laravel/framework/src/Illuminate/Pipeline/Pipeline.php(219): Illuminate/Foundation/Http/Middleware/PreventRequestForgery->handle(Object(Illuminate/Http/Request), Object(Closure))
#41 C:/CooperativeTraining/vendor/laravel/framework/src/Illuminate/View/Middleware/ShareErrorsFromSession.php(48): Illuminate/Pipeline/Pipeline->{closure:{closure:Illuminate/Pipeline/Pipeline::carry():194}:195}(Object(Illuminate/Http/Request))
#42 C:/CooperativeTraining/vendor/laravel/framework/src/Illuminate/Pipeline/Pipeline.php(219): Illuminate/View/Middleware/ShareErrorsFromSession->handle(Object(Illuminate/Http/Request), Object(Closure))
#43 C:/CooperativeTraining/vendor/laravel/framework/src/Illuminate/Session/Middleware/StartSession.php(120): Illuminate/Pipeline/Pipeline->{closure:{closure:Illuminate/Pipeline/Pipeline::carry():194}:195}(Object(Illuminate/Http/Request))
#44 C:/CooperativeTraining/vendor/laravel/framework/src/Illuminate/Session/Middleware/StartSession.php(63): Illuminate/Session/Middleware/StartSession->handleStatefulRequest(Object(Illuminate/Http/Request), Object(Illuminate/Session/Store), Object(Closure))
#45 C:/CooperativeTraining/vendor/laravel/framework/src/Illuminate/Pipeline/Pipeline.php(219): Illuminate/Session/Middleware/StartSession->handle(Object(Illuminate/Http/Request), Object(Closure))
#46 C:/CooperativeTraining/vendor/laravel/framework/src/Illuminate/Cookie/Middleware/AddQueuedCookiesToResponse.php(36): Illuminate/Pipeline/Pipeline->{closure:{closure:Illuminate/Pipeline/Pipeline::carry():194}:195}(Object(Illuminate/Http/Request))
#47 C:/CooperativeTraining/vendor/laravel/framework/src/Illuminate/Pipeline/Pipeline.php(219): Illuminate/Cookie/Middleware/AddQueuedCookiesToResponse->handle(Object(Illuminate/Http/Request), Object(Closure))
#48 C:/CooperativeTraining/vendor/laravel/framework/src/Illuminate/Cookie/Middleware/EncryptCookies.php(74): Illuminate/Pipeline/Pipeline->{closure:{closure:Illuminate/Pipeline/Pipeline::carry():194}:195}(Object(Illuminate/Http/Request))
#49 C:/CooperativeTraining/vendor/laravel/framework/src/Illuminate/Pipeline/Pipeline.php(219): Illuminate/Cookie/Middleware/EncryptCookies->handle(Object(Illuminate/Http/Request), Object(Closure))
#50 C:/CooperativeTraining/vendor/laravel/framework/src/Illuminate/Pipeline/Pipeline.php(137): Illuminate/Pipeline/Pipeline->{closure:{closure:Illuminate/Pipeline/Pipeline::carry():194}:195}(Object(Illuminate/Http/Request))
#51 C:/CooperativeTraining/vendor/laravel/framework/src/Illuminate/Routing/Router.php(821): Illuminate/Pipeline/Pipeline->then(Object(Closure))
#52 C:/CooperativeTraining/vendor/laravel/framework/src/Illuminate/Routing/Router.php(800): Illuminate/Routing/Router->runRouteWithinStack(Object(Illuminate/Routing/Route), Object(Illuminate/Http/Request))
#53 C:/CooperativeTraining/vendor/laravel/framework/src/Illuminate/Routing/Router.php(764): Illuminate/Routing/Router->runRoute(Object(Illuminate/Http/Request), Object(Illuminate/Routing/Route))
#54 C:/CooperativeTraining/vendor/laravel/framework/src/Illuminate/Routing/Router.php(753): Illuminate/Routing/Router->dispatchToRoute(Object(Illuminate/Http/Request))
#55 C:/CooperativeTraining/vendor/laravel/framework/src/Illuminate/Foundation/Http/Kernel.php(200): Illuminate/Routing/Router->dispatch(Object(Illuminate/Http/Request))
#56 C:/CooperativeTraining/vendor/laravel/framework/src/Illuminate/Pipeline/Pipeline.php(180): Illuminate/Foundation/Http/Kernel->{closure:Illuminate/Foundation/Http/Kernel::dispatchToRouter():197}(Object(Illuminate/Http/Request))
#57 C:/CooperativeTraining/vendor/livewire/livewire/src/Features/SupportDisablingBackButtonCache/DisableBackButtonCacheMiddleware.php(19): Illuminate/Pipeline/Pipeline->{closure:Illuminate/Pipeline/Pipeline::prepareDestination():178}(Object(Illuminate/Http/Request))
#58 C:/CooperativeTraining/vendor/laravel/framework/src/Illuminate/Pipeline/Pipeline.php(219): Livewire/Features/SupportDisablingBackButtonCache/DisableBackButtonCacheMiddleware->handle(Object(Illuminate/Http/Request), Object(Closure))
#59 C:/CooperativeTraining/vendor/laravel/framework/src/Illuminate/Foundation/Http/Middleware/TransformsRequest.php(21): Illuminate/Pipeline/Pipeline->{closure:{closure:Illuminate/Pipeline/Pipeline::carry():194}:195}(Object(Illuminate/Http/Request))
#60 C:/CooperativeTraining/vendor/laravel/framework/src/Illuminate/Foundation/Http/Middleware/ConvertEmptyStringsToNull.php(31): Illuminate/Foundation/Http/Middleware/TransformsRequest->handle(Object(Illuminate/Http/Request), Object(Closure))
#61 C:/CooperativeTraining/vendor/laravel/framework/src/Illuminate/Pipeline/Pipeline.php(219): Illuminate/Foundation/Http/Middleware/ConvertEmptyStringsToNull->handle(Object(Illuminate/Http/Request), Object(Closure))
#62 C:/CooperativeTraining/vendor/laravel/framework/src/Illuminate/Foundation/Http/Middleware/TransformsRequest.php(21): Illuminate/Pipeline/Pipeline->{closure:{closure:Illuminate/Pipeline/Pipeline::carry():194}:195}(Object(Illuminate/Http/Request))
#63 C:/CooperativeTraining/vendor/laravel/framework/src/Illuminate/Foundation/Http/Middleware/TrimStrings.php(51): Illuminate/Foundation/Http/Middleware/TransformsRequest->handle(Object(Illuminate/Http/Request), Object(Closure))
#64 C:/CooperativeTraining/vendor/laravel/framework/src/Illuminate/Pipeline/Pipeline.php(219): Illuminate/Foundation/Http/Middleware/TrimStrings->handle(Object(Illuminate/Http/Request), Object(Closure))
#65 C:/CooperativeTraining/vendor/laravel/framework/src/Illuminate/Http/Middleware/ValidatePostSize.php(27): Illuminate/Pipeline/Pipeline->{closure:{closure:Illuminate/Pipeline/Pipeline::carry():194}:195}(Object(Illuminate/Http/Request))
#66 C:/CooperativeTraining/vendor/laravel/framework/src/Illuminate/Pipeline/Pipeline.php(219): Illuminate/Http/Middleware/ValidatePostSize->handle(Object(Illuminate/Http/Request), Object(Closure))
#67 C:/CooperativeTraining/vendor/laravel/framework/src/Illuminate/Foundation/Http/Middleware/PreventRequestsDuringMaintenance.php(110): Illuminate/Pipeline/Pipeline->{closure:{closure:Illuminate/Pipeline/Pipeline::carry():194}:195}(Object(Illuminate/Http/Request))
#68 C:/CooperativeTraining/vendor/laravel/framework/src/Illuminate/Pipeline/Pipeline.php(219): Illuminate/Foundation/Http/Middleware/PreventRequestsDuringMaintenance->handle(Object(Illuminate/Http/Request), Object(Closure))
#69 C:/CooperativeTraining/vendor/laravel/framework/src/Illuminate/Http/Middleware/HandleCors.php(61): Illuminate/Pipeline/Pipeline->{closure:{closure:Illuminate/Pipeline/Pipeline::carry():194}:195}(Object(Illuminate/Http/Request))
#70 C:/CooperativeTraining/vendor/laravel/framework/src/Illuminate/Pipeline/Pipeline.php(219): Illuminate/Http/Middleware/HandleCors->handle(Object(Illuminate/Http/Request), Object(Closure))
#71 C:/CooperativeTraining/vendor/laravel/framework/src/Illuminate/Http/Middleware/TrustProxies.php(58): Illuminate/Pipeline/Pipeline->{closure:{closure:Illuminate/Pipeline/Pipeline::carry():194}:195}(Object(Illuminate/Http/Request))
#72 C:/CooperativeTraining/vendor/laravel/framework/src/Illuminate/Pipeline/Pipeline.php(219): Illuminate/Http/Middleware/TrustProxies->handle(Object(Illuminate/Http/Request), Object(Closure))
#73 C:/CooperativeTraining/vendor/laravel/framework/src/Illuminate/Foundation/Http/Middleware/InvokeDeferredCallbacks.php(22): Illuminate/Pipeline/Pipeline->{closure:{closure:Illuminate/Pipeline/Pipeline::carry():194}:195}(Object(Illuminate/Http/Request))
#74 C:/CooperativeTraining/vendor/laravel/framework/src/Illuminate/Pipeline/Pipeline.php(219): Illuminate/Foundation/Http/Middleware/InvokeDeferredCallbacks->handle(Object(Illuminate/Http/Request), Object(Closure))
#75 C:/CooperativeTraining/vendor/laravel/framework/src/Illuminate/Http/Middleware/ValidatePathEncoding.php(28): Illuminate/Pipeline/Pipeline->{closure:{closure:Illuminate/Pipeline/Pipeline::carry():194}:195}(Object(Illuminate/Http/Request))
#76 C:/CooperativeTraining/vendor/laravel/framework/src/Illuminate/Pipeline/Pipeline.php(219): Illuminate/Http/Middleware/ValidatePathEncoding->handle(Object(Illuminate/Http/Request), Object(Closure))
#77 C:/CooperativeTraining/vendor/laravel/framework/src/Illuminate/Pipeline/Pipeline.php(137): Illuminate/Pipeline/Pipeline->{closure:{closure:Illuminate/Pipeline/Pipeline::carry():194}:195}(Object(Illuminate/Http/Request))
#78 C:/CooperativeTraining/vendor/laravel/framework/src/Illuminate/Foundation/Http/Kernel.php(175): Illuminate/Pipeline/Pipeline->then(Object(Closure))
#79 C:/CooperativeTraining/vendor/laravel/framework/src/Illuminate/Foundation/Http/Kernel.php(144): Illuminate/Foundation/Http/Kernel->sendRequestThroughRouter(Object(Illuminate/Http/Request))
#80 C:/CooperativeTraining/vendor/laravel/framework/src/Illuminate/Foundation/Application.php(1227): Illuminate/Foundation/Http/Kernel->handle(Object(Illuminate/Http/Request))
#81 C:/CooperativeTraining/public/index.php(20): Illuminate/Foundation/Application->handleRequest(Object(Illuminate/Http/Request))
#82 C:/CooperativeTraining/vendor/laravel/framework/src/Illuminate/Foundation/resources/server.php(23): require_once('C://CooperativeT...')
#83 {main}
"} 
[2026-10-01 19:04:18] local.DEBUG: From: =?utf-8?Q?=D8=A8=D9=88=D8=A7=D8=A8=D8=A9_=D8=A7=D9=84?=
 =?utf-8?Q?=D8=AA=D8=AF=D8=B1=D9=8A=D8=A8_=D8=A7=D9=84?=
 =?utf-8?Q?=D8=AA=D8=B9=D8=A7=D9=88=D9=86=D9=8A?= <hello@example.com>
To: ali@gmail.com
Subject: =?utf-8?Q?=D8=A7=D9=84=D9=82=D8=B1=D8=A7=D8=B1_=D8=A8?=
 =?utf-8?Q?=D8=B4=D8=A3=D9=86_=D8=B7=D9=84=D8=A8_=D8=A7=D9=84=D8=AA=D8=AF?=
 =?utf-8?Q?=D8=B1=D9=8A=D8=A8?=
MIME-Version: 1.0
Date: Thu, 01 Oct 2026 19:04:17 +0000
Message-ID: <1f482f8b96245b1dba5d8facbaf8559e@example.com>
Content-Type: text/html; charset=utf-8
Content-Transfer-Encoding: quoted-printable

<div style="font-family:Arial,sans-serif;line-height:1.7;max-width:640px;margin:auto;color:#173245">
    <h1>القرار بشأن طلب التدريب</h1>
    <p>مرحبًا فهد عبدالله جاسر الفهد,</p>
    <p>أصبحت حالة طلب التدريب التعاوني رقم CT-2026-FVMEO2X2 هي: مقبول</p>
    <p><strong>ملاحظة القرار:</strong> تم تم القبول</p>    <p>يمكنك تسجيل الدخول إلى بوابة التدريب للاطلاع على طلبك.</p>
    <p>تجمع الرياض الصحي الثاني</p>
</div>
  
[2026-10-01 22:11:46] local.ERROR: The "tls" scheme is not supported; supported schemes for mailer "smtp" are: "smtp", "smtps". {"userId":1,"exception":"[object] (Symfony\\Component\\Mailer\\Exception\\UnsupportedSchemeException(code: 0): The \"tls\" scheme is not supported; supported schemes for mailer \"smtp\" are: \"smtp\", \"smtps\". at E:/CooperativeTraining/web/vendor/symfony/mailer/Transport/Smtp/EsmtpTransportFactory.php:28)
[stacktrace]
#0 E:/CooperativeTraining/web/vendor/laravel/framework/src/Illuminate/Mail/MailManager.php(202): Symfony/Component/Mailer/Transport/Smtp/EsmtpTransportFactory->create(Object(Symfony/Component/Mailer/Transport/Dsn))
#1 E:/CooperativeTraining/web/vendor/laravel/framework/src/Illuminate/Mail/MailManager.php(183): Illuminate/Mail/MailManager->createSmtpTransport(Array)
#2 E:/CooperativeTraining/web/vendor/laravel/framework/src/Illuminate/Mail/MailManager.php(148): Illuminate/Mail/MailManager->createSymfonyTransport(Array)
#3 E:/CooperativeTraining/web/vendor/laravel/framework/src/Illuminate/Mail/MailManager.php(125): Illuminate/Mail/MailManager->build(Array)
#4 E:/CooperativeTraining/web/vendor/laravel/framework/src/Illuminate/Mail/MailManager.php(103): Illuminate/Mail/MailManager->resolve('smtp')
#5 E:/CooperativeTraining/web/vendor/laravel/framework/src/Illuminate/Mail/MailManager.php(81): Illuminate/Mail/MailManager->get('smtp')
#6 E:/CooperativeTraining/web/vendor/laravel/framework/src/Illuminate/Mail/MailManager.php(647): Illuminate/Mail/MailManager->mailer()
#7 E:/CooperativeTraining/web/vendor/laravel/framework/src/Illuminate/Support/Facades/Facade.php(364): Illuminate/Mail/MailManager->__call('to', Array)
#8 E:/CooperativeTraining/web/app/Http/Controllers/Admin/TrainingApplicationReviewController.php(51): Illuminate/Support/Facades/Facade::__callStatic('to', Array)
#9 E:/CooperativeTraining/web/vendor/laravel/framework/src/Illuminate/Routing/ControllerDispatcher.php(46): App/Http/Controllers/Admin/TrainingApplicationReviewController->decide(Object(Illuminate/Http/Request), Object(App/Models/TrainingApplication))
#10 E:/CooperativeTraining/web/vendor/laravel/framework/src/Illuminate/Routing/Route.php(276): Illuminate/Routing/ControllerDispatcher->dispatch(Object(Illuminate/Routing/Route), Object(App/Http/Controllers/Admin/TrainingApplicationReviewController), 'decide')
#11 E:/CooperativeTraining/web/vendor/laravel/framework/src/Illuminate/Routing/Route.php(216): Illuminate/Routing/Route->runController()
#12 E:/CooperativeTraining/web/vendor/laravel/framework/src/Illuminate/Routing/Router.php(822): Illuminate/Routing/Route->run()
#13 E:/CooperativeTraining/web/vendor/laravel/framework/src/Illuminate/Pipeline/Pipeline.php(180): Illuminate/Routing/Router->{closure:Illuminate/Routing/Router::runRouteWithinStack():821}(Object(Illuminate/Http/Request))
#14 E:/CooperativeTraining/web/vendor/laravel/framework/src/Illuminate/Auth/Middleware/EnsureEmailIsVerified.php(41): Illuminate/Pipeline/Pipeline->{closure:Illuminate/Pipeline/Pipeline::prepareDestination():178}(Object(Illuminate/Http/Request))
#15 E:/CooperativeTraining/web/vendor/laravel/framework/src/Illuminate/Pipeline/Pipeline.php(219): Illuminate/Auth/Middleware/EnsureEmailIsVerified->handle(Object(Illuminate/Http/Request), Object(Closure))
#16 E:/CooperativeTraining/web/app/Http/Middleware/SetLocale.php(25): Illuminate/Pipeline/Pipeline->{closure:{closure:Illuminate/Pipeline/Pipeline::carry():194}:195}(Object(Illuminate/Http/Request))
#17 E:/CooperativeTraining/web/vendor/laravel/framework/src/Illuminate/Pipeline/Pipeline.php(219): App/Http/Middleware/SetLocale->handle(Object(Illuminate/Http/Request), Object(Closure))
#18 E:/CooperativeTraining/web/vendor/laravel/framework/src/Illuminate/Routing/Middleware/SubstituteBindings.php(52): Illuminate/Pipeline/Pipeline->{closure:{closure:Illuminate/Pipeline/Pipeline::carry():194}:195}(Object(Illuminate/Http/Request))
#19 E:/CooperativeTraining/web/vendor/laravel/framework/src/Illuminate/Pipeline/Pipeline.php(219): Illuminate/Routing/Middleware/SubstituteBindings->handle(Object(Illuminate/Http/Request), Object(Closure))
#20 E:/CooperativeTraining/web/vendor/laravel/framework/src/Illuminate/Auth/Middleware/Authenticate.php(63): Illuminate/Pipeline/Pipeline->{closure:{closure:Illuminate/Pipeline/Pipeline::carry():194}:195}(Object(Illuminate/Http/Request))
#21 E:/CooperativeTraining/web/vendor/laravel/framework/src/Illuminate/Pipeline/Pipeline.php(219): Illuminate/Auth/Middleware/Authenticate->handle(Object(Illuminate/Http/Request), Object(Closure))
#22 E:/CooperativeTraining/web/vendor/laravel/framework/src/Illuminate/Foundation/Http/Middleware/PreventRequestForgery.php(104): Illuminate/Pipeline/Pipeline->{closure:{closure:Illuminate/Pipeline/Pipeline::carry():194}:195}(Object(Illuminate/Http/Request))
#23 E:/CooperativeTraining/web/vendor/laravel/framework/src/Illuminate/Pipeline/Pipeline.php(219): Illuminate/Foundation/Http/Middleware/PreventRequestForgery->handle(Object(Illuminate/Http/Request), Object(Closure))
#24 E:/CooperativeTraining/web/vendor/laravel/framework/src/Illuminate/View/Middleware/ShareErrorsFromSession.php(48): Illuminate/Pipeline/Pipeline->{closure:{closure:Illuminate/Pipeline/Pipeline::carry():194}:195}(Object(Illuminate/Http/Request))
#25 E:/CooperativeTraining/web/vendor/laravel/framework/src/Illuminate/Pipeline/Pipeline.php(219): Illuminate/View/Middleware/ShareErrorsFromSession->handle(Object(Illuminate/Http/Request), Object(Closure))
#26 E:/CooperativeTraining/web/vendor/laravel/framework/src/Illuminate/Session/Middleware/StartSession.php(120): Illuminate/Pipeline/Pipeline->{closure:{closure:Illuminate/Pipeline/Pipeline::carry():194}:195}(Object(Illuminate/Http/Request))
#27 E:/CooperativeTraining/web/vendor/laravel/framework/src/Illuminate/Session/Middleware/StartSession.php(63): Illuminate/Session/Middleware/StartSession->handleStatefulRequest(Object(Illuminate/Http/Request), Object(Illuminate/Session/Store), Object(Closure))
#28 E:/CooperativeTraining/web/vendor/laravel/framework/src/Illuminate/Pipeline/Pipeline.php(219): Illuminate/Session/Middleware/StartSession->handle(Object(Illuminate/Http/Request), Object(Closure))
#29 E:/CooperativeTraining/web/vendor/laravel/framework/src/Illuminate/Cookie/Middleware/AddQueuedCookiesToResponse.php(36): Illuminate/Pipeline/Pipeline->{closure:{closure:Illuminate/Pipeline/Pipeline::carry():194}:195}(Object(Illuminate/Http/Request))
#30 E:/CooperativeTraining/web/vendor/laravel/framework/src/Illuminate/Pipeline/Pipeline.php(219): Illuminate/Cookie/Middleware/AddQueuedCookiesToResponse->handle(Object(Illuminate/Http/Request), Object(Closure))
#31 E:/CooperativeTraining/web/vendor/laravel/framework/src/Illuminate/Cookie/Middleware/EncryptCookies.php(74): Illuminate/Pipeline/Pipeline->{closure:{closure:Illuminate/Pipeline/Pipeline::carry():194}:195}(Object(Illuminate/Http/Request))
#32 E:/CooperativeTraining/web/vendor/laravel/framework/src/Illuminate/Pipeline/Pipeline.php(219): Illuminate/Cookie/Middleware/EncryptCookies->handle(Object(Illuminate/Http/Request), Object(Closure))
#33 E:/CooperativeTraining/web/vendor/laravel/framework/src/Illuminate/Pipeline/Pipeline.php(137): Illuminate/Pipeline/Pipeline->{closure:{closure:Illuminate/Pipeline/Pipeline::carry():194}:195}(Object(Illuminate/Http/Request))
#34 E:/CooperativeTraining/web/vendor/laravel/framework/src/Illuminate/Routing/Router.php(821): Illuminate/Pipeline/Pipeline->then(Object(Closure))
#35 E:/CooperativeTraining/web/vendor/laravel/framework/src/Illuminate/Routing/Router.php(800): Illuminate/Routing/Router->runRouteWithinStack(Object(Illuminate/Routing/Route), Object(Illuminate/Http/Request))
#36 E:/CooperativeTraining/web/vendor/laravel/framework/src/Illuminate/Routing/Router.php(764): Illuminate/Routing/Router->runRoute(Object(Illuminate/Http/Request), Object(Illuminate/Routing/Route))
#37 E:/CooperativeTraining/web/vendor/laravel/framework/src/Illuminate/Routing/Router.php(753): Illuminate/Routing/Router->dispatchToRoute(Object(Illuminate/Http/Request))
#38 E:/CooperativeTraining/web/vendor/laravel/framework/src/Illuminate/Foundation/Http/Kernel.php(200): Illuminate/Routing/Router->dispatch(Object(Illuminate/Http/Request))
#39 E:/CooperativeTraining/web/vendor/laravel/framework/src/Illuminate/Pipeline/Pipeline.php(180): Illuminate/Foundation/Http/Kernel->{closure:Illuminate/Foundation/Http/Kernel::dispatchToRouter():197}(Object(Illuminate/Http/Request))
#40 E:/CooperativeTraining/web/vendor/livewire/livewire/src/Features/SupportDisablingBackButtonCache/DisableBackButtonCacheMiddleware.php(19): Illuminate/Pipeline/Pipeline->{closure:Illuminate/Pipeline/Pipeline::prepareDestination():178}(Object(Illuminate/Http/Request))
#41 E:/CooperativeTraining/web/vendor/laravel/framework/src/Illuminate/Pipeline/Pipeline.php(219): Livewire/Features/SupportDisablingBackButtonCache/DisableBackButtonCacheMiddleware->handle(Object(Illuminate/Http/Request), Object(Closure))
#42 E:/CooperativeTraining/web/vendor/laravel/framework/src/Illuminate/Foundation/Http/Middleware/TransformsRequest.php(21): Illuminate/Pipeline/Pipeline->{closure:{closure:Illuminate/Pipeline/Pipeline::carry():194}:195}(Object(Illuminate/Http/Request))
#43 E:/CooperativeTraining/web/vendor/laravel/framework/src/Illuminate/Foundation/Http/Middleware/ConvertEmptyStringsToNull.php(31): Illuminate/Foundation/Http/Middleware/TransformsRequest->handle(Object(Illuminate/Http/Request), Object(Closure))
#44 E:/CooperativeTraining/web/vendor/laravel/framework/src/Illuminate/Pipeline/Pipeline.php(219): Illuminate/Foundation/Http/Middleware/ConvertEmptyStringsToNull->handle(Object(Illuminate/Http/Request), Object(Closure))
#45 E:/CooperativeTraining/web/vendor/laravel/framework/src/Illuminate/Foundation/Http/Middleware/TransformsRequest.php(21): Illuminate/Pipeline/Pipeline->{closure:{closure:Illuminate/Pipeline/Pipeline::carry():194}:195}(Object(Illuminate/Http/Request))
#46 E:/CooperativeTraining/web/vendor/laravel/framework/src/Illuminate/Foundation/Http/Middleware/TrimStrings.php(51): Illuminate/Foundation/Http/Middleware/TransformsRequest->handle(Object(Illuminate/Http/Request), Object(Closure))
#47 E:/CooperativeTraining/web/vendor/laravel/framework/src/Illuminate/Pipeline/Pipeline.php(219): Illuminate/Foundation/Http/Middleware/TrimStrings->handle(Object(Illuminate/Http/Request), Object(Closure))
#48 E:/CooperativeTraining/web/vendor/laravel/framework/src/Illuminate/Http/Middleware/ValidatePostSize.php(27): Illuminate/Pipeline/Pipeline->{closure:{closure:Illuminate/Pipeline/Pipeline::carry():194}:195}(Object(Illuminate/Http/Request))
#49 E:/CooperativeTraining/web/vendor/laravel/framework/src/Illuminate/Pipeline/Pipeline.php(219): Illuminate/Http/Middleware/ValidatePostSize->handle(Object(Illuminate/Http/Request), Object(Closure))
#50 E:/CooperativeTraining/web/vendor/laravel/framework/src/Illuminate/Foundation/Http/Middleware/PreventRequestsDuringMaintenance.php(110): Illuminate/Pipeline/Pipeline->{closure:{closure:Illuminate/Pipeline/Pipeline::carry():194}:195}(Object(Illuminate/Http/Request))
#51 E:/CooperativeTraining/web/vendor/laravel/framework/src/Illuminate/Pipeline/Pipeline.php(219): Illuminate/Foundation/Http/Middleware/PreventRequestsDuringMaintenance->handle(Object(Illuminate/Http/Request), Object(Closure))
#52 E:/CooperativeTraining/web/vendor/laravel/framework/src/Illuminate/Http/Middleware/HandleCors.php(61): Illuminate/Pipeline/Pipeline->{closure:{closure:Illuminate/Pipeline/Pipeline::carry():194}:195}(Object(Illuminate/Http/Request))
#53 E:/CooperativeTraining/web/vendor/laravel/framework/src/Illuminate/Pipeline/Pipeline.php(219): Illuminate/Http/Middleware/HandleCors->handle(Object(Illuminate/Http/Request), Object(Closure))
#54 E:/CooperativeTraining/web/vendor/laravel/framework/src/Illuminate/Http/Middleware/TrustProxies.php(58): Illuminate/Pipeline/Pipeline->{closure:{closure:Illuminate/Pipeline/Pipeline::carry():194}:195}(Object(Illuminate/Http/Request))
#55 E:/CooperativeTraining/web/vendor/laravel/framework/src/Illuminate/Pipeline/Pipeline.php(219): Illuminate/Http/Middleware/TrustProxies->handle(Object(Illuminate/Http/Request), Object(Closure))
#56 E:/CooperativeTraining/web/vendor/laravel/framework/src/Illuminate/Foundation/Http/Middleware/InvokeDeferredCallbacks.php(22): Illuminate/Pipeline/Pipeline->{closure:{closure:Illuminate/Pipeline/Pipeline::carry():194}:195}(Object(Illuminate/Http/Request))
#57 E:/CooperativeTraining/web/vendor/laravel/framework/src/Illuminate/Pipeline/Pipeline.php(219): Illuminate/Foundation/Http/Middleware/InvokeDeferredCallbacks->handle(Object(Illuminate/Http/Request), Object(Closure))
#58 E:/CooperativeTraining/web/vendor/laravel/framework/src/Illuminate/Http/Middleware/ValidatePathEncoding.php(28): Illuminate/Pipeline/Pipeline->{closure:{closure:Illuminate/Pipeline/Pipeline::carry():194}:195}(Object(Illuminate/Http/Request))
#59 E:/CooperativeTraining/web/vendor/laravel/framework/src/Illuminate/Pipeline/Pipeline.php(219): Illuminate/Http/Middleware/ValidatePathEncoding->handle(Object(Illuminate/Http/Request), Object(Closure))
#60 E:/CooperativeTraining/web/vendor/laravel/framework/src/Illuminate/Pipeline/Pipeline.php(137): Illuminate/Pipeline/Pipeline->{closure:{closure:Illuminate/Pipeline/Pipeline::carry():194}:195}(Object(Illuminate/Http/Request))
#61 E:/CooperativeTraining/web/vendor/laravel/framework/src/Illuminate/Foundation/Http/Kernel.php(175): Illuminate/Pipeline/Pipeline->then(Object(Closure))
#62 E:/CooperativeTraining/web/vendor/laravel/framework/src/Illuminate/Foundation/Http/Kernel.php(144): Illuminate/Foundation/Http/Kernel->sendRequestThroughRouter(Object(Illuminate/Http/Request))
#63 E:/CooperativeTraining/web/vendor/laravel/framework/src/Illuminate/Foundation/Application.php(1227): Illuminate/Foundation/Http/Kernel->handle(Object(Illuminate/Http/Request))
#64 E:/CooperativeTraining/web/public/index.php(20): Illuminate/Foundation/Application->handleRequest(Object(Illuminate/Http/Request))
#65 E:/CooperativeTraining/web/vendor/laravel/framework/src/Illuminate/Foundation/resources/server.php(23): require_once('E://CooperativeT...')
#66 {main}
"} 
[2026-10-03 15:14:59] local.ERROR: SQLSTATE[HY000] [2002] No connection could be made because the target machine actively refused it (Connection: mysql, Host: localhost, Port: 3306, Database: cooperativeTraining, SQL: select exists (select 1 from information_schema.tables where table_schema = schema() and table_name = 'migrations' and table_type in ('BASE TABLE', 'SYSTEM VERSIONED')) as `exists`) {"exception":"[object] (Illuminate\\Database\\QueryException(code: 2002): SQLSTATE[HY000] [2002] No connection could be made because the target machine actively refused it (Connection: mysql, Host: localhost, Port: 3306, Database: cooperativeTraining, SQL: select exists (select 1 from information_schema.tables where table_schema = schema() and table_name = 'migrations' and table_type in ('BASE TABLE', 'SYSTEM VERSIONED')) as `exists`) at E:/CooperativeTraining/web/vendor/laravel/framework/src/Illuminate/Database/Connection.php:857)
[stacktrace]
#0 E:/CooperativeTraining/web/vendor/laravel/framework/src/Illuminate/Database/Connection.php(1038): Illuminate/Database/Connection->runQueryCallback('select exists (...', Array, Object(Closure))
#1 E:/CooperativeTraining/web/vendor/laravel/framework/src/Illuminate/Database/Connection.php(1017): Illuminate/Database/Connection->tryAgainIfCausedByLostConnection(Object(Illuminate/Database/QueryException), 'select exists (...', Array, Object(Closure))
#2 E:/CooperativeTraining/web/vendor/laravel/framework/src/Illuminate/Database/Connection.php(815): Illuminate/Database/Connection->handleQueryException(Object(Illuminate/Database/QueryException), 'select exists (...', Array, Object(Closure))
#3 E:/CooperativeTraining/web/vendor/laravel/framework/src/Illuminate/Database/Connection.php(426): Illuminate/Database/Connection->run('select exists (...', Array, Object(Closure))
#4 E:/CooperativeTraining/web/vendor/laravel/framework/src/Illuminate/Database/Connection.php(371): Illuminate/Database/Connection->select('select exists (...', Array, true)
#5 E:/CooperativeTraining/web/vendor/laravel/framework/src/Illuminate/Database/Connection.php(388): Illuminate/Database/Connection->selectOne('select exists (...', Array, true)
#6 E:/CooperativeTraining/web/vendor/laravel/framework/src/Illuminate/Database/Schema/Builder.php(176): Illuminate/Database/Connection->scalar('select exists (...')
#7 E:/CooperativeTraining/web/vendor/laravel/framework/src/Illuminate/Database/Migrations/DatabaseMigrationRepository.php(185): Illuminate/Database/Schema/Builder->hasTable('migrations')
#8 E:/CooperativeTraining/web/vendor/laravel/framework/src/Illuminate/Database/Migrations/Migrator.php(797): Illuminate/Database/Migrations/DatabaseMigrationRepository->repositoryExists()
#9 E:/CooperativeTraining/web/vendor/laravel/framework/src/Illuminate/Database/Console/Migrations/MigrateCommand.php(166): Illuminate/Database/Migrations/Migrator->repositoryExists()
#10 E:/CooperativeTraining/web/vendor/laravel/framework/src/Illuminate/Support/helpers.php(328): Illuminate/Database/Console/Migrations/MigrateCommand->{closure:Illuminate/Database/Console/Migrations/MigrateCommand::repositoryExists():166}(1)
#11 E:/CooperativeTraining/web/vendor/laravel/framework/src/Illuminate/Database/Console/Migrations/MigrateCommand.php(166): retry(1, Object(Closure), 0, Object(Closure))
#12 E:/CooperativeTraining/web/vendor/laravel/framework/src/Illuminate/Database/Console/Migrations/MigrateCommand.php(142): Illuminate/Database/Console/Migrations/MigrateCommand->repositoryExists()
#13 E:/CooperativeTraining/web/vendor/laravel/framework/src/Illuminate/Database/Console/Migrations/MigrateCommand.php(112): Illuminate/Database/Console/Migrations/MigrateCommand->prepareDatabase()
#14 E:/CooperativeTraining/web/vendor/laravel/framework/src/Illuminate/Database/Migrations/Migrator.php(672): Illuminate/Database/Console/Migrations/MigrateCommand->{closure:Illuminate/Database/Console/Migrations/MigrateCommand::runMigrations():111}()
#15 E:/CooperativeTraining/web/vendor/laravel/framework/src/Illuminate/Database/Console/Migrations/MigrateCommand.php(111): Illuminate/Database/Migrations/Migrator->usingConnection(NULL, Object(Closure))
#16 E:/CooperativeTraining/web/vendor/laravel/framework/src/Illuminate/Database/Console/Migrations/MigrateCommand.php(90): Illuminate/Database/Console/Migrations/MigrateCommand->runMigrations()
#17 E:/CooperativeTraining/web/vendor/laravel/framework/src/Illuminate/Container/BoundMethod.php(36): Illuminate/Database/Console/Migrations/MigrateCommand->handle()
#18 E:/CooperativeTraining/web/vendor/laravel/framework/src/Illuminate/Container/Util.php(43): Illuminate/Container/BoundMethod::{closure:Illuminate/Container/BoundMethod::call():35}()
#19 E:/CooperativeTraining/web/vendor/laravel/framework/src/Illuminate/Container/BoundMethod.php(96): Illuminate/Container/Util::unwrapIfClosure(Object(Closure))
#20 E:/CooperativeTraining/web/vendor/laravel/framework/src/Illuminate/Container/BoundMethod.php(35): Illuminate/Container/BoundMethod::callBoundMethod(Object(Illuminate/Foundation/Application), Array, Object(Closure))
#21 E:/CooperativeTraining/web/vendor/laravel/framework/src/Illuminate/Container/Container.php(803): Illuminate/Container/BoundMethod::call(Object(Illuminate/Foundation/Application), Array, Array, NULL)
#22 E:/CooperativeTraining/web/vendor/laravel/framework/src/Illuminate/Console/Command.php(292): Illuminate/Container/Container->call(Array)
#23 E:/CooperativeTraining/web/vendor/symfony/console/Command/Command.php(285): Illuminate/Console/Command->execute(Object(Symfony/Component/Console/Input/ArgvInput), Object(Laravel/Pao/Laravel/PaoOutputStyle))
#24 E:/CooperativeTraining/web/vendor/laravel/framework/src/Illuminate/Console/Command.php(261): Symfony/Component/Console/Command/Command->run(Object(Symfony/Component/Console/Input/ArgvInput), Object(Laravel/Pao/Laravel/PaoOutputStyle))
#25 E:/CooperativeTraining/web/vendor/symfony/console/Application.php(1144): Illuminate/Console/Command->run(Object(Symfony/Component/Console/Input/ArgvInput), Object(Symfony/Component/Console/Output/ConsoleOutput))
#26 E:/CooperativeTraining/web/vendor/symfony/console/Application.php(379): Symfony/Component/Console/Application->doRunCommand(Object(Illuminate/Database/Console/Migrations/MigrateCommand), Object(Symfony/Component/Console/Input/ArgvInput), Object(Symfony/Component/Console/Output/ConsoleOutput))
#27 E:/CooperativeTraining/web/vendor/symfony/console/Application.php(218): Symfony/Component/Console/Application->doRun(Object(Symfony/Component/Console/Input/ArgvInput), Object(Symfony/Component/Console/Output/ConsoleOutput))
#28 E:/CooperativeTraining/web/vendor/laravel/framework/src/Illuminate/Foundation/Console/Kernel.php(198): Symfony/Component/Console/Application->run(Object(Symfony/Component/Console/Input/ArgvInput), Object(Symfony/Component/Console/Output/ConsoleOutput))
#29 E:/CooperativeTraining/web/vendor/laravel/framework/src/Illuminate/Foundation/Application.php(1242): Illuminate/Foundation/Console/Kernel->handle(Object(Symfony/Component/Console/Input/ArgvInput), Object(Symfony/Component/Console/Output/ConsoleOutput))
#30 E:/CooperativeTraining/web/artisan(16): Illuminate/Foundation/Application->handleCommand(Object(Symfony/Component/Console/Input/ArgvInput))
#31 {main}

[previous exception] [object] (PDOException(code: 2002): SQLSTATE[HY000] [2002] No connection could be made because the target machine actively refused it at E:/CooperativeTraining/web/vendor/laravel/framework/src/Illuminate/Database/Connectors/Connector.php:67)
[stacktrace]
#0 E:/CooperativeTraining/web/vendor/laravel/framework/src/Illuminate/Database/Connectors/Connector.php(67): PDO::connect('mysql:host=loca...', 'root', Object(SensitiveParameterValue), Array)
#1 E:/CooperativeTraining/web/vendor/laravel/framework/src/Illuminate/Database/Connectors/Connector.php(85): Illuminate/Database/Connectors/Connector->createPdoConnection('mysql:host=loca...', 'root', Object(SensitiveParameterValue), Array)
#2 E:/CooperativeTraining/web/vendor/laravel/framework/src/Illuminate/Database/Connectors/Connector.php(48): Illuminate/Database/Connectors/Connector->tryAgainIfCausedByLostConnection(Object(PDOException), 'mysql:host=loca...', 'root', Object(SensitiveParameterValue), Array)
#3 E:/CooperativeTraining/web/vendor/laravel/framework/src/Illuminate/Database/Connectors/MySqlConnector.php(24): Illuminate/Database/Connectors/Connector->createConnection('mysql:host=loca...', Array, Array)
#4 E:/CooperativeTraining/web/vendor/laravel/framework/src/Illuminate/Database/Connectors/ConnectionFactory.php(220): Illuminate/Database/Connectors/MySqlConnector->connect(Array)
#5 [internal function]: Illuminate/Database/Connectors/ConnectionFactory->{closure:Illuminate/Database/Connectors/ConnectionFactory::createPdoResolverWithHosts():213}()
#6 E:/CooperativeTraining/web/vendor/laravel/framework/src/Illuminate/Database/Connection.php(1298): call_user_func(Object(Closure))
#7 E:/CooperativeTraining/web/vendor/laravel/framework/src/Illuminate/Database/Connection.php(1336): Illuminate/Database/Connection->getPdo()
#8 E:/CooperativeTraining/web/vendor/laravel/framework/src/Illuminate/Database/Connection.php(542): Illuminate/Database/Connection->getReadPdo()
#9 E:/CooperativeTraining/web/vendor/laravel/framework/src/Illuminate/Database/Connection.php(435): Illuminate/Database/Connection->getPdoForSelect(true)
#10 E:/CooperativeTraining/web/vendor/laravel/framework/src/Illuminate/Database/Connection.php(846): Illuminate/Database/Connection->{closure:Illuminate/Database/Connection::select():426}('select exists (...', Array)
#11 E:/CooperativeTraining/web/vendor/laravel/framework/src/Illuminate/Database/Connection.php(1038): Illuminate/Database/Connection->runQueryCallback('select exists (...', Array, Object(Closure))
#12 E:/CooperativeTraining/web/vendor/laravel/framework/src/Illuminate/Database/Connection.php(1017): Illuminate/Database/Connection->tryAgainIfCausedByLostConnection(Object(Illuminate/Database/QueryException), 'select exists (...', Array, Object(Closure))
#13 E:/CooperativeTraining/web/vendor/laravel/framework/src/Illuminate/Database/Connection.php(815): Illuminate/Database/Connection->handleQueryException(Object(Illuminate/Database/QueryException), 'select exists (...', Array, Object(Closure))
#14 E:/CooperativeTraining/web/vendor/laravel/framework/src/Illuminate/Database/Connection.php(426): Illuminate/Database/Connection->run('select exists (...', Array, Object(Closure))
#15 E:/CooperativeTraining/web/vendor/laravel/framework/src/Illuminate/Database/Connection.php(371): Illuminate/Database/Connection->select('select exists (...', Array, true)
#16 E:/CooperativeTraining/web/vendor/laravel/framework/src/Illuminate/Database/Connection.php(388): Illuminate/Database/Connection->selectOne('select exists (...', Array, true)
#17 E:/CooperativeTraining/web/vendor/laravel/framework/src/Illuminate/Database/Schema/Builder.php(176): Illuminate/Database/Connection->scalar('select exists (...')
#18 E:/CooperativeTraining/web/vendor/laravel/framework/src/Illuminate/Database/Migrations/DatabaseMigrationRepository.php(185): Illuminate/Database/Schema/Builder->hasTable('migrations')
#19 E:/CooperativeTraining/web/vendor/laravel/framework/src/Illuminate/Database/Migrations/Migrator.php(797): Illuminate/Database/Migrations/DatabaseMigrationRepository->repositoryExists()
#20 E:/CooperativeTraining/web/vendor/laravel/framework/src/Illuminate/Database/Console/Migrations/MigrateCommand.php(166): Illuminate/Database/Migrations/Migrator->repositoryExists()
#21 E:/CooperativeTraining/web/vendor/laravel/framework/src/Illuminate/Support/helpers.php(328): Illuminate/Database/Console/Migrations/MigrateCommand->{closure:Illuminate/Database/Console/Migrations/MigrateCommand::repositoryExists():166}(1)
#22 E:/CooperativeTraining/web/vendor/laravel/framework/src/Illuminate/Database/Console/Migrations/MigrateCommand.php(166): retry(1, Object(Closure), 0, Object(Closure))
#23 E:/CooperativeTraining/web/vendor/laravel/framework/src/Illuminate/Database/Console/Migrations/MigrateCommand.php(142): Illuminate/Database/Console/Migrations/MigrateCommand->repositoryExists()
#24 E:/CooperativeTraining/web/vendor/laravel/framework/src/Illuminate/Database/Console/Migrations/MigrateCommand.php(112): Illuminate/Database/Console/Migrations/MigrateCommand->prepareDatabase()
#25 E:/CooperativeTraining/web/vendor/laravel/framework/src/Illuminate/Database/Migrations/Migrator.php(672): Illuminate/Database/Console/Migrations/MigrateCommand->{closure:Illuminate/Database/Console/Migrations/MigrateCommand::runMigrations():111}()
#26 E:/CooperativeTraining/web/vendor/laravel/framework/src/Illuminate/Database/Console/Migrations/MigrateCommand.php(111): Illuminate/Database/Migrations/Migrator->usingConnection(NULL, Object(Closure))
#27 E:/CooperativeTraining/web/vendor/laravel/framework/src/Illuminate/Database/Console/Migrations/MigrateCommand.php(90): Illuminate/Database/Console/Migrations/MigrateCommand->runMigrations()
#28 E:/CooperativeTraining/web/vendor/laravel/framework/src/Illuminate/Container/BoundMethod.php(36): Illuminate/Database/Console/Migrations/MigrateCommand->handle()
#29 E:/CooperativeTraining/web/vendor/laravel/framework/src/Illuminate/Container/Util.php(43): Illuminate/Container/BoundMethod::{closure:Illuminate/Container/BoundMethod::call():35}()
#30 E:/CooperativeTraining/web/vendor/laravel/framework/src/Illuminate/Container/BoundMethod.php(96): Illuminate/Container/Util::unwrapIfClosure(Object(Closure))
#31 E:/CooperativeTraining/web/vendor/laravel/framework/src/Illuminate/Container/BoundMethod.php(35): Illuminate/Container/BoundMethod::callBoundMethod(Object(Illuminate/Foundation/Application), Array, Object(Closure))
#32 E:/CooperativeTraining/web/vendor/laravel/framework/src/Illuminate/Container/Container.php(803): Illuminate/Container/BoundMethod::call(Object(Illuminate/Foundation/Application), Array, Array, NULL)
#33 E:/CooperativeTraining/web/vendor/laravel/framework/src/Illuminate/Console/Command.php(292): Illuminate/Container/Container->call(Array)
#34 E:/CooperativeTraining/web/vendor/symfony/console/Command/Command.php(285): Illuminate/Console/Command->execute(Object(Symfony/Component/Console/Input/ArgvInput), Object(Laravel/Pao/Laravel/PaoOutputStyle))
#35 E:/CooperativeTraining/web/vendor/laravel/framework/src/Illuminate/Console/Command.php(261): Symfony/Component/Console/Command/Command->run(Object(Symfony/Component/Console/Input/ArgvInput), Object(Laravel/Pao/Laravel/PaoOutputStyle))
#36 E:/CooperativeTraining/web/vendor/symfony/console/Application.php(1144): Illuminate/Console/Command->run(Object(Symfony/Component/Console/Input/ArgvInput), Object(Symfony/Component/Console/Output/ConsoleOutput))
#37 E:/CooperativeTraining/web/vendor/symfony/console/Application.php(379): Symfony/Component/Console/Application->doRunCommand(Object(Illuminate/Database/Console/Migrations/MigrateCommand), Object(Symfony/Component/Console/Input/ArgvInput), Object(Symfony/Component/Console/Output/ConsoleOutput))
#38 E:/CooperativeTraining/web/vendor/symfony/console/Application.php(218): Symfony/Component/Console/Application->doRun(Object(Symfony/Component/Console/Input/ArgvInput), Object(Symfony/Component/Console/Output/ConsoleOutput))
#39 E:/CooperativeTraining/web/vendor/laravel/framework/src/Illuminate/Foundation/Console/Kernel.php(198): Symfony/Component/Console/Application->run(Object(Symfony/Component/Console/Input/ArgvInput), Object(Symfony/Component/Console/Output/ConsoleOutput))
#40 E:/CooperativeTraining/web/vendor/laravel/framework/src/Illuminate/Foundation/Application.php(1242): Illuminate/Foundation/Console/Kernel->handle(Object(Symfony/Component/Console/Input/ArgvInput), Object(Symfony/Component/Console/Output/ConsoleOutput))
#41 E:/CooperativeTraining/web/artisan(16): Illuminate/Foundation/Application->handleCommand(Object(Symfony/Component/Console/Input/ArgvInput))
#42 {main}
"} 
[2026-10-03 15:33:29] local.ERROR: The "--columns" option does not exist. {"exception":"[object] (Symfony\\Component\\Console\\Exception\\RuntimeException(code: 0): The \"--columns\" option does not exist. at E:/CooperativeTraining/web/vendor/symfony/console/Input/ArgvInput.php:226)
[stacktrace]
#0 E:/CooperativeTraining/web/vendor/symfony/console/Input/ArgvInput.php(153): Symfony/Component/Console/Input/ArgvInput->addLongOption('columns', 'method,uri,name...')
#1 E:/CooperativeTraining/web/vendor/symfony/console/Input/ArgvInput.php(88): Symfony/Component/Console/Input/ArgvInput->parseLongOption('--columns=metho...')
#2 E:/CooperativeTraining/web/vendor/symfony/console/Input/ArgvInput.php(77): Symfony/Component/Console/Input/ArgvInput->parseToken('--columns=metho...', true)
#3 E:/CooperativeTraining/web/vendor/symfony/console/Input/Input.php(53): Symfony/Component/Console/Input/ArgvInput->parse()
#4 E:/CooperativeTraining/web/vendor/symfony/console/Command/Command.php(238): Symfony/Component/Console/Input/Input->bind(Object(Symfony/Component/Console/Input/InputDefinition))
#5 E:/CooperativeTraining/web/vendor/laravel/framework/src/Illuminate/Console/Command.php(261): Symfony/Component/Console/Command/Command->run(Object(Symfony/Component/Console/Input/ArgvInput), Object(Laravel/Pao/Laravel/PaoOutputStyle))
#6 E:/CooperativeTraining/web/vendor/symfony/console/Application.php(1144): Illuminate/Console/Command->run(Object(Symfony/Component/Console/Input/ArgvInput), Object(Symfony/Component/Console/Output/ConsoleOutput))
#7 E:/CooperativeTraining/web/vendor/symfony/console/Application.php(379): Symfony/Component/Console/Application->doRunCommand(Object(Illuminate/Foundation/Console/RouteListCommand), Object(Symfony/Component/Console/Input/ArgvInput), Object(Symfony/Component/Console/Output/ConsoleOutput))
#8 E:/CooperativeTraining/web/vendor/symfony/console/Application.php(218): Symfony/Component/Console/Application->doRun(Object(Symfony/Component/Console/Input/ArgvInput), Object(Symfony/Component/Console/Output/ConsoleOutput))
#9 E:/CooperativeTraining/web/vendor/laravel/framework/src/Illuminate/Foundation/Console/Kernel.php(198): Symfony/Component/Console/Application->run(Object(Symfony/Component/Console/Input/ArgvInput), Object(Symfony/Component/Console/Output/ConsoleOutput))
#10 E:/CooperativeTraining/web/vendor/laravel/framework/src/Illuminate/Foundation/Application.php(1242): Illuminate/Foundation/Console/Kernel->handle(Object(Symfony/Component/Console/Input/ArgvInput), Object(Symfony/Component/Console/Output/ConsoleOutput))
#11 E:/CooperativeTraining/web/artisan(16): Illuminate/Foundation/Application->handleCommand(Object(Symfony/Component/Console/Input/ArgvInput))
#12 {main}
"} 
[2026-10-03 17:41:15] local.ERROR: SQLSTATE[HY000] [2002] No connection could be made because the target machine actively refused it (Connection: mysql, Host: localhost, Port: 3306, Database: cooperativeTraining, SQL: select * from `chatbot_knowledge` where `is_active` = 1) {"exception":"[object] (Illuminate\\Database\\QueryException(code: 2002): SQLSTATE[HY000] [2002] No connection could be made because the target machine actively refused it (Connection: mysql, Host: localhost, Port: 3306, Database: cooperativeTraining, SQL: select * from `chatbot_knowledge` where `is_active` = 1) at E:/CooperativeTraining/web/vendor/laravel/framework/src/Illuminate/Database/Connection.php:857)
[stacktrace]
#0 E:/CooperativeTraining/web/vendor/laravel/framework/src/Illuminate/Database/Connection.php(1038): Illuminate/Database/Connection->runQueryCallback('select * from `...', Array, Object(Closure))
#1 E:/CooperativeTraining/web/vendor/laravel/framework/src/Illuminate/Database/Connection.php(1017): Illuminate/Database/Connection->tryAgainIfCausedByLostConnection(Object(Illuminate/Database/QueryException), 'select * from `...', Array, Object(Closure))
#2 E:/CooperativeTraining/web/vendor/laravel/framework/src/Illuminate/Database/Connection.php(815): Illuminate/Database/Connection->handleQueryException(Object(Illuminate/Database/QueryException), 'select * from `...', Array, Object(Closure))
#3 E:/CooperativeTraining/web/vendor/laravel/framework/src/Illuminate/Database/Connection.php(426): Illuminate/Database/Connection->run('select * from `...', Array, Object(Closure))
#4 E:/CooperativeTraining/web/vendor/laravel/framework/src/Illuminate/Database/Query/Builder.php(3629): Illuminate/Database/Connection->select('select * from `...', Array, true, Array)
#5 E:/CooperativeTraining/web/vendor/laravel/framework/src/Illuminate/Database/Query/Builder.php(3613): Illuminate/Database/Query/Builder->runSelect()
#6 E:/CooperativeTraining/web/vendor/laravel/framework/src/Illuminate/Database/Eloquent/Builder.php(931): Illuminate/Database/Query/Builder->get(Array)
#7 E:/CooperativeTraining/web/vendor/laravel/framework/src/Illuminate/Database/Eloquent/Builder.php(913): Illuminate/Database/Eloquent/Builder->getModels(Array)
#8 E:/CooperativeTraining/web/app/Actions/ChatbotAnswerer.php(20): Illuminate/Database/Eloquent/Builder->get()
#9 E:/CooperativeTraining/web/app/Http/Controllers/ChatbotController.php(18): App/Actions/ChatbotAnswerer->answer('/xD8/xA3/xD9/x8A/xD9/x86 /xD8/xA3/xD8/xAC/xD8/xAF /xD8...')
#10 E:/CooperativeTraining/web/vendor/laravel/framework/src/Illuminate/Routing/ControllerDispatcher.php(46): App/Http/Controllers/ChatbotController->__invoke(Object(Illuminate/Http/Request), Object(App/Actions/ChatbotAnswerer))
#11 E:/CooperativeTraining/web/vendor/laravel/framework/src/Illuminate/Routing/Route.php(276): Illuminate/Routing/ControllerDispatcher->dispatch(Object(Illuminate/Routing/Route), Object(App/Http/Controllers/ChatbotController), '__invoke')
#12 E:/CooperativeTraining/web/vendor/laravel/framework/src/Illuminate/Routing/Route.php(216): Illuminate/Routing/Route->runController()
#13 E:/CooperativeTraining/web/vendor/laravel/framework/src/Illuminate/Routing/Router.php(822): Illuminate/Routing/Route->run()
#14 E:/CooperativeTraining/web/vendor/laravel/framework/src/Illuminate/Pipeline/Pipeline.php(180): Illuminate/Routing/Router->{closure:Illuminate/Routing/Router::runRouteWithinStack():821}(Object(Illuminate/Http/Request))
#15 E:/CooperativeTraining/web/app/Http/Middleware/SetLocale.php(25): Illuminate/Pipeline/Pipeline->{closure:Illuminate/Pipeline/Pipeline::prepareDestination():178}(Object(Illuminate/Http/Request))
#16 E:/CooperativeTraining/web/vendor/laravel/framework/src/Illuminate/Pipeline/Pipeline.php(219): App/Http/Middleware/SetLocale->handle(Object(Illuminate/Http/Request), Object(Closure))
#17 E:/CooperativeTraining/web/vendor/laravel/framework/src/Illuminate/Routing/Middleware/SubstituteBindings.php(52): Illuminate/Pipeline/Pipeline->{closure:{closure:Illuminate/Pipeline/Pipeline::carry():194}:195}(Object(Illuminate/Http/Request))
#18 E:/CooperativeTraining/web/vendor/laravel/framework/src/Illuminate/Pipeline/Pipeline.php(219): Illuminate/Routing/Middleware/SubstituteBindings->handle(Object(Illuminate/Http/Request), Object(Closure))
#19 E:/CooperativeTraining/web/vendor/laravel/framework/src/Illuminate/Routing/Middleware/ThrottleRequests.php(168): Illuminate/Pipeline/Pipeline->{closure:{closure:Illuminate/Pipeline/Pipeline::carry():194}:195}(Object(Illuminate/Http/Request))
#20 E:/CooperativeTraining/web/vendor/laravel/framework/src/Illuminate/Routing/Middleware/ThrottleRequests.php(93): Illuminate/Routing/Middleware/ThrottleRequests->handleRequest(Object(Illuminate/Http/Request), Object(Closure), Array)
#21 E:/CooperativeTraining/web/vendor/laravel/framework/src/Illuminate/Pipeline/Pipeline.php(219): Illuminate/Routing/Middleware/ThrottleRequests->handle(Object(Illuminate/Http/Request), Object(Closure), '12', '1')
#22 E:/CooperativeTraining/web/vendor/laravel/framework/src/Illuminate/Foundation/Http/Middleware/PreventRequestForgery.php(104): Illuminate/Pipeline/Pipeline->{closure:{closure:Illuminate/Pipeline/Pipeline::carry():194}:195}(Object(Illuminate/Http/Request))
#23 E:/CooperativeTraining/web/vendor/laravel/framework/src/Illuminate/Pipeline/Pipeline.php(219): Illuminate/Foundation/Http/Middleware/PreventRequestForgery->handle(Object(Illuminate/Http/Request), Object(Closure))
#24 E:/CooperativeTraining/web/vendor/laravel/framework/src/Illuminate/View/Middleware/ShareErrorsFromSession.php(48): Illuminate/Pipeline/Pipeline->{closure:{closure:Illuminate/Pipeline/Pipeline::carry():194}:195}(Object(Illuminate/Http/Request))
#25 E:/CooperativeTraining/web/vendor/laravel/framework/src/Illuminate/Pipeline/Pipeline.php(219): Illuminate/View/Middleware/ShareErrorsFromSession->handle(Object(Illuminate/Http/Request), Object(Closure))
#26 E:/CooperativeTraining/web/vendor/laravel/framework/src/Illuminate/Session/Middleware/StartSession.php(120): Illuminate/Pipeline/Pipeline->{closure:{closure:Illuminate/Pipeline/Pipeline::carry():194}:195}(Object(Illuminate/Http/Request))
#27 E:/CooperativeTraining/web/vendor/laravel/framework/src/Illuminate/Session/Middleware/StartSession.php(63): Illuminate/Session/Middleware/StartSession->handleStatefulRequest(Object(Illuminate/Http/Request), Object(Illuminate/Session/Store), Object(Closure))
#28 E:/CooperativeTraining/web/vendor/laravel/framework/src/Illuminate/Pipeline/Pipeline.php(219): Illuminate/Session/Middleware/StartSession->handle(Object(Illuminate/Http/Request), Object(Closure))
#29 E:/CooperativeTraining/web/vendor/laravel/framework/src/Illuminate/Cookie/Middleware/AddQueuedCookiesToResponse.php(36): Illuminate/Pipeline/Pipeline->{closure:{closure:Illuminate/Pipeline/Pipeline::carry():194}:195}(Object(Illuminate/Http/Request))
#30 E:/CooperativeTraining/web/vendor/laravel/framework/src/Illuminate/Pipeline/Pipeline.php(219): Illuminate/Cookie/Middleware/AddQueuedCookiesToResponse->handle(Object(Illuminate/Http/Request), Object(Closure))
#31 E:/CooperativeTraining/web/vendor/laravel/framework/src/Illuminate/Cookie/Middleware/EncryptCookies.php(74): Illuminate/Pipeline/Pipeline->{closure:{closure:Illuminate/Pipeline/Pipeline::carry():194}:195}(Object(Illuminate/Http/Request))
#32 E:/CooperativeTraining/web/vendor/laravel/framework/src/Illuminate/Pipeline/Pipeline.php(219): Illuminate/Cookie/Middleware/EncryptCookies->handle(Object(Illuminate/Http/Request), Object(Closure))
#33 E:/CooperativeTraining/web/vendor/laravel/framework/src/Illuminate/Pipeline/Pipeline.php(137): Illuminate/Pipeline/Pipeline->{closure:{closure:Illuminate/Pipeline/Pipeline::carry():194}:195}(Object(Illuminate/Http/Request))
#34 E:/CooperativeTraining/web/vendor/laravel/framework/src/Illuminate/Routing/Router.php(821): Illuminate/Pipeline/Pipeline->then(Object(Closure))
#35 E:/CooperativeTraining/web/vendor/laravel/framework/src/Illuminate/Routing/Router.php(800): Illuminate/Routing/Router->runRouteWithinStack(Object(Illuminate/Routing/Route), Object(Illuminate/Http/Request))
#36 E:/CooperativeTraining/web/vendor/laravel/framework/src/Illuminate/Routing/Router.php(764): Illuminate/Routing/Router->runRoute(Object(Illuminate/Http/Request), Object(Illuminate/Routing/Route))
#37 E:/CooperativeTraining/web/vendor/laravel/framework/src/Illuminate/Routing/Router.php(753): Illuminate/Routing/Router->dispatchToRoute(Object(Illuminate/Http/Request))
#38 E:/CooperativeTraining/web/vendor/laravel/framework/src/Illuminate/Foundation/Http/Kernel.php(200): Illuminate/Routing/Router->dispatch(Object(Illuminate/Http/Request))
#39 E:/CooperativeTraining/web/vendor/laravel/framework/src/Illuminate/Pipeline/Pipeline.php(180): Illuminate/Foundation/Http/Kernel->{closure:Illuminate/Foundation/Http/Kernel::dispatchToRouter():197}(Object(Illuminate/Http/Request))
#40 E:/CooperativeTraining/web/vendor/livewire/livewire/src/Features/SupportDisablingBackButtonCache/DisableBackButtonCacheMiddleware.php(19): Illuminate/Pipeline/Pipeline->{closure:Illuminate/Pipeline/Pipeline::prepareDestination():178}(Object(Illuminate/Http/Request))
#41 E:/CooperativeTraining/web/vendor/laravel/framework/src/Illuminate/Pipeline/Pipeline.php(219): Livewire/Features/SupportDisablingBackButtonCache/DisableBackButtonCacheMiddleware->handle(Object(Illuminate/Http/Request), Object(Closure))
#42 E:/CooperativeTraining/web/vendor/laravel/framework/src/Illuminate/Foundation/Http/Middleware/TransformsRequest.php(21): Illuminate/Pipeline/Pipeline->{closure:{closure:Illuminate/Pipeline/Pipeline::carry():194}:195}(Object(Illuminate/Http/Request))
#43 E:/CooperativeTraining/web/vendor/laravel/framework/src/Illuminate/Foundation/Http/Middleware/ConvertEmptyStringsToNull.php(31): Illuminate/Foundation/Http/Middleware/TransformsRequest->handle(Object(Illuminate/Http/Request), Object(Closure))
#44 E:/CooperativeTraining/web/vendor/laravel/framework/src/Illuminate/Pipeline/Pipeline.php(219): Illuminate/Foundation/Http/Middleware/ConvertEmptyStringsToNull->handle(Object(Illuminate/Http/Request), Object(Closure))
#45 E:/CooperativeTraining/web/vendor/laravel/framework/src/Illuminate/Foundation/Http/Middleware/TransformsRequest.php(21): Illuminate/Pipeline/Pipeline->{closure:{closure:Illuminate/Pipeline/Pipeline::carry():194}:195}(Object(Illuminate/Http/Request))
#46 E:/CooperativeTraining/web/vendor/laravel/framework/src/Illuminate/Foundation/Http/Middleware/TrimStrings.php(51): Illuminate/Foundation/Http/Middleware/TransformsRequest->handle(Object(Illuminate/Http/Request), Object(Closure))
#47 E:/CooperativeTraining/web/vendor/laravel/framework/src/Illuminate/Pipeline/Pipeline.php(219): Illuminate/Foundation/Http/Middleware/TrimStrings->handle(Object(Illuminate/Http/Request), Object(Closure))
#48 E:/CooperativeTraining/web/vendor/laravel/framework/src/Illuminate/Http/Middleware/ValidatePostSize.php(27): Illuminate/Pipeline/Pipeline->{closure:{closure:Illuminate/Pipeline/Pipeline::carry():194}:195}(Object(Illuminate/Http/Request))
#49 E:/CooperativeTraining/web/vendor/laravel/framework/src/Illuminate/Pipeline/Pipeline.php(219): Illuminate/Http/Middleware/ValidatePostSize->handle(Object(Illuminate/Http/Request), Object(Closure))
#50 E:/CooperativeTraining/web/vendor/laravel/framework/src/Illuminate/Foundation/Http/Middleware/PreventRequestsDuringMaintenance.php(110): Illuminate/Pipeline/Pipeline->{closure:{closure:Illuminate/Pipeline/Pipeline::carry():194}:195}(Object(Illuminate/Http/Request))
#51 E:/CooperativeTraining/web/vendor/laravel/framework/src/Illuminate/Pipeline/Pipeline.php(219): Illuminate/Foundation/Http/Middleware/PreventRequestsDuringMaintenance->handle(Object(Illuminate/Http/Request), Object(Closure))
#52 E:/CooperativeTraining/web/vendor/laravel/framework/src/Illuminate/Http/Middleware/HandleCors.php(61): Illuminate/Pipeline/Pipeline->{closure:{closure:Illuminate/Pipeline/Pipeline::carry():194}:195}(Object(Illuminate/Http/Request))
#53 E:/CooperativeTraining/web/vendor/laravel/framework/src/Illuminate/Pipeline/Pipeline.php(219): Illuminate/Http/Middleware/HandleCors->handle(Object(Illuminate/Http/Request), Object(Closure))
#54 E:/CooperativeTraining/web/vendor/laravel/framework/src/Illuminate/Http/Middleware/TrustProxies.php(58): Illuminate/Pipeline/Pipeline->{closure:{closure:Illuminate/Pipeline/Pipeline::carry():194}:195}(Object(Illuminate/Http/Request))
#55 E:/CooperativeTraining/web/vendor/laravel/framework/src/Illuminate/Pipeline/Pipeline.php(219): Illuminate/Http/Middleware/TrustProxies->handle(Object(Illuminate/Http/Request), Object(Closure))
#56 E:/CooperativeTraining/web/vendor/laravel/framework/src/Illuminate/Foundation/Http/Middleware/InvokeDeferredCallbacks.php(22): Illuminate/Pipeline/Pipeline->{closure:{closure:Illuminate/Pipeline/Pipeline::carry():194}:195}(Object(Illuminate/Http/Request))
#57 E:/CooperativeTraining/web/vendor/laravel/framework/src/Illuminate/Pipeline/Pipeline.php(219): Illuminate/Foundation/Http/Middleware/InvokeDeferredCallbacks->handle(Object(Illuminate/Http/Request), Object(Closure))
#58 E:/CooperativeTraining/web/vendor/laravel/framework/src/Illuminate/Http/Middleware/ValidatePathEncoding.php(28): Illuminate/Pipeline/Pipeline->{closure:{closure:Illuminate/Pipeline/Pipeline::carry():194}:195}(Object(Illuminate/Http/Request))
#59 E:/CooperativeTraining/web/vendor/laravel/framework/src/Illuminate/Pipeline/Pipeline.php(219): Illuminate/Http/Middleware/ValidatePathEncoding->handle(Object(Illuminate/Http/Request), Object(Closure))
#60 E:/CooperativeTraining/web/vendor/laravel/framework/src/Illuminate/Pipeline/Pipeline.php(137): Illuminate/Pipeline/Pipeline->{closure:{closure:Illuminate/Pipeline/Pipeline::carry():194}:195}(Object(Illuminate/Http/Request))
#61 E:/CooperativeTraining/web/vendor/laravel/framework/src/Illuminate/Foundation/Http/Kernel.php(175): Illuminate/Pipeline/Pipeline->then(Object(Closure))
#62 E:/CooperativeTraining/web/vendor/laravel/framework/src/Illuminate/Foundation/Http/Kernel.php(144): Illuminate/Foundation/Http/Kernel->sendRequestThroughRouter(Object(Illuminate/Http/Request))
#63 E:/CooperativeTraining/web/vendor/laravel/framework/src/Illuminate/Foundation/Application.php(1227): Illuminate/Foundation/Http/Kernel->handle(Object(Illuminate/Http/Request))
#64 E:/CooperativeTraining/web/public/index.php(20): Illuminate/Foundation/Application->handleRequest(Object(Illuminate/Http/Request))
#65 E:/CooperativeTraining/web/vendor/laravel/framework/src/Illuminate/Foundation/resources/server.php(23): require_once('E://CooperativeT...')
#66 {main}

[previous exception] [object] (PDOException(code: 2002): SQLSTATE[HY000] [2002] No connection could be made because the target machine actively refused it at E:/CooperativeTraining/web/vendor/laravel/framework/src/Illuminate/Database/Connectors/Connector.php:67)
[stacktrace]
#0 E:/CooperativeTraining/web/vendor/laravel/framework/src/Illuminate/Database/Connectors/Connector.php(67): PDO::connect('mysql:host=loca...', 'root', Object(SensitiveParameterValue), Array)
#1 E:/CooperativeTraining/web/vendor/laravel/framework/src/Illuminate/Database/Connectors/Connector.php(85): Illuminate/Database/Connectors/Connector->createPdoConnection('mysql:host=loca...', 'root', Object(SensitiveParameterValue), Array)
#2 E:/CooperativeTraining/web/vendor/laravel/framework/src/Illuminate/Database/Connectors/Connector.php(48): Illuminate/Database/Connectors/Connector->tryAgainIfCausedByLostConnection(Object(PDOException), 'mysql:host=loca...', 'root', Object(SensitiveParameterValue), Array)
#3 E:/CooperativeTraining/web/vendor/laravel/framework/src/Illuminate/Database/Connectors/MySqlConnector.php(24): Illuminate/Database/Connectors/Connector->createConnection('mysql:host=loca...', Array, Array)
#4 E:/CooperativeTraining/web/vendor/laravel/framework/src/Illuminate/Database/Connectors/ConnectionFactory.php(220): Illuminate/Database/Connectors/MySqlConnector->connect(Array)
#5 [internal function]: Illuminate/Database/Connectors/ConnectionFactory->{closure:Illuminate/Database/Connectors/ConnectionFactory::createPdoResolverWithHosts():213}()
#6 E:/CooperativeTraining/web/vendor/laravel/framework/src/Illuminate/Database/Connection.php(1298): call_user_func(Object(Closure))
#7 E:/CooperativeTraining/web/vendor/laravel/framework/src/Illuminate/Database/Connection.php(1336): Illuminate/Database/Connection->getPdo()
#8 E:/CooperativeTraining/web/vendor/laravel/framework/src/Illuminate/Database/Connection.php(542): Illuminate/Database/Connection->getReadPdo()
#9 E:/CooperativeTraining/web/vendor/laravel/framework/src/Illuminate/Database/Connection.php(435): Illuminate/Database/Connection->getPdoForSelect(true)
#10 E:/CooperativeTraining/web/vendor/laravel/framework/src/Illuminate/Database/Connection.php(846): Illuminate/Database/Connection->{closure:Illuminate/Database/Connection::select():426}('select * from `...', Array)
#11 E:/CooperativeTraining/web/vendor/laravel/framework/src/Illuminate/Database/Connection.php(1038): Illuminate/Database/Connection->runQueryCallback('select * from `...', Array, Object(Closure))
#12 E:/CooperativeTraining/web/vendor/laravel/framework/src/Illuminate/Database/Connection.php(1017): Illuminate/Database/Connection->tryAgainIfCausedByLostConnection(Object(Illuminate/Database/QueryException), 'select * from `...', Array, Object(Closure))
#13 E:/CooperativeTraining/web/vendor/laravel/framework/src/Illuminate/Database/Connection.php(815): Illuminate/Database/Connection->handleQueryException(Object(Illuminate/Database/QueryException), 'select * from `...', Array, Object(Closure))
#14 E:/CooperativeTraining/web/vendor/laravel/framework/src/Illuminate/Database/Connection.php(426): Illuminate/Database/Connection->run('select * from `...', Array, Object(Closure))
#15 E:/CooperativeTraining/web/vendor/laravel/framework/src/Illuminate/Database/Query/Builder.php(3629): Illuminate/Database/Connection->select('select * from `...', Array, true, Array)
#16 E:/CooperativeTraining/web/vendor/laravel/framework/src/Illuminate/Database/Query/Builder.php(3613): Illuminate/Database/Query/Builder->runSelect()
#17 E:/CooperativeTraining/web/vendor/laravel/framework/src/Illuminate/Database/Eloquent/Builder.php(931): Illuminate/Database/Query/Builder->get(Array)
#18 E:/CooperativeTraining/web/vendor/laravel/framework/src/Illuminate/Database/Eloquent/Builder.php(913): Illuminate/Database/Eloquent/Builder->getModels(Array)
#19 E:/CooperativeTraining/web/app/Actions/ChatbotAnswerer.php(20): Illuminate/Database/Eloquent/Builder->get()
#20 E:/CooperativeTraining/web/app/Http/Controllers/ChatbotController.php(18): App/Actions/ChatbotAnswerer->answer('/xD8/xA3/xD9/x8A/xD9/x86 /xD8/xA3/xD8/xAC/xD8/xAF /xD8...')
#21 E:/CooperativeTraining/web/vendor/laravel/framework/src/Illuminate/Routing/ControllerDispatcher.php(46): App/Http/Controllers/ChatbotController->__invoke(Object(Illuminate/Http/Request), Object(App/Actions/ChatbotAnswerer))
#22 E:/CooperativeTraining/web/vendor/laravel/framework/src/Illuminate/Routing/Route.php(276): Illuminate/Routing/ControllerDispatcher->dispatch(Object(Illuminate/Routing/Route), Object(App/Http/Controllers/ChatbotController), '__invoke')
#23 E:/CooperativeTraining/web/vendor/laravel/framework/src/Illuminate/Routing/Route.php(216): Illuminate/Routing/Route->runController()
#24 E:/CooperativeTraining/web/vendor/laravel/framework/src/Illuminate/Routing/Router.php(822): Illuminate/Routing/Route->run()
#25 E:/CooperativeTraining/web/vendor/laravel/framework/src/Illuminate/Pipeline/Pipeline.php(180): Illuminate/Routing/Router->{closure:Illuminate/Routing/Router::runRouteWithinStack():821}(Object(Illuminate/Http/Request))
#26 E:/CooperativeTraining/web/app/Http/Middleware/SetLocale.php(25): Illuminate/Pipeline/Pipeline->{closure:Illuminate/Pipeline/Pipeline::prepareDestination():178}(Object(Illuminate/Http/Request))
#27 E:/CooperativeTraining/web/vendor/laravel/framework/src/Illuminate/Pipeline/Pipeline.php(219): App/Http/Middleware/SetLocale->handle(Object(Illuminate/Http/Request), Object(Closure))
#28 E:/CooperativeTraining/web/vendor/laravel/framework/src/Illuminate/Routing/Middleware/SubstituteBindings.php(52): Illuminate/Pipeline/Pipeline->{closure:{closure:Illuminate/Pipeline/Pipeline::carry():194}:195}(Object(Illuminate/Http/Request))
#29 E:/CooperativeTraining/web/vendor/laravel/framework/src/Illuminate/Pipeline/Pipeline.php(219): Illuminate/Routing/Middleware/SubstituteBindings->handle(Object(Illuminate/Http/Request), Object(Closure))
#30 E:/CooperativeTraining/web/vendor/laravel/framework/src/Illuminate/Routing/Middleware/ThrottleRequests.php(168): Illuminate/Pipeline/Pipeline->{closure:{closure:Illuminate/Pipeline/Pipeline::carry():194}:195}(Object(Illuminate/Http/Request))
#31 E:/CooperativeTraining/web/vendor/laravel/framework/src/Illuminate/Routing/Middleware/ThrottleRequests.php(93): Illuminate/Routing/Middleware/ThrottleRequests->handleRequest(Object(Illuminate/Http/Request), Object(Closure), Array)
#32 E:/CooperativeTraining/web/vendor/laravel/framework/src/Illuminate/Pipeline/Pipeline.php(219): Illuminate/Routing/Middleware/ThrottleRequests->handle(Object(Illuminate/Http/Request), Object(Closure), '12', '1')
#33 E:/CooperativeTraining/web/vendor/laravel/framework/src/Illuminate/Foundation/Http/Middleware/PreventRequestForgery.php(104): Illuminate/Pipeline/Pipeline->{closure:{closure:Illuminate/Pipeline/Pipeline::carry():194}:195}(Object(Illuminate/Http/Request))
#34 E:/CooperativeTraining/web/vendor/laravel/framework/src/Illuminate/Pipeline/Pipeline.php(219): Illuminate/Foundation/Http/Middleware/PreventRequestForgery->handle(Object(Illuminate/Http/Request), Object(Closure))
#35 E:/CooperativeTraining/web/vendor/laravel/framework/src/Illuminate/View/Middleware/ShareErrorsFromSession.php(48): Illuminate/Pipeline/Pipeline->{closure:{closure:Illuminate/Pipeline/Pipeline::carry():194}:195}(Object(Illuminate/Http/Request))
#36 E:/CooperativeTraining/web/vendor/laravel/framework/src/Illuminate/Pipeline/Pipeline.php(219): Illuminate/View/Middleware/ShareErrorsFromSession->handle(Object(Illuminate/Http/Request), Object(Closure))
#37 E:/CooperativeTraining/web/vendor/laravel/framework/src/Illuminate/Session/Middleware/StartSession.php(120): Illuminate/Pipeline/Pipeline->{closure:{closure:Illuminate/Pipeline/Pipeline::carry():194}:195}(Object(Illuminate/Http/Request))
#38 E:/CooperativeTraining/web/vendor/laravel/framework/src/Illuminate/Session/Middleware/StartSession.php(63): Illuminate/Session/Middleware/StartSession->handleStatefulRequest(Object(Illuminate/Http/Request), Object(Illuminate/Session/Store), Object(Closure))
#39 E:/CooperativeTraining/web/vendor/laravel/framework/src/Illuminate/Pipeline/Pipeline.php(219): Illuminate/Session/Middleware/StartSession->handle(Object(Illuminate/Http/Request), Object(Closure))
#40 E:/CooperativeTraining/web/vendor/laravel/framework/src/Illuminate/Cookie/Middleware/AddQueuedCookiesToResponse.php(36): Illuminate/Pipeline/Pipeline->{closure:{closure:Illuminate/Pipeline/Pipeline::carry():194}:195}(Object(Illuminate/Http/Request))
#41 E:/CooperativeTraining/web/vendor/laravel/framework/src/Illuminate/Pipeline/Pipeline.php(219): Illuminate/Cookie/Middleware/AddQueuedCookiesToResponse->handle(Object(Illuminate/Http/Request), Object(Closure))
#42 E:/CooperativeTraining/web/vendor/laravel/framework/src/Illuminate/Cookie/Middleware/EncryptCookies.php(74): Illuminate/Pipeline/Pipeline->{closure:{closure:Illuminate/Pipeline/Pipeline::carry():194}:195}(Object(Illuminate/Http/Request))
#43 E:/CooperativeTraining/web/vendor/laravel/framework/src/Illuminate/Pipeline/Pipeline.php(219): Illuminate/Cookie/Middleware/EncryptCookies->handle(Object(Illuminate/Http/Request), Object(Closure))
#44 E:/CooperativeTraining/web/vendor/laravel/framework/src/Illuminate/Pipeline/Pipeline.php(137): Illuminate/Pipeline/Pipeline->{closure:{closure:Illuminate/Pipeline/Pipeline::carry():194}:195}(Object(Illuminate/Http/Request))
#45 E:/CooperativeTraining/web/vendor/laravel/framework/src/Illuminate/Routing/Router.php(821): Illuminate/Pipeline/Pipeline->then(Object(Closure))
#46 E:/CooperativeTraining/web/vendor/laravel/framework/src/Illuminate/Routing/Router.php(800): Illuminate/Routing/Router->runRouteWithinStack(Object(Illuminate/Routing/Route), Object(Illuminate/Http/Request))
#47 E:/CooperativeTraining/web/vendor/laravel/framework/src/Illuminate/Routing/Router.php(764): Illuminate/Routing/Router->runRoute(Object(Illuminate/Http/Request), Object(Illuminate/Routing/Route))
#48 E:/CooperativeTraining/web/vendor/laravel/framework/src/Illuminate/Routing/Router.php(753): Illuminate/Routing/Router->dispatchToRoute(Object(Illuminate/Http/Request))
#49 E:/CooperativeTraining/web/vendor/laravel/framework/src/Illuminate/Foundation/Http/Kernel.php(200): Illuminate/Routing/Router->dispatch(Object(Illuminate/Http/Request))
#50 E:/CooperativeTraining/web/vendor/laravel/framework/src/Illuminate/Pipeline/Pipeline.php(180): Illuminate/Foundation/Http/Kernel->{closure:Illuminate/Foundation/Http/Kernel::dispatchToRouter():197}(Object(Illuminate/Http/Request))
#51 E:/CooperativeTraining/web/vendor/livewire/livewire/src/Features/SupportDisablingBackButtonCache/DisableBackButtonCacheMiddleware.php(19): Illuminate/Pipeline/Pipeline->{closure:Illuminate/Pipeline/Pipeline::prepareDestination():178}(Object(Illuminate/Http/Request))
#52 E:/CooperativeTraining/web/vendor/laravel/framework/src/Illuminate/Pipeline/Pipeline.php(219): Livewire/Features/SupportDisablingBackButtonCache/DisableBackButtonCacheMiddleware->handle(Object(Illuminate/Http/Request), Object(Closure))
#53 E:/CooperativeTraining/web/vendor/laravel/framework/src/Illuminate/Foundation/Http/Middleware/TransformsRequest.php(21): Illuminate/Pipeline/Pipeline->{closure:{closure:Illuminate/Pipeline/Pipeline::carry():194}:195}(Object(Illuminate/Http/Request))
#54 E:/CooperativeTraining/web/vendor/laravel/framework/src/Illuminate/Foundation/Http/Middleware/ConvertEmptyStringsToNull.php(31): Illuminate/Foundation/Http/Middleware/TransformsRequest->handle(Object(Illuminate/Http/Request), Object(Closure))
#55 E:/CooperativeTraining/web/vendor/laravel/framework/src/Illuminate/Pipeline/Pipeline.php(219): Illuminate/Foundation/Http/Middleware/ConvertEmptyStringsToNull->handle(Object(Illuminate/Http/Request), Object(Closure))
#56 E:/CooperativeTraining/web/vendor/laravel/framework/src/Illuminate/Foundation/Http/Middleware/TransformsRequest.php(21): Illuminate/Pipeline/Pipeline->{closure:{closure:Illuminate/Pipeline/Pipeline::carry():194}:195}(Object(Illuminate/Http/Request))
#57 E:/CooperativeTraining/web/vendor/laravel/framework/src/Illuminate/Foundation/Http/Middleware/TrimStrings.php(51): Illuminate/Foundation/Http/Middleware/TransformsRequest->handle(Object(Illuminate/Http/Request), Object(Closure))
#58 E:/CooperativeTraining/web/vendor/laravel/framework/src/Illuminate/Pipeline/Pipeline.php(219): Illuminate/Foundation/Http/Middleware/TrimStrings->handle(Object(Illuminate/Http/Request), Object(Closure))
#59 E:/CooperativeTraining/web/vendor/laravel/framework/src/Illuminate/Http/Middleware/ValidatePostSize.php(27): Illuminate/Pipeline/Pipeline->{closure:{closure:Illuminate/Pipeline/Pipeline::carry():194}:195}(Object(Illuminate/Http/Request))
#60 E:/CooperativeTraining/web/vendor/laravel/framework/src/Illuminate/Pipeline/Pipeline.php(219): Illuminate/Http/Middleware/ValidatePostSize->handle(Object(Illuminate/Http/Request), Object(Closure))
#61 E:/CooperativeTraining/web/vendor/laravel/framework/src/Illuminate/Foundation/Http/Middleware/PreventRequestsDuringMaintenance.php(110): Illuminate/Pipeline/Pipeline->{closure:{closure:Illuminate/Pipeline/Pipeline::carry():194}:195}(Object(Illuminate/Http/Request))
#62 E:/CooperativeTraining/web/vendor/laravel/framework/src/Illuminate/Pipeline/Pipeline.php(219): Illuminate/Foundation/Http/Middleware/PreventRequestsDuringMaintenance->handle(Object(Illuminate/Http/Request), Object(Closure))
#63 E:/CooperativeTraining/web/vendor/laravel/framework/src/Illuminate/Http/Middleware/HandleCors.php(61): Illuminate/Pipeline/Pipeline->{closure:{closure:Illuminate/Pipeline/Pipeline::carry():194}:195}(Object(Illuminate/Http/Request))
#64 E:/CooperativeTraining/web/vendor/laravel/framework/src/Illuminate/Pipeline/Pipeline.php(219): Illuminate/Http/Middleware/HandleCors->handle(Object(Illuminate/Http/Request), Object(Closure))
#65 E:/CooperativeTraining/web/vendor/laravel/framework/src/Illuminate/Http/Middleware/TrustProxies.php(58): Illuminate/Pipeline/Pipeline->{closure:{closure:Illuminate/Pipeline/Pipeline::carry():194}:195}(Object(Illuminate/Http/Request))
#66 E:/CooperativeTraining/web/vendor/laravel/framework/src/Illuminate/Pipeline/Pipeline.php(219): Illuminate/Http/Middleware/TrustProxies->handle(Object(Illuminate/Http/Request), Object(Closure))
#67 E:/CooperativeTraining/web/vendor/laravel/framework/src/Illuminate/Foundation/Http/Middleware/InvokeDeferredCallbacks.php(22): Illuminate/Pipeline/Pipeline->{closure:{closure:Illuminate/Pipeline/Pipeline::carry():194}:195}(Object(Illuminate/Http/Request))
#68 E:/CooperativeTraining/web/vendor/laravel/framework/src/Illuminate/Pipeline/Pipeline.php(219): Illuminate/Foundation/Http/Middleware/InvokeDeferredCallbacks->handle(Object(Illuminate/Http/Request), Object(Closure))
#69 E:/CooperativeTraining/web/vendor/laravel/framework/src/Illuminate/Http/Middleware/ValidatePathEncoding.php(28): Illuminate/Pipeline/Pipeline->{closure:{closure:Illuminate/Pipeline/Pipeline::carry():194}:195}(Object(Illuminate/Http/Request))
#70 E:/CooperativeTraining/web/vendor/laravel/framework/src/Illuminate/Pipeline/Pipeline.php(219): Illuminate/Http/Middleware/ValidatePathEncoding->handle(Object(Illuminate/Http/Request), Object(Closure))
#71 E:/CooperativeTraining/web/vendor/laravel/framework/src/Illuminate/Pipeline/Pipeline.php(137): Illuminate/Pipeline/Pipeline->{closure:{closure:Illuminate/Pipeline/Pipeline::carry():194}:195}(Object(Illuminate/Http/Request))
#72 E:/CooperativeTraining/web/vendor/laravel/framework/src/Illuminate/Foundation/Http/Kernel.php(175): Illuminate/Pipeline/Pipeline->then(Object(Closure))
#73 E:/CooperativeTraining/web/vendor/laravel/framework/src/Illuminate/Foundation/Http/Kernel.php(144): Illuminate/Foundation/Http/Kernel->sendRequestThroughRouter(Object(Illuminate/Http/Request))
#74 E:/CooperativeTraining/web/vendor/laravel/framework/src/Illuminate/Foundation/Application.php(1227): Illuminate/Foundation/Http/Kernel->handle(Object(Illuminate/Http/Request))
#75 E:/CooperativeTraining/web/public/index.php(20): Illuminate/Foundation/Application->handleRequest(Object(Illuminate/Http/Request))
#76 E:/CooperativeTraining/web/vendor/laravel/framework/src/Illuminate/Foundation/resources/server.php(23): require_once('E://CooperativeT...')
#77 {main}
"} 
[2026-10-03 17:41:41] local.ERROR: SQLSTATE[HY000] [2002] No connection could be made because the target machine actively refused it (Connection: mysql, Host: localhost, Port: 3306, Database: cooperativeTraining, SQL: select * from `chatbot_knowledge` where `is_active` = 1) {"exception":"[object] (Illuminate\\Database\\QueryException(code: 2002): SQLSTATE[HY000] [2002] No connection could be made because the target machine actively refused it (Connection: mysql, Host: localhost, Port: 3306, Database: cooperativeTraining, SQL: select * from `chatbot_knowledge` where `is_active` = 1) at E:/CooperativeTraining/web/vendor/laravel/framework/src/Illuminate/Database/Connection.php:857)
[stacktrace]
#0 E:/CooperativeTraining/web/vendor/laravel/framework/src/Illuminate/Database/Connection.php(1038): Illuminate/Database/Connection->runQueryCallback('select * from `...', Array, Object(Closure))
#1 E:/CooperativeTraining/web/vendor/laravel/framework/src/Illuminate/Database/Connection.php(1017): Illuminate/Database/Connection->tryAgainIfCausedByLostConnection(Object(Illuminate/Database/QueryException), 'select * from `...', Array, Object(Closure))
#2 E:/CooperativeTraining/web/vendor/laravel/framework/src/Illuminate/Database/Connection.php(815): Illuminate/Database/Connection->handleQueryException(Object(Illuminate/Database/QueryException), 'select * from `...', Array, Object(Closure))
#3 E:/CooperativeTraining/web/vendor/laravel/framework/src/Illuminate/Database/Connection.php(426): Illuminate/Database/Connection->run('select * from `...', Array, Object(Closure))
#4 E:/CooperativeTraining/web/vendor/laravel/framework/src/Illuminate/Database/Query/Builder.php(3629): Illuminate/Database/Connection->select('select * from `...', Array, true, Array)
#5 E:/CooperativeTraining/web/vendor/laravel/framework/src/Illuminate/Database/Query/Builder.php(3613): Illuminate/Database/Query/Builder->runSelect()
#6 E:/CooperativeTraining/web/vendor/laravel/framework/src/Illuminate/Database/Eloquent/Builder.php(931): Illuminate/Database/Query/Builder->get(Array)
#7 E:/CooperativeTraining/web/vendor/laravel/framework/src/Illuminate/Database/Eloquent/Builder.php(913): Illuminate/Database/Eloquent/Builder->getModels(Array)
#8 E:/CooperativeTraining/web/app/Actions/ChatbotAnswerer.php(20): Illuminate/Database/Eloquent/Builder->get()
#9 E:/CooperativeTraining/web/app/Http/Controllers/ChatbotController.php(18): App/Actions/ChatbotAnswerer->answer('/xD8/xA3/xD9/x8A/xD9/x86 /xD8/xA3/xD8/xAC/xD8/xAF /xD8...')
#10 E:/CooperativeTraining/web/vendor/laravel/framework/src/Illuminate/Routing/ControllerDispatcher.php(46): App/Http/Controllers/ChatbotController->__invoke(Object(Illuminate/Http/Request), Object(App/Actions/ChatbotAnswerer))
#11 E:/CooperativeTraining/web/vendor/laravel/framework/src/Illuminate/Routing/Route.php(276): Illuminate/Routing/ControllerDispatcher->dispatch(Object(Illuminate/Routing/Route), Object(App/Http/Controllers/ChatbotController), '__invoke')
#12 E:/CooperativeTraining/web/vendor/laravel/framework/src/Illuminate/Routing/Route.php(216): Illuminate/Routing/Route->runController()
#13 E:/CooperativeTraining/web/vendor/laravel/framework/src/Illuminate/Routing/Router.php(822): Illuminate/Routing/Route->run()
#14 E:/CooperativeTraining/web/vendor/laravel/framework/src/Illuminate/Pipeline/Pipeline.php(180): Illuminate/Routing/Router->{closure:Illuminate/Routing/Router::runRouteWithinStack():821}(Object(Illuminate/Http/Request))
#15 E:/CooperativeTraining/web/app/Http/Middleware/SetLocale.php(25): Illuminate/Pipeline/Pipeline->{closure:Illuminate/Pipeline/Pipeline::prepareDestination():178}(Object(Illuminate/Http/Request))
#16 E:/CooperativeTraining/web/vendor/laravel/framework/src/Illuminate/Pipeline/Pipeline.php(219): App/Http/Middleware/SetLocale->handle(Object(Illuminate/Http/Request), Object(Closure))
#17 E:/CooperativeTraining/web/vendor/laravel/framework/src/Illuminate/Routing/Middleware/SubstituteBindings.php(52): Illuminate/Pipeline/Pipeline->{closure:{closure:Illuminate/Pipeline/Pipeline::carry():194}:195}(Object(Illuminate/Http/Request))
#18 E:/CooperativeTraining/web/vendor/laravel/framework/src/Illuminate/Pipeline/Pipeline.php(219): Illuminate/Routing/Middleware/SubstituteBindings->handle(Object(Illuminate/Http/Request), Object(Closure))
#19 E:/CooperativeTraining/web/vendor/laravel/framework/src/Illuminate/Routing/Middleware/ThrottleRequests.php(168): Illuminate/Pipeline/Pipeline->{closure:{closure:Illuminate/Pipeline/Pipeline::carry():194}:195}(Object(Illuminate/Http/Request))
#20 E:/CooperativeTraining/web/vendor/laravel/framework/src/Illuminate/Routing/Middleware/ThrottleRequests.php(93): Illuminate/Routing/Middleware/ThrottleRequests->handleRequest(Object(Illuminate/Http/Request), Object(Closure), Array)
#21 E:/CooperativeTraining/web/vendor/laravel/framework/src/Illuminate/Pipeline/Pipeline.php(219): Illuminate/Routing/Middleware/ThrottleRequests->handle(Object(Illuminate/Http/Request), Object(Closure), '12', '1')
#22 E:/CooperativeTraining/web/vendor/laravel/framework/src/Illuminate/Foundation/Http/Middleware/PreventRequestForgery.php(104): Illuminate/Pipeline/Pipeline->{closure:{closure:Illuminate/Pipeline/Pipeline::carry():194}:195}(Object(Illuminate/Http/Request))
#23 E:/CooperativeTraining/web/vendor/laravel/framework/src/Illuminate/Pipeline/Pipeline.php(219): Illuminate/Foundation/Http/Middleware/PreventRequestForgery->handle(Object(Illuminate/Http/Request), Object(Closure))
#24 E:/CooperativeTraining/web/vendor/laravel/framework/src/Illuminate/View/Middleware/ShareErrorsFromSession.php(48): Illuminate/Pipeline/Pipeline->{closure:{closure:Illuminate/Pipeline/Pipeline::carry():194}:195}(Object(Illuminate/Http/Request))
#25 E:/CooperativeTraining/web/vendor/laravel/framework/src/Illuminate/Pipeline/Pipeline.php(219): Illuminate/View/Middleware/ShareErrorsFromSession->handle(Object(Illuminate/Http/Request), Object(Closure))
#26 E:/CooperativeTraining/web/vendor/laravel/framework/src/Illuminate/Session/Middleware/StartSession.php(120): Illuminate/Pipeline/Pipeline->{closure:{closure:Illuminate/Pipeline/Pipeline::carry():194}:195}(Object(Illuminate/Http/Request))
#27 E:/CooperativeTraining/web/vendor/laravel/framework/src/Illuminate/Session/Middleware/StartSession.php(63): Illuminate/Session/Middleware/StartSession->handleStatefulRequest(Object(Illuminate/Http/Request), Object(Illuminate/Session/Store), Object(Closure))
#28 E:/CooperativeTraining/web/vendor/laravel/framework/src/Illuminate/Pipeline/Pipeline.php(219): Illuminate/Session/Middleware/StartSession->handle(Object(Illuminate/Http/Request), Object(Closure))
#29 E:/CooperativeTraining/web/vendor/laravel/framework/src/Illuminate/Cookie/Middleware/AddQueuedCookiesToResponse.php(36): Illuminate/Pipeline/Pipeline->{closure:{closure:Illuminate/Pipeline/Pipeline::carry():194}:195}(Object(Illuminate/Http/Request))
#30 E:/CooperativeTraining/web/vendor/laravel/framework/src/Illuminate/Pipeline/Pipeline.php(219): Illuminate/Cookie/Middleware/AddQueuedCookiesToResponse->handle(Object(Illuminate/Http/Request), Object(Closure))
#31 E:/CooperativeTraining/web/vendor/laravel/framework/src/Illuminate/Cookie/Middleware/EncryptCookies.php(74): Illuminate/Pipeline/Pipeline->{closure:{closure:Illuminate/Pipeline/Pipeline::carry():194}:195}(Object(Illuminate/Http/Request))
#32 E:/CooperativeTraining/web/vendor/laravel/framework/src/Illuminate/Pipeline/Pipeline.php(219): Illuminate/Cookie/Middleware/EncryptCookies->handle(Object(Illuminate/Http/Request), Object(Closure))
#33 E:/CooperativeTraining/web/vendor/laravel/framework/src/Illuminate/Pipeline/Pipeline.php(137): Illuminate/Pipeline/Pipeline->{closure:{closure:Illuminate/Pipeline/Pipeline::carry():194}:195}(Object(Illuminate/Http/Request))
#34 E:/CooperativeTraining/web/vendor/laravel/framework/src/Illuminate/Routing/Router.php(821): Illuminate/Pipeline/Pipeline->then(Object(Closure))
#35 E:/CooperativeTraining/web/vendor/laravel/framework/src/Illuminate/Routing/Router.php(800): Illuminate/Routing/Router->runRouteWithinStack(Object(Illuminate/Routing/Route), Object(Illuminate/Http/Request))
#36 E:/CooperativeTraining/web/vendor/laravel/framework/src/Illuminate/Routing/Router.php(764): Illuminate/Routing/Router->runRoute(Object(Illuminate/Http/Request), Object(Illuminate/Routing/Route))
#37 E:/CooperativeTraining/web/vendor/laravel/framework/src/Illuminate/Routing/Router.php(753): Illuminate/Routing/Router->dispatchToRoute(Object(Illuminate/Http/Request))
#38 E:/CooperativeTraining/web/vendor/laravel/framework/src/Illuminate/Foundation/Http/Kernel.php(200): Illuminate/Routing/Router->dispatch(Object(Illuminate/Http/Request))
#39 E:/CooperativeTraining/web/vendor/laravel/framework/src/Illuminate/Pipeline/Pipeline.php(180): Illuminate/Foundation/Http/Kernel->{closure:Illuminate/Foundation/Http/Kernel::dispatchToRouter():197}(Object(Illuminate/Http/Request))
#40 E:/CooperativeTraining/web/vendor/livewire/livewire/src/Features/SupportDisablingBackButtonCache/DisableBackButtonCacheMiddleware.php(19): Illuminate/Pipeline/Pipeline->{closure:Illuminate/Pipeline/Pipeline::prepareDestination():178}(Object(Illuminate/Http/Request))
#41 E:/CooperativeTraining/web/vendor/laravel/framework/src/Illuminate/Pipeline/Pipeline.php(219): Livewire/Features/SupportDisablingBackButtonCache/DisableBackButtonCacheMiddleware->handle(Object(Illuminate/Http/Request), Object(Closure))
#42 E:/CooperativeTraining/web/vendor/laravel/framework/src/Illuminate/Foundation/Http/Middleware/TransformsRequest.php(21): Illuminate/Pipeline/Pipeline->{closure:{closure:Illuminate/Pipeline/Pipeline::carry():194}:195}(Object(Illuminate/Http/Request))
#43 E:/CooperativeTraining/web/vendor/laravel/framework/src/Illuminate/Foundation/Http/Middleware/ConvertEmptyStringsToNull.php(31): Illuminate/Foundation/Http/Middleware/TransformsRequest->handle(Object(Illuminate/Http/Request), Object(Closure))
#44 E:/CooperativeTraining/web/vendor/laravel/framework/src/Illuminate/Pipeline/Pipeline.php(219): Illuminate/Foundation/Http/Middleware/ConvertEmptyStringsToNull->handle(Object(Illuminate/Http/Request), Object(Closure))
#45 E:/CooperativeTraining/web/vendor/laravel/framework/src/Illuminate/Foundation/Http/Middleware/TransformsRequest.php(21): Illuminate/Pipeline/Pipeline->{closure:{closure:Illuminate/Pipeline/Pipeline::carry():194}:195}(Object(Illuminate/Http/Request))
#46 E:/CooperativeTraining/web/vendor/laravel/framework/src/Illuminate/Foundation/Http/Middleware/TrimStrings.php(51): Illuminate/Foundation/Http/Middleware/TransformsRequest->handle(Object(Illuminate/Http/Request), Object(Closure))
#47 E:/CooperativeTraining/web/vendor/laravel/framework/src/Illuminate/Pipeline/Pipeline.php(219): Illuminate/Foundation/Http/Middleware/TrimStrings->handle(Object(Illuminate/Http/Request), Object(Closure))
#48 E:/CooperativeTraining/web/vendor/laravel/framework/src/Illuminate/Http/Middleware/ValidatePostSize.php(27): Illuminate/Pipeline/Pipeline->{closure:{closure:Illuminate/Pipeline/Pipeline::carry():194}:195}(Object(Illuminate/Http/Request))
#49 E:/CooperativeTraining/web/vendor/laravel/framework/src/Illuminate/Pipeline/Pipeline.php(219): Illuminate/Http/Middleware/ValidatePostSize->handle(Object(Illuminate/Http/Request), Object(Closure))
#50 E:/CooperativeTraining/web/vendor/laravel/framework/src/Illuminate/Foundation/Http/Middleware/PreventRequestsDuringMaintenance.php(110): Illuminate/Pipeline/Pipeline->{closure:{closure:Illuminate/Pipeline/Pipeline::carry():194}:195}(Object(Illuminate/Http/Request))
#51 E:/CooperativeTraining/web/vendor/laravel/framework/src/Illuminate/Pipeline/Pipeline.php(219): Illuminate/Foundation/Http/Middleware/PreventRequestsDuringMaintenance->handle(Object(Illuminate/Http/Request), Object(Closure))
#52 E:/CooperativeTraining/web/vendor/laravel/framework/src/Illuminate/Http/Middleware/HandleCors.php(61): Illuminate/Pipeline/Pipeline->{closure:{closure:Illuminate/Pipeline/Pipeline::carry():194}:195}(Object(Illuminate/Http/Request))
#53 E:/CooperativeTraining/web/vendor/laravel/framework/src/Illuminate/Pipeline/Pipeline.php(219): Illuminate/Http/Middleware/HandleCors->handle(Object(Illuminate/Http/Request), Object(Closure))
#54 E:/CooperativeTraining/web/vendor/laravel/framework/src/Illuminate/Http/Middleware/TrustProxies.php(58): Illuminate/Pipeline/Pipeline->{closure:{closure:Illuminate/Pipeline/Pipeline::carry():194}:195}(Object(Illuminate/Http/Request))
#55 E:/CooperativeTraining/web/vendor/laravel/framework/src/Illuminate/Pipeline/Pipeline.php(219): Illuminate/Http/Middleware/TrustProxies->handle(Object(Illuminate/Http/Request), Object(Closure))
#56 E:/CooperativeTraining/web/vendor/laravel/framework/src/Illuminate/Foundation/Http/Middleware/InvokeDeferredCallbacks.php(22): Illuminate/Pipeline/Pipeline->{closure:{closure:Illuminate/Pipeline/Pipeline::carry():194}:195}(Object(Illuminate/Http/Request))
#57 E:/CooperativeTraining/web/vendor/laravel/framework/src/Illuminate/Pipeline/Pipeline.php(219): Illuminate/Foundation/Http/Middleware/InvokeDeferredCallbacks->handle(Object(Illuminate/Http/Request), Object(Closure))
#58 E:/CooperativeTraining/web/vendor/laravel/framework/src/Illuminate/Http/Middleware/ValidatePathEncoding.php(28): Illuminate/Pipeline/Pipeline->{closure:{closure:Illuminate/Pipeline/Pipeline::carry():194}:195}(Object(Illuminate/Http/Request))
#59 E:/CooperativeTraining/web/vendor/laravel/framework/src/Illuminate/Pipeline/Pipeline.php(219): Illuminate/Http/Middleware/ValidatePathEncoding->handle(Object(Illuminate/Http/Request), Object(Closure))
#60 E:/CooperativeTraining/web/vendor/laravel/framework/src/Illuminate/Pipeline/Pipeline.php(137): Illuminate/Pipeline/Pipeline->{closure:{closure:Illuminate/Pipeline/Pipeline::carry():194}:195}(Object(Illuminate/Http/Request))
#61 E:/CooperativeTraining/web/vendor/laravel/framework/src/Illuminate/Foundation/Http/Kernel.php(175): Illuminate/Pipeline/Pipeline->then(Object(Closure))
#62 E:/CooperativeTraining/web/vendor/laravel/framework/src/Illuminate/Foundation/Http/Kernel.php(144): Illuminate/Foundation/Http/Kernel->sendRequestThroughRouter(Object(Illuminate/Http/Request))
#63 E:/CooperativeTraining/web/vendor/laravel/framework/src/Illuminate/Foundation/Application.php(1227): Illuminate/Foundation/Http/Kernel->handle(Object(Illuminate/Http/Request))
#64 E:/CooperativeTraining/web/public/index.php(20): Illuminate/Foundation/Application->handleRequest(Object(Illuminate/Http/Request))
#65 E:/CooperativeTraining/web/vendor/laravel/framework/src/Illuminate/Foundation/resources/server.php(23): require_once('E://CooperativeT...')
#66 {main}

[previous exception] [object] (PDOException(code: 2002): SQLSTATE[HY000] [2002] No connection could be made because the target machine actively refused it at E:/CooperativeTraining/web/vendor/laravel/framework/src/Illuminate/Database/Connectors/Connector.php:67)
[stacktrace]
#0 E:/CooperativeTraining/web/vendor/laravel/framework/src/Illuminate/Database/Connectors/Connector.php(67): PDO::connect('mysql:host=loca...', 'root', Object(SensitiveParameterValue), Array)
#1 E:/CooperativeTraining/web/vendor/laravel/framework/src/Illuminate/Database/Connectors/Connector.php(85): Illuminate/Database/Connectors/Connector->createPdoConnection('mysql:host=loca...', 'root', Object(SensitiveParameterValue), Array)
#2 E:/CooperativeTraining/web/vendor/laravel/framework/src/Illuminate/Database/Connectors/Connector.php(48): Illuminate/Database/Connectors/Connector->tryAgainIfCausedByLostConnection(Object(PDOException), 'mysql:host=loca...', 'root', Object(SensitiveParameterValue), Array)
#3 E:/CooperativeTraining/web/vendor/laravel/framework/src/Illuminate/Database/Connectors/MySqlConnector.php(24): Illuminate/Database/Connectors/Connector->createConnection('mysql:host=loca...', Array, Array)
#4 E:/CooperativeTraining/web/vendor/laravel/framework/src/Illuminate/Database/Connectors/ConnectionFactory.php(220): Illuminate/Database/Connectors/MySqlConnector->connect(Array)
#5 [internal function]: Illuminate/Database/Connectors/ConnectionFactory->{closure:Illuminate/Database/Connectors/ConnectionFactory::createPdoResolverWithHosts():213}()
#6 E:/CooperativeTraining/web/vendor/laravel/framework/src/Illuminate/Database/Connection.php(1298): call_user_func(Object(Closure))
#7 E:/CooperativeTraining/web/vendor/laravel/framework/src/Illuminate/Database/Connection.php(1336): Illuminate/Database/Connection->getPdo()
#8 E:/CooperativeTraining/web/vendor/laravel/framework/src/Illuminate/Database/Connection.php(542): Illuminate/Database/Connection->getReadPdo()
#9 E:/CooperativeTraining/web/vendor/laravel/framework/src/Illuminate/Database/Connection.php(435): Illuminate/Database/Connection->getPdoForSelect(true)
#10 E:/CooperativeTraining/web/vendor/laravel/framework/src/Illuminate/Database/Connection.php(846): Illuminate/Database/Connection->{closure:Illuminate/Database/Connection::select():426}('select * from `...', Array)
#11 E:/CooperativeTraining/web/vendor/laravel/framework/src/Illuminate/Database/Connection.php(1038): Illuminate/Database/Connection->runQueryCallback('select * from `...', Array, Object(Closure))
#12 E:/CooperativeTraining/web/vendor/laravel/framework/src/Illuminate/Database/Connection.php(1017): Illuminate/Database/Connection->tryAgainIfCausedByLostConnection(Object(Illuminate/Database/QueryException), 'select * from `...', Array, Object(Closure))
#13 E:/CooperativeTraining/web/vendor/laravel/framework/src/Illuminate/Database/Connection.php(815): Illuminate/Database/Connection->handleQueryException(Object(Illuminate/Database/QueryException), 'select * from `...', Array, Object(Closure))
#14 E:/CooperativeTraining/web/vendor/laravel/framework/src/Illuminate/Database/Connection.php(426): Illuminate/Database/Connection->run('select * from `...', Array, Object(Closure))
#15 E:/CooperativeTraining/web/vendor/laravel/framework/src/Illuminate/Database/Query/Builder.php(3629): Illuminate/Database/Connection->select('select * from `...', Array, true, Array)
#16 E:/CooperativeTraining/web/vendor/laravel/framework/src/Illuminate/Database/Query/Builder.php(3613): Illuminate/Database/Query/Builder->runSelect()
#17 E:/CooperativeTraining/web/vendor/laravel/framework/src/Illuminate/Database/Eloquent/Builder.php(931): Illuminate/Database/Query/Builder->get(Array)
#18 E:/CooperativeTraining/web/vendor/laravel/framework/src/Illuminate/Database/Eloquent/Builder.php(913): Illuminate/Database/Eloquent/Builder->getModels(Array)
#19 E:/CooperativeTraining/web/app/Actions/ChatbotAnswerer.php(20): Illuminate/Database/Eloquent/Builder->get()
#20 E:/CooperativeTraining/web/app/Http/Controllers/ChatbotController.php(18): App/Actions/ChatbotAnswerer->answer('/xD8/xA3/xD9/x8A/xD9/x86 /xD8/xA3/xD8/xAC/xD8/xAF /xD8...')
#21 E:/CooperativeTraining/web/vendor/laravel/framework/src/Illuminate/Routing/ControllerDispatcher.php(46): App/Http/Controllers/ChatbotController->__invoke(Object(Illuminate/Http/Request), Object(App/Actions/ChatbotAnswerer))
#22 E:/CooperativeTraining/web/vendor/laravel/framework/src/Illuminate/Routing/Route.php(276): Illuminate/Routing/ControllerDispatcher->dispatch(Object(Illuminate/Routing/Route), Object(App/Http/Controllers/ChatbotController), '__invoke')
#23 E:/CooperativeTraining/web/vendor/laravel/framework/src/Illuminate/Routing/Route.php(216): Illuminate/Routing/Route->runController()
#24 E:/CooperativeTraining/web/vendor/laravel/framework/src/Illuminate/Routing/Router.php(822): Illuminate/Routing/Route->run()
#25 E:/CooperativeTraining/web/vendor/laravel/framework/src/Illuminate/Pipeline/Pipeline.php(180): Illuminate/Routing/Router->{closure:Illuminate/Routing/Router::runRouteWithinStack():821}(Object(Illuminate/Http/Request))
#26 E:/CooperativeTraining/web/app/Http/Middleware/SetLocale.php(25): Illuminate/Pipeline/Pipeline->{closure:Illuminate/Pipeline/Pipeline::prepareDestination():178}(Object(Illuminate/Http/Request))
#27 E:/CooperativeTraining/web/vendor/laravel/framework/src/Illuminate/Pipeline/Pipeline.php(219): App/Http/Middleware/SetLocale->handle(Object(Illuminate/Http/Request), Object(Closure))
#28 E:/CooperativeTraining/web/vendor/laravel/framework/src/Illuminate/Routing/Middleware/SubstituteBindings.php(52): Illuminate/Pipeline/Pipeline->{closure:{closure:Illuminate/Pipeline/Pipeline::carry():194}:195}(Object(Illuminate/Http/Request))
#29 E:/CooperativeTraining/web/vendor/laravel/framework/src/Illuminate/Pipeline/Pipeline.php(219): Illuminate/Routing/Middleware/SubstituteBindings->handle(Object(Illuminate/Http/Request), Object(Closure))
#30 E:/CooperativeTraining/web/vendor/laravel/framework/src/Illuminate/Routing/Middleware/ThrottleRequests.php(168): Illuminate/Pipeline/Pipeline->{closure:{closure:Illuminate/Pipeline/Pipeline::carry():194}:195}(Object(Illuminate/Http/Request))
#31 E:/CooperativeTraining/web/vendor/laravel/framework/src/Illuminate/Routing/Middleware/ThrottleRequests.php(93): Illuminate/Routing/Middleware/ThrottleRequests->handleRequest(Object(Illuminate/Http/Request), Object(Closure), Array)
#32 E:/CooperativeTraining/web/vendor/laravel/framework/src/Illuminate/Pipeline/Pipeline.php(219): Illuminate/Routing/Middleware/ThrottleRequests->handle(Object(Illuminate/Http/Request), Object(Closure), '12', '1')
#33 E:/CooperativeTraining/web/vendor/laravel/framework/src/Illuminate/Foundation/Http/Middleware/PreventRequestForgery.php(104): Illuminate/Pipeline/Pipeline->{closure:{closure:Illuminate/Pipeline/Pipeline::carry():194}:195}(Object(Illuminate/Http/Request))
#34 E:/CooperativeTraining/web/vendor/laravel/framework/src/Illuminate/Pipeline/Pipeline.php(219): Illuminate/Foundation/Http/Middleware/PreventRequestForgery->handle(Object(Illuminate/Http/Request), Object(Closure))
#35 E:/CooperativeTraining/web/vendor/laravel/framework/src/Illuminate/View/Middleware/ShareErrorsFromSession.php(48): Illuminate/Pipeline/Pipeline->{closure:{closure:Illuminate/Pipeline/Pipeline::carry():194}:195}(Object(Illuminate/Http/Request))
#36 E:/CooperativeTraining/web/vendor/laravel/framework/src/Illuminate/Pipeline/Pipeline.php(219): Illuminate/View/Middleware/ShareErrorsFromSession->handle(Object(Illuminate/Http/Request), Object(Closure))
#37 E:/CooperativeTraining/web/vendor/laravel/framework/src/Illuminate/Session/Middleware/StartSession.php(120): Illuminate/Pipeline/Pipeline->{closure:{closure:Illuminate/Pipeline/Pipeline::carry():194}:195}(Object(Illuminate/Http/Request))
#38 E:/CooperativeTraining/web/vendor/laravel/framework/src/Illuminate/Session/Middleware/StartSession.php(63): Illuminate/Session/Middleware/StartSession->handleStatefulRequest(Object(Illuminate/Http/Request), Object(Illuminate/Session/Store), Object(Closure))
#39 E:/CooperativeTraining/web/vendor/laravel/framework/src/Illuminate/Pipeline/Pipeline.php(219): Illuminate/Session/Middleware/StartSession->handle(Object(Illuminate/Http/Request), Object(Closure))
#40 E:/CooperativeTraining/web/vendor/laravel/framework/src/Illuminate/Cookie/Middleware/AddQueuedCookiesToResponse.php(36): Illuminate/Pipeline/Pipeline->{closure:{closure:Illuminate/Pipeline/Pipeline::carry():194}:195}(Object(Illuminate/Http/Request))
#41 E:/CooperativeTraining/web/vendor/laravel/framework/src/Illuminate/Pipeline/Pipeline.php(219): Illuminate/Cookie/Middleware/AddQueuedCookiesToResponse->handle(Object(Illuminate/Http/Request), Object(Closure))
#42 E:/CooperativeTraining/web/vendor/laravel/framework/src/Illuminate/Cookie/Middleware/EncryptCookies.php(74): Illuminate/Pipeline/Pipeline->{closure:{closure:Illuminate/Pipeline/Pipeline::carry():194}:195}(Object(Illuminate/Http/Request))
#43 E:/CooperativeTraining/web/vendor/laravel/framework/src/Illuminate/Pipeline/Pipeline.php(219): Illuminate/Cookie/Middleware/EncryptCookies->handle(Object(Illuminate/Http/Request), Object(Closure))
#44 E:/CooperativeTraining/web/vendor/laravel/framework/src/Illuminate/Pipeline/Pipeline.php(137): Illuminate/Pipeline/Pipeline->{closure:{closure:Illuminate/Pipeline/Pipeline::carry():194}:195}(Object(Illuminate/Http/Request))
#45 E:/CooperativeTraining/web/vendor/laravel/framework/src/Illuminate/Routing/Router.php(821): Illuminate/Pipeline/Pipeline->then(Object(Closure))
#46 E:/CooperativeTraining/web/vendor/laravel/framework/src/Illuminate/Routing/Router.php(800): Illuminate/Routing/Router->runRouteWithinStack(Object(Illuminate/Routing/Route), Object(Illuminate/Http/Request))
#47 E:/CooperativeTraining/web/vendor/laravel/framework/src/Illuminate/Routing/Router.php(764): Illuminate/Routing/Router->runRoute(Object(Illuminate/Http/Request), Object(Illuminate/Routing/Route))
#48 E:/CooperativeTraining/web/vendor/laravel/framework/src/Illuminate/Routing/Router.php(753): Illuminate/Routing/Router->dispatchToRoute(Object(Illuminate/Http/Request))
#49 E:/CooperativeTraining/web/vendor/laravel/framework/src/Illuminate/Foundation/Http/Kernel.php(200): Illuminate/Routing/Router->dispatch(Object(Illuminate/Http/Request))
#50 E:/CooperativeTraining/web/vendor/laravel/framework/src/Illuminate/Pipeline/Pipeline.php(180): Illuminate/Foundation/Http/Kernel->{closure:Illuminate/Foundation/Http/Kernel::dispatchToRouter():197}(Object(Illuminate/Http/Request))
#51 E:/CooperativeTraining/web/vendor/livewire/livewire/src/Features/SupportDisablingBackButtonCache/DisableBackButtonCacheMiddleware.php(19): Illuminate/Pipeline/Pipeline->{closure:Illuminate/Pipeline/Pipeline::prepareDestination():178}(Object(Illuminate/Http/Request))
#52 E:/CooperativeTraining/web/vendor/laravel/framework/src/Illuminate/Pipeline/Pipeline.php(219): Livewire/Features/SupportDisablingBackButtonCache/DisableBackButtonCacheMiddleware->handle(Object(Illuminate/Http/Request), Object(Closure))
#53 E:/CooperativeTraining/web/vendor/laravel/framework/src/Illuminate/Foundation/Http/Middleware/TransformsRequest.php(21): Illuminate/Pipeline/Pipeline->{closure:{closure:Illuminate/Pipeline/Pipeline::carry():194}:195}(Object(Illuminate/Http/Request))
#54 E:/CooperativeTraining/web/vendor/laravel/framework/src/Illuminate/Foundation/Http/Middleware/ConvertEmptyStringsToNull.php(31): Illuminate/Foundation/Http/Middleware/TransformsRequest->handle(Object(Illuminate/Http/Request), Object(Closure))
#55 E:/CooperativeTraining/web/vendor/laravel/framework/src/Illuminate/Pipeline/Pipeline.php(219): Illuminate/Foundation/Http/Middleware/ConvertEmptyStringsToNull->handle(Object(Illuminate/Http/Request), Object(Closure))
#56 E:/CooperativeTraining/web/vendor/laravel/framework/src/Illuminate/Foundation/Http/Middleware/TransformsRequest.php(21): Illuminate/Pipeline/Pipeline->{closure:{closure:Illuminate/Pipeline/Pipeline::carry():194}:195}(Object(Illuminate/Http/Request))
#57 E:/CooperativeTraining/web/vendor/laravel/framework/src/Illuminate/Foundation/Http/Middleware/TrimStrings.php(51): Illuminate/Foundation/Http/Middleware/TransformsRequest->handle(Object(Illuminate/Http/Request), Object(Closure))
#58 E:/CooperativeTraining/web/vendor/laravel/framework/src/Illuminate/Pipeline/Pipeline.php(219): Illuminate/Foundation/Http/Middleware/TrimStrings->handle(Object(Illuminate/Http/Request), Object(Closure))
#59 E:/CooperativeTraining/web/vendor/laravel/framework/src/Illuminate/Http/Middleware/ValidatePostSize.php(27): Illuminate/Pipeline/Pipeline->{closure:{closure:Illuminate/Pipeline/Pipeline::carry():194}:195}(Object(Illuminate/Http/Request))
#60 E:/CooperativeTraining/web/vendor/laravel/framework/src/Illuminate/Pipeline/Pipeline.php(219): Illuminate/Http/Middleware/ValidatePostSize->handle(Object(Illuminate/Http/Request), Object(Closure))
#61 E:/CooperativeTraining/web/vendor/laravel/framework/src/Illuminate/Foundation/Http/Middleware/PreventRequestsDuringMaintenance.php(110): Illuminate/Pipeline/Pipeline->{closure:{closure:Illuminate/Pipeline/Pipeline::carry():194}:195}(Object(Illuminate/Http/Request))
#62 E:/CooperativeTraining/web/vendor/laravel/framework/src/Illuminate/Pipeline/Pipeline.php(219): Illuminate/Foundation/Http/Middleware/PreventRequestsDuringMaintenance->handle(Object(Illuminate/Http/Request), Object(Closure))
#63 E:/CooperativeTraining/web/vendor/laravel/framework/src/Illuminate/Http/Middleware/HandleCors.php(61): Illuminate/Pipeline/Pipeline->{closure:{closure:Illuminate/Pipeline/Pipeline::carry():194}:195}(Object(Illuminate/Http/Request))
#64 E:/CooperativeTraining/web/vendor/laravel/framework/src/Illuminate/Pipeline/Pipeline.php(219): Illuminate/Http/Middleware/HandleCors->handle(Object(Illuminate/Http/Request), Object(Closure))
#65 E:/CooperativeTraining/web/vendor/laravel/framework/src/Illuminate/Http/Middleware/TrustProxies.php(58): Illuminate/Pipeline/Pipeline->{closure:{closure:Illuminate/Pipeline/Pipeline::carry():194}:195}(Object(Illuminate/Http/Request))
#66 E:/CooperativeTraining/web/vendor/laravel/framework/src/Illuminate/Pipeline/Pipeline.php(219): Illuminate/Http/Middleware/TrustProxies->handle(Object(Illuminate/Http/Request), Object(Closure))
#67 E:/CooperativeTraining/web/vendor/laravel/framework/src/Illuminate/Foundation/Http/Middleware/InvokeDeferredCallbacks.php(22): Illuminate/Pipeline/Pipeline->{closure:{closure:Illuminate/Pipeline/Pipeline::carry():194}:195}(Object(Illuminate/Http/Request))
#68 E:/CooperativeTraining/web/vendor/laravel/framework/src/Illuminate/Pipeline/Pipeline.php(219): Illuminate/Foundation/Http/Middleware/InvokeDeferredCallbacks->handle(Object(Illuminate/Http/Request), Object(Closure))
#69 E:/CooperativeTraining/web/vendor/laravel/framework/src/Illuminate/Http/Middleware/ValidatePathEncoding.php(28): Illuminate/Pipeline/Pipeline->{closure:{closure:Illuminate/Pipeline/Pipeline::carry():194}:195}(Object(Illuminate/Http/Request))
#70 E:/CooperativeTraining/web/vendor/laravel/framework/src/Illuminate/Pipeline/Pipeline.php(219): Illuminate/Http/Middleware/ValidatePathEncoding->handle(Object(Illuminate/Http/Request), Object(Closure))
#71 E:/CooperativeTraining/web/vendor/laravel/framework/src/Illuminate/Pipeline/Pipeline.php(137): Illuminate/Pipeline/Pipeline->{closure:{closure:Illuminate/Pipeline/Pipeline::carry():194}:195}(Object(Illuminate/Http/Request))
#72 E:/CooperativeTraining/web/vendor/laravel/framework/src/Illuminate/Foundation/Http/Kernel.php(175): Illuminate/Pipeline/Pipeline->then(Object(Closure))
#73 E:/CooperativeTraining/web/vendor/laravel/framework/src/Illuminate/Foundation/Http/Kernel.php(144): Illuminate/Foundation/Http/Kernel->sendRequestThroughRouter(Object(Illuminate/Http/Request))
#74 E:/CooperativeTraining/web/vendor/laravel/framework/src/Illuminate/Foundation/Application.php(1227): Illuminate/Foundation/Http/Kernel->handle(Object(Illuminate/Http/Request))
#75 E:/CooperativeTraining/web/public/index.php(20): Illuminate/Foundation/Application->handleRequest(Object(Illuminate/Http/Request))
#76 E:/CooperativeTraining/web/vendor/laravel/framework/src/Illuminate/Foundation/resources/server.php(23): require_once('E://CooperativeT...')
#77 {main}
"} 
[2026-10-03 17:42:06] local.ERROR: SQLSTATE[HY000] [2002] No connection could be made because the target machine actively refused it (Connection: mysql, Host: localhost, Port: 3306, Database: cooperativeTraining, SQL: select * from `chatbot_knowledge` where `is_active` = 1) {"exception":"[object] (Illuminate\\Database\\QueryException(code: 2002): SQLSTATE[HY000] [2002] No connection could be made because the target machine actively refused it (Connection: mysql, Host: localhost, Port: 3306, Database: cooperativeTraining, SQL: select * from `chatbot_knowledge` where `is_active` = 1) at E:/CooperativeTraining/web/vendor/laravel/framework/src/Illuminate/Database/Connection.php:857)
[stacktrace]
#0 E:/CooperativeTraining/web/vendor/laravel/framework/src/Illuminate/Database/Connection.php(1038): Illuminate/Database/Connection->runQueryCallback('select * from `...', Array, Object(Closure))
#1 E:/CooperativeTraining/web/vendor/laravel/framework/src/Illuminate/Database/Connection.php(1017): Illuminate/Database/Connection->tryAgainIfCausedByLostConnection(Object(Illuminate/Database/QueryException), 'select * from `...', Array, Object(Closure))
#2 E:/CooperativeTraining/web/vendor/laravel/framework/src/Illuminate/Database/Connection.php(815): Illuminate/Database/Connection->handleQueryException(Object(Illuminate/Database/QueryException), 'select * from `...', Array, Object(Closure))
#3 E:/CooperativeTraining/web/vendor/laravel/framework/src/Illuminate/Database/Connection.php(426): Illuminate/Database/Connection->run('select * from `...', Array, Object(Closure))
#4 E:/CooperativeTraining/web/vendor/laravel/framework/src/Illuminate/Database/Query/Builder.php(3629): Illuminate/Database/Connection->select('select * from `...', Array, true, Array)
#5 E:/CooperativeTraining/web/vendor/laravel/framework/src/Illuminate/Database/Query/Builder.php(3613): Illuminate/Database/Query/Builder->runSelect()
#6 E:/CooperativeTraining/web/vendor/laravel/framework/src/Illuminate/Database/Eloquent/Builder.php(931): Illuminate/Database/Query/Builder->get(Array)
#7 E:/CooperativeTraining/web/vendor/laravel/framework/src/Illuminate/Database/Eloquent/Builder.php(913): Illuminate/Database/Eloquent/Builder->getModels(Array)
#8 E:/CooperativeTraining/web/app/Actions/ChatbotAnswerer.php(20): Illuminate/Database/Eloquent/Builder->get()
#9 E:/CooperativeTraining/web/app/Http/Controllers/ChatbotController.php(18): App/Actions/ChatbotAnswerer->answer('/xD8/xA7/xD9/x83/xD8/xAA/xD8/xA8 /xD9/x84/xD9/x8A /xD8...')
#10 E:/CooperativeTraining/web/vendor/laravel/framework/src/Illuminate/Routing/ControllerDispatcher.php(46): App/Http/Controllers/ChatbotController->__invoke(Object(Illuminate/Http/Request), Object(App/Actions/ChatbotAnswerer))
#11 E:/CooperativeTraining/web/vendor/laravel/framework/src/Illuminate/Routing/Route.php(276): Illuminate/Routing/ControllerDispatcher->dispatch(Object(Illuminate/Routing/Route), Object(App/Http/Controllers/ChatbotController), '__invoke')
#12 E:/CooperativeTraining/web/vendor/laravel/framework/src/Illuminate/Routing/Route.php(216): Illuminate/Routing/Route->runController()
#13 E:/CooperativeTraining/web/vendor/laravel/framework/src/Illuminate/Routing/Router.php(822): Illuminate/Routing/Route->run()
#14 E:/CooperativeTraining/web/vendor/laravel/framework/src/Illuminate/Pipeline/Pipeline.php(180): Illuminate/Routing/Router->{closure:Illuminate/Routing/Router::runRouteWithinStack():821}(Object(Illuminate/Http/Request))
#15 E:/CooperativeTraining/web/app/Http/Middleware/SetLocale.php(25): Illuminate/Pipeline/Pipeline->{closure:Illuminate/Pipeline/Pipeline::prepareDestination():178}(Object(Illuminate/Http/Request))
#16 E:/CooperativeTraining/web/vendor/laravel/framework/src/Illuminate/Pipeline/Pipeline.php(219): App/Http/Middleware/SetLocale->handle(Object(Illuminate/Http/Request), Object(Closure))
#17 E:/CooperativeTraining/web/vendor/laravel/framework/src/Illuminate/Routing/Middleware/SubstituteBindings.php(52): Illuminate/Pipeline/Pipeline->{closure:{closure:Illuminate/Pipeline/Pipeline::carry():194}:195}(Object(Illuminate/Http/Request))
#18 E:/CooperativeTraining/web/vendor/laravel/framework/src/Illuminate/Pipeline/Pipeline.php(219): Illuminate/Routing/Middleware/SubstituteBindings->handle(Object(Illuminate/Http/Request), Object(Closure))
#19 E:/CooperativeTraining/web/vendor/laravel/framework/src/Illuminate/Routing/Middleware/ThrottleRequests.php(168): Illuminate/Pipeline/Pipeline->{closure:{closure:Illuminate/Pipeline/Pipeline::carry():194}:195}(Object(Illuminate/Http/Request))
#20 E:/CooperativeTraining/web/vendor/laravel/framework/src/Illuminate/Routing/Middleware/ThrottleRequests.php(93): Illuminate/Routing/Middleware/ThrottleRequests->handleRequest(Object(Illuminate/Http/Request), Object(Closure), Array)
#21 E:/CooperativeTraining/web/vendor/laravel/framework/src/Illuminate/Pipeline/Pipeline.php(219): Illuminate/Routing/Middleware/ThrottleRequests->handle(Object(Illuminate/Http/Request), Object(Closure), '12', '1')
#22 E:/CooperativeTraining/web/vendor/laravel/framework/src/Illuminate/Foundation/Http/Middleware/PreventRequestForgery.php(104): Illuminate/Pipeline/Pipeline->{closure:{closure:Illuminate/Pipeline/Pipeline::carry():194}:195}(Object(Illuminate/Http/Request))
#23 E:/CooperativeTraining/web/vendor/laravel/framework/src/Illuminate/Pipeline/Pipeline.php(219): Illuminate/Foundation/Http/Middleware/PreventRequestForgery->handle(Object(Illuminate/Http/Request), Object(Closure))
#24 E:/CooperativeTraining/web/vendor/laravel/framework/src/Illuminate/View/Middleware/ShareErrorsFromSession.php(48): Illuminate/Pipeline/Pipeline->{closure:{closure:Illuminate/Pipeline/Pipeline::carry():194}:195}(Object(Illuminate/Http/Request))
#25 E:/CooperativeTraining/web/vendor/laravel/framework/src/Illuminate/Pipeline/Pipeline.php(219): Illuminate/View/Middleware/ShareErrorsFromSession->handle(Object(Illuminate/Http/Request), Object(Closure))
#26 E:/CooperativeTraining/web/vendor/laravel/framework/src/Illuminate/Session/Middleware/StartSession.php(120): Illuminate/Pipeline/Pipeline->{closure:{closure:Illuminate/Pipeline/Pipeline::carry():194}:195}(Object(Illuminate/Http/Request))
#27 E:/CooperativeTraining/web/vendor/laravel/framework/src/Illuminate/Session/Middleware/StartSession.php(63): Illuminate/Session/Middleware/StartSession->handleStatefulRequest(Object(Illuminate/Http/Request), Object(Illuminate/Session/Store), Object(Closure))
#28 E:/CooperativeTraining/web/vendor/laravel/framework/src/Illuminate/Pipeline/Pipeline.php(219): Illuminate/Session/Middleware/StartSession->handle(Object(Illuminate/Http/Request), Object(Closure))
#29 E:/CooperativeTraining/web/vendor/laravel/framework/src/Illuminate/Cookie/Middleware/AddQueuedCookiesToResponse.php(36): Illuminate/Pipeline/Pipeline->{closure:{closure:Illuminate/Pipeline/Pipeline::carry():194}:195}(Object(Illuminate/Http/Request))
#30 E:/CooperativeTraining/web/vendor/laravel/framework/src/Illuminate/Pipeline/Pipeline.php(219): Illuminate/Cookie/Middleware/AddQueuedCookiesToResponse->handle(Object(Illuminate/Http/Request), Object(Closure))
#31 E:/CooperativeTraining/web/vendor/laravel/framework/src/Illuminate/Cookie/Middleware/EncryptCookies.php(74): Illuminate/Pipeline/Pipeline->{closure:{closure:Illuminate/Pipeline/Pipeline::carry():194}:195}(Object(Illuminate/Http/Request))
#32 E:/CooperativeTraining/web/vendor/laravel/framework/src/Illuminate/Pipeline/Pipeline.php(219): Illuminate/Cookie/Middleware/EncryptCookies->handle(Object(Illuminate/Http/Request), Object(Closure))
#33 E:/CooperativeTraining/web/vendor/laravel/framework/src/Illuminate/Pipeline/Pipeline.php(137): Illuminate/Pipeline/Pipeline->{closure:{closure:Illuminate/Pipeline/Pipeline::carry():194}:195}(Object(Illuminate/Http/Request))
#34 E:/CooperativeTraining/web/vendor/laravel/framework/src/Illuminate/Routing/Router.php(821): Illuminate/Pipeline/Pipeline->then(Object(Closure))
#35 E:/CooperativeTraining/web/vendor/laravel/framework/src/Illuminate/Routing/Router.php(800): Illuminate/Routing/Router->runRouteWithinStack(Object(Illuminate/Routing/Route), Object(Illuminate/Http/Request))
#36 E:/CooperativeTraining/web/vendor/laravel/framework/src/Illuminate/Routing/Router.php(764): Illuminate/Routing/Router->runRoute(Object(Illuminate/Http/Request), Object(Illuminate/Routing/Route))
#37 E:/CooperativeTraining/web/vendor/laravel/framework/src/Illuminate/Routing/Router.php(753): Illuminate/Routing/Router->dispatchToRoute(Object(Illuminate/Http/Request))
#38 E:/CooperativeTraining/web/vendor/laravel/framework/src/Illuminate/Foundation/Http/Kernel.php(200): Illuminate/Routing/Router->dispatch(Object(Illuminate/Http/Request))
#39 E:/CooperativeTraining/web/vendor/laravel/framework/src/Illuminate/Pipeline/Pipeline.php(180): Illuminate/Foundation/Http/Kernel->{closure:Illuminate/Foundation/Http/Kernel::dispatchToRouter():197}(Object(Illuminate/Http/Request))
#40 E:/CooperativeTraining/web/vendor/livewire/livewire/src/Features/SupportDisablingBackButtonCache/DisableBackButtonCacheMiddleware.php(19): Illuminate/Pipeline/Pipeline->{closure:Illuminate/Pipeline/Pipeline::prepareDestination():178}(Object(Illuminate/Http/Request))
#41 E:/CooperativeTraining/web/vendor/laravel/framework/src/Illuminate/Pipeline/Pipeline.php(219): Livewire/Features/SupportDisablingBackButtonCache/DisableBackButtonCacheMiddleware->handle(Object(Illuminate/Http/Request), Object(Closure))
#42 E:/CooperativeTraining/web/vendor/laravel/framework/src/Illuminate/Foundation/Http/Middleware/TransformsRequest.php(21): Illuminate/Pipeline/Pipeline->{closure:{closure:Illuminate/Pipeline/Pipeline::carry():194}:195}(Object(Illuminate/Http/Request))
#43 E:/CooperativeTraining/web/vendor/laravel/framework/src/Illuminate/Foundation/Http/Middleware/ConvertEmptyStringsToNull.php(31): Illuminate/Foundation/Http/Middleware/TransformsRequest->handle(Object(Illuminate/Http/Request), Object(Closure))
#44 E:/CooperativeTraining/web/vendor/laravel/framework/src/Illuminate/Pipeline/Pipeline.php(219): Illuminate/Foundation/Http/Middleware/ConvertEmptyStringsToNull->handle(Object(Illuminate/Http/Request), Object(Closure))
#45 E:/CooperativeTraining/web/vendor/laravel/framework/src/Illuminate/Foundation/Http/Middleware/TransformsRequest.php(21): Illuminate/Pipeline/Pipeline->{closure:{closure:Illuminate/Pipeline/Pipeline::carry():194}:195}(Object(Illuminate/Http/Request))
#46 E:/CooperativeTraining/web/vendor/laravel/framework/src/Illuminate/Foundation/Http/Middleware/TrimStrings.php(51): Illuminate/Foundation/Http/Middleware/TransformsRequest->handle(Object(Illuminate/Http/Request), Object(Closure))
#47 E:/CooperativeTraining/web/vendor/laravel/framework/src/Illuminate/Pipeline/Pipeline.php(219): Illuminate/Foundation/Http/Middleware/TrimStrings->handle(Object(Illuminate/Http/Request), Object(Closure))
#48 E:/CooperativeTraining/web/vendor/laravel/framework/src/Illuminate/Http/Middleware/ValidatePostSize.php(27): Illuminate/Pipeline/Pipeline->{closure:{closure:Illuminate/Pipeline/Pipeline::carry():194}:195}(Object(Illuminate/Http/Request))
#49 E:/CooperativeTraining/web/vendor/laravel/framework/src/Illuminate/Pipeline/Pipeline.php(219): Illuminate/Http/Middleware/ValidatePostSize->handle(Object(Illuminate/Http/Request), Object(Closure))
#50 E:/CooperativeTraining/web/vendor/laravel/framework/src/Illuminate/Foundation/Http/Middleware/PreventRequestsDuringMaintenance.php(110): Illuminate/Pipeline/Pipeline->{closure:{closure:Illuminate/Pipeline/Pipeline::carry():194}:195}(Object(Illuminate/Http/Request))
#51 E:/CooperativeTraining/web/vendor/laravel/framework/src/Illuminate/Pipeline/Pipeline.php(219): Illuminate/Foundation/Http/Middleware/PreventRequestsDuringMaintenance->handle(Object(Illuminate/Http/Request), Object(Closure))
#52 E:/CooperativeTraining/web/vendor/laravel/framework/src/Illuminate/Http/Middleware/HandleCors.php(61): Illuminate/Pipeline/Pipeline->{closure:{closure:Illuminate/Pipeline/Pipeline::carry():194}:195}(Object(Illuminate/Http/Request))
#53 E:/CooperativeTraining/web/vendor/laravel/framework/src/Illuminate/Pipeline/Pipeline.php(219): Illuminate/Http/Middleware/HandleCors->handle(Object(Illuminate/Http/Request), Object(Closure))
#54 E:/CooperativeTraining/web/vendor/laravel/framework/src/Illuminate/Http/Middleware/TrustProxies.php(58): Illuminate/Pipeline/Pipeline->{closure:{closure:Illuminate/Pipeline/Pipeline::carry():194}:195}(Object(Illuminate/Http/Request))
#55 E:/CooperativeTraining/web/vendor/laravel/framework/src/Illuminate/Pipeline/Pipeline.php(219): Illuminate/Http/Middleware/TrustProxies->handle(Object(Illuminate/Http/Request), Object(Closure))
#56 E:/CooperativeTraining/web/vendor/laravel/framework/src/Illuminate/Foundation/Http/Middleware/InvokeDeferredCallbacks.php(22): Illuminate/Pipeline/Pipeline->{closure:{closure:Illuminate/Pipeline/Pipeline::carry():194}:195}(Object(Illuminate/Http/Request))
#57 E:/CooperativeTraining/web/vendor/laravel/framework/src/Illuminate/Pipeline/Pipeline.php(219): Illuminate/Foundation/Http/Middleware/InvokeDeferredCallbacks->handle(Object(Illuminate/Http/Request), Object(Closure))
#58 E:/CooperativeTraining/web/vendor/laravel/framework/src/Illuminate/Http/Middleware/ValidatePathEncoding.php(28): Illuminate/Pipeline/Pipeline->{closure:{closure:Illuminate/Pipeline/Pipeline::carry():194}:195}(Object(Illuminate/Http/Request))
#59 E:/CooperativeTraining/web/vendor/laravel/framework/src/Illuminate/Pipeline/Pipeline.php(219): Illuminate/Http/Middleware/ValidatePathEncoding->handle(Object(Illuminate/Http/Request), Object(Closure))
#60 E:/CooperativeTraining/web/vendor/laravel/framework/src/Illuminate/Pipeline/Pipeline.php(137): Illuminate/Pipeline/Pipeline->{closure:{closure:Illuminate/Pipeline/Pipeline::carry():194}:195}(Object(Illuminate/Http/Request))
#61 E:/CooperativeTraining/web/vendor/laravel/framework/src/Illuminate/Foundation/Http/Kernel.php(175): Illuminate/Pipeline/Pipeline->then(Object(Closure))
#62 E:/CooperativeTraining/web/vendor/laravel/framework/src/Illuminate/Foundation/Http/Kernel.php(144): Illuminate/Foundation/Http/Kernel->sendRequestThroughRouter(Object(Illuminate/Http/Request))
#63 E:/CooperativeTraining/web/vendor/laravel/framework/src/Illuminate/Foundation/Application.php(1227): Illuminate/Foundation/Http/Kernel->handle(Object(Illuminate/Http/Request))
#64 E:/CooperativeTraining/web/public/index.php(20): Illuminate/Foundation/Application->handleRequest(Object(Illuminate/Http/Request))
#65 E:/CooperativeTraining/web/vendor/laravel/framework/src/Illuminate/Foundation/resources/server.php(23): require_once('E://CooperativeT...')
#66 {main}

[previous exception] [object] (PDOException(code: 2002): SQLSTATE[HY000] [2002] No connection could be made because the target machine actively refused it at E:/CooperativeTraining/web/vendor/laravel/framework/src/Illuminate/Database/Connectors/Connector.php:67)
[stacktrace]
#0 E:/CooperativeTraining/web/vendor/laravel/framework/src/Illuminate/Database/Connectors/Connector.php(67): PDO::connect('mysql:host=loca...', 'root', Object(SensitiveParameterValue), Array)
#1 E:/CooperativeTraining/web/vendor/laravel/framework/src/Illuminate/Database/Connectors/Connector.php(85): Illuminate/Database/Connectors/Connector->createPdoConnection('mysql:host=loca...', 'root', Object(SensitiveParameterValue), Array)
#2 E:/CooperativeTraining/web/vendor/laravel/framework/src/Illuminate/Database/Connectors/Connector.php(48): Illuminate/Database/Connectors/Connector->tryAgainIfCausedByLostConnection(Object(PDOException), 'mysql:host=loca...', 'root', Object(SensitiveParameterValue), Array)
#3 E:/CooperativeTraining/web/vendor/laravel/framework/src/Illuminate/Database/Connectors/MySqlConnector.php(24): Illuminate/Database/Connectors/Connector->createConnection('mysql:host=loca...', Array, Array)
#4 E:/CooperativeTraining/web/vendor/laravel/framework/src/Illuminate/Database/Connectors/ConnectionFactory.php(220): Illuminate/Database/Connectors/MySqlConnector->connect(Array)
#5 [internal function]: Illuminate/Database/Connectors/ConnectionFactory->{closure:Illuminate/Database/Connectors/ConnectionFactory::createPdoResolverWithHosts():213}()
#6 E:/CooperativeTraining/web/vendor/laravel/framework/src/Illuminate/Database/Connection.php(1298): call_user_func(Object(Closure))
#7 E:/CooperativeTraining/web/vendor/laravel/framework/src/Illuminate/Database/Connection.php(1336): Illuminate/Database/Connection->getPdo()
#8 E:/CooperativeTraining/web/vendor/laravel/framework/src/Illuminate/Database/Connection.php(542): Illuminate/Database/Connection->getReadPdo()
#9 E:/CooperativeTraining/web/vendor/laravel/framework/src/Illuminate/Database/Connection.php(435): Illuminate/Database/Connection->getPdoForSelect(true)
#10 E:/CooperativeTraining/web/vendor/laravel/framework/src/Illuminate/Database/Connection.php(846): Illuminate/Database/Connection->{closure:Illuminate/Database/Connection::select():426}('select * from `...', Array)
#11 E:/CooperativeTraining/web/vendor/laravel/framework/src/Illuminate/Database/Connection.php(1038): Illuminate/Database/Connection->runQueryCallback('select * from `...', Array, Object(Closure))
#12 E:/CooperativeTraining/web/vendor/laravel/framework/src/Illuminate/Database/Connection.php(1017): Illuminate/Database/Connection->tryAgainIfCausedByLostConnection(Object(Illuminate/Database/QueryException), 'select * from `...', Array, Object(Closure))
#13 E:/CooperativeTraining/web/vendor/laravel/framework/src/Illuminate/Database/Connection.php(815): Illuminate/Database/Connection->handleQueryException(Object(Illuminate/Database/QueryException), 'select * from `...', Array, Object(Closure))
#14 E:/CooperativeTraining/web/vendor/laravel/framework/src/Illuminate/Database/Connection.php(426): Illuminate/Database/Connection->run('select * from `...', Array, Object(Closure))
#15 E:/CooperativeTraining/web/vendor/laravel/framework/src/Illuminate/Database/Query/Builder.php(3629): Illuminate/Database/Connection->select('select * from `...', Array, true, Array)
#16 E:/CooperativeTraining/web/vendor/laravel/framework/src/Illuminate/Database/Query/Builder.php(3613): Illuminate/Database/Query/Builder->runSelect()
#17 E:/CooperativeTraining/web/vendor/laravel/framework/src/Illuminate/Database/Eloquent/Builder.php(931): Illuminate/Database/Query/Builder->get(Array)
#18 E:/CooperativeTraining/web/vendor/laravel/framework/src/Illuminate/Database/Eloquent/Builder.php(913): Illuminate/Database/Eloquent/Builder->getModels(Array)
#19 E:/CooperativeTraining/web/app/Actions/ChatbotAnswerer.php(20): Illuminate/Database/Eloquent/Builder->get()
#20 E:/CooperativeTraining/web/app/Http/Controllers/ChatbotController.php(18): App/Actions/ChatbotAnswerer->answer('/xD8/xA7/xD9/x83/xD8/xAA/xD8/xA8 /xD9/x84/xD9/x8A /xD8...')
#21 E:/CooperativeTraining/web/vendor/laravel/framework/src/Illuminate/Routing/ControllerDispatcher.php(46): App/Http/Controllers/ChatbotController->__invoke(Object(Illuminate/Http/Request), Object(App/Actions/ChatbotAnswerer))
#22 E:/CooperativeTraining/web/vendor/laravel/framework/src/Illuminate/Routing/Route.php(276): Illuminate/Routing/ControllerDispatcher->dispatch(Object(Illuminate/Routing/Route), Object(App/Http/Controllers/ChatbotController), '__invoke')
#23 E:/CooperativeTraining/web/vendor/laravel/framework/src/Illuminate/Routing/Route.php(216): Illuminate/Routing/Route->runController()
#24 E:/CooperativeTraining/web/vendor/laravel/framework/src/Illuminate/Routing/Router.php(822): Illuminate/Routing/Route->run()
#25 E:/CooperativeTraining/web/vendor/laravel/framework/src/Illuminate/Pipeline/Pipeline.php(180): Illuminate/Routing/Router->{closure:Illuminate/Routing/Router::runRouteWithinStack():821}(Object(Illuminate/Http/Request))
#26 E:/CooperativeTraining/web/app/Http/Middleware/SetLocale.php(25): Illuminate/Pipeline/Pipeline->{closure:Illuminate/Pipeline/Pipeline::prepareDestination():178}(Object(Illuminate/Http/Request))
#27 E:/CooperativeTraining/web/vendor/laravel/framework/src/Illuminate/Pipeline/Pipeline.php(219): App/Http/Middleware/SetLocale->handle(Object(Illuminate/Http/Request), Object(Closure))
#28 E:/CooperativeTraining/web/vendor/laravel/framework/src/Illuminate/Routing/Middleware/SubstituteBindings.php(52): Illuminate/Pipeline/Pipeline->{closure:{closure:Illuminate/Pipeline/Pipeline::carry():194}:195}(Object(Illuminate/Http/Request))
#29 E:/CooperativeTraining/web/vendor/laravel/framework/src/Illuminate/Pipeline/Pipeline.php(219): Illuminate/Routing/Middleware/SubstituteBindings->handle(Object(Illuminate/Http/Request), Object(Closure))
#30 E:/CooperativeTraining/web/vendor/laravel/framework/src/Illuminate/Routing/Middleware/ThrottleRequests.php(168): Illuminate/Pipeline/Pipeline->{closure:{closure:Illuminate/Pipeline/Pipeline::carry():194}:195}(Object(Illuminate/Http/Request))
#31 E:/CooperativeTraining/web/vendor/laravel/framework/src/Illuminate/Routing/Middleware/ThrottleRequests.php(93): Illuminate/Routing/Middleware/ThrottleRequests->handleRequest(Object(Illuminate/Http/Request), Object(Closure), Array)
#32 E:/CooperativeTraining/web/vendor/laravel/framework/src/Illuminate/Pipeline/Pipeline.php(219): Illuminate/Routing/Middleware/ThrottleRequests->handle(Object(Illuminate/Http/Request), Object(Closure), '12', '1')
#33 E:/CooperativeTraining/web/vendor/laravel/framework/src/Illuminate/Foundation/Http/Middleware/PreventRequestForgery.php(104): Illuminate/Pipeline/Pipeline->{closure:{closure:Illuminate/Pipeline/Pipeline::carry():194}:195}(Object(Illuminate/Http/Request))
#34 E:/CooperativeTraining/web/vendor/laravel/framework/src/Illuminate/Pipeline/Pipeline.php(219): Illuminate/Foundation/Http/Middleware/PreventRequestForgery->handle(Object(Illuminate/Http/Request), Object(Closure))
#35 E:/CooperativeTraining/web/vendor/laravel/framework/src/Illuminate/View/Middleware/ShareErrorsFromSession.php(48): Illuminate/Pipeline/Pipeline->{closure:{closure:Illuminate/Pipeline/Pipeline::carry():194}:195}(Object(Illuminate/Http/Request))
#36 E:/CooperativeTraining/web/vendor/laravel/framework/src/Illuminate/Pipeline/Pipeline.php(219): Illuminate/View/Middleware/ShareErrorsFromSession->handle(Object(Illuminate/Http/Request), Object(Closure))
#37 E:/CooperativeTraining/web/vendor/laravel/framework/src/Illuminate/Session/Middleware/StartSession.php(120): Illuminate/Pipeline/Pipeline->{closure:{closure:Illuminate/Pipeline/Pipeline::carry():194}:195}(Object(Illuminate/Http/Request))
#38 E:/CooperativeTraining/web/vendor/laravel/framework/src/Illuminate/Session/Middleware/StartSession.php(63): Illuminate/Session/Middleware/StartSession->handleStatefulRequest(Object(Illuminate/Http/Request), Object(Illuminate/Session/Store), Object(Closure))
#39 E:/CooperativeTraining/web/vendor/laravel/framework/src/Illuminate/Pipeline/Pipeline.php(219): Illuminate/Session/Middleware/StartSession->handle(Object(Illuminate/Http/Request), Object(Closure))
#40 E:/CooperativeTraining/web/vendor/laravel/framework/src/Illuminate/Cookie/Middleware/AddQueuedCookiesToResponse.php(36): Illuminate/Pipeline/Pipeline->{closure:{closure:Illuminate/Pipeline/Pipeline::carry():194}:195}(Object(Illuminate/Http/Request))
#41 E:/CooperativeTraining/web/vendor/laravel/framework/src/Illuminate/Pipeline/Pipeline.php(219): Illuminate/Cookie/Middleware/AddQueuedCookiesToResponse->handle(Object(Illuminate/Http/Request), Object(Closure))
#42 E:/CooperativeTraining/web/vendor/laravel/framework/src/Illuminate/Cookie/Middleware/EncryptCookies.php(74): Illuminate/Pipeline/Pipeline->{closure:{closure:Illuminate/Pipeline/Pipeline::carry():194}:195}(Object(Illuminate/Http/Request))
#43 E:/CooperativeTraining/web/vendor/laravel/framework/src/Illuminate/Pipeline/Pipeline.php(219): Illuminate/Cookie/Middleware/EncryptCookies->handle(Object(Illuminate/Http/Request), Object(Closure))
#44 E:/CooperativeTraining/web/vendor/laravel/framework/src/Illuminate/Pipeline/Pipeline.php(137): Illuminate/Pipeline/Pipeline->{closure:{closure:Illuminate/Pipeline/Pipeline::carry():194}:195}(Object(Illuminate/Http/Request))
#45 E:/CooperativeTraining/web/vendor/laravel/framework/src/Illuminate/Routing/Router.php(821): Illuminate/Pipeline/Pipeline->then(Object(Closure))
#46 E:/CooperativeTraining/web/vendor/laravel/framework/src/Illuminate/Routing/Router.php(800): Illuminate/Routing/Router->runRouteWithinStack(Object(Illuminate/Routing/Route), Object(Illuminate/Http/Request))
#47 E:/CooperativeTraining/web/vendor/laravel/framework/src/Illuminate/Routing/Router.php(764): Illuminate/Routing/Router->runRoute(Object(Illuminate/Http/Request), Object(Illuminate/Routing/Route))
#48 E:/CooperativeTraining/web/vendor/laravel/framework/src/Illuminate/Routing/Router.php(753): Illuminate/Routing/Router->dispatchToRoute(Object(Illuminate/Http/Request))
#49 E:/CooperativeTraining/web/vendor/laravel/framework/src/Illuminate/Foundation/Http/Kernel.php(200): Illuminate/Routing/Router->dispatch(Object(Illuminate/Http/Request))
#50 E:/CooperativeTraining/web/vendor/laravel/framework/src/Illuminate/Pipeline/Pipeline.php(180): Illuminate/Foundation/Http/Kernel->{closure:Illuminate/Foundation/Http/Kernel::dispatchToRouter():197}(Object(Illuminate/Http/Request))
#51 E:/CooperativeTraining/web/vendor/livewire/livewire/src/Features/SupportDisablingBackButtonCache/DisableBackButtonCacheMiddleware.php(19): Illuminate/Pipeline/Pipeline->{closure:Illuminate/Pipeline/Pipeline::prepareDestination():178}(Object(Illuminate/Http/Request))
#52 E:/CooperativeTraining/web/vendor/laravel/framework/src/Illuminate/Pipeline/Pipeline.php(219): Livewire/Features/SupportDisablingBackButtonCache/DisableBackButtonCacheMiddleware->handle(Object(Illuminate/Http/Request), Object(Closure))
#53 E:/CooperativeTraining/web/vendor/laravel/framework/src/Illuminate/Foundation/Http/Middleware/TransformsRequest.php(21): Illuminate/Pipeline/Pipeline->{closure:{closure:Illuminate/Pipeline/Pipeline::carry():194}:195}(Object(Illuminate/Http/Request))
#54 E:/CooperativeTraining/web/vendor/laravel/framework/src/Illuminate/Foundation/Http/Middleware/ConvertEmptyStringsToNull.php(31): Illuminate/Foundation/Http/Middleware/TransformsRequest->handle(Object(Illuminate/Http/Request), Object(Closure))
#55 E:/CooperativeTraining/web/vendor/laravel/framework/src/Illuminate/Pipeline/Pipeline.php(219): Illuminate/Foundation/Http/Middleware/ConvertEmptyStringsToNull->handle(Object(Illuminate/Http/Request), Object(Closure))
#56 E:/CooperativeTraining/web/vendor/laravel/framework/src/Illuminate/Foundation/Http/Middleware/TransformsRequest.php(21): Illuminate/Pipeline/Pipeline->{closure:{closure:Illuminate/Pipeline/Pipeline::carry():194}:195}(Object(Illuminate/Http/Request))
#57 E:/CooperativeTraining/web/vendor/laravel/framework/src/Illuminate/Foundation/Http/Middleware/TrimStrings.php(51): Illuminate/Foundation/Http/Middleware/TransformsRequest->handle(Object(Illuminate/Http/Request), Object(Closure))
#58 E:/CooperativeTraining/web/vendor/laravel/framework/src/Illuminate/Pipeline/Pipeline.php(219): Illuminate/Foundation/Http/Middleware/TrimStrings->handle(Object(Illuminate/Http/Request), Object(Closure))
#59 E:/CooperativeTraining/web/vendor/laravel/framework/src/Illuminate/Http/Middleware/ValidatePostSize.php(27): Illuminate/Pipeline/Pipeline->{closure:{closure:Illuminate/Pipeline/Pipeline::carry():194}:195}(Object(Illuminate/Http/Request))
#60 E:/CooperativeTraining/web/vendor/laravel/framework/src/Illuminate/Pipeline/Pipeline.php(219): Illuminate/Http/Middleware/ValidatePostSize->handle(Object(Illuminate/Http/Request), Object(Closure))
#61 E:/CooperativeTraining/web/vendor/laravel/framework/src/Illuminate/Foundation/Http/Middleware/PreventRequestsDuringMaintenance.php(110): Illuminate/Pipeline/Pipeline->{closure:{closure:Illuminate/Pipeline/Pipeline::carry():194}:195}(Object(Illuminate/Http/Request))
#62 E:/CooperativeTraining/web/vendor/laravel/framework/src/Illuminate/Pipeline/Pipeline.php(219): Illuminate/Foundation/Http/Middleware/PreventRequestsDuringMaintenance->handle(Object(Illuminate/Http/Request), Object(Closure))
#63 E:/CooperativeTraining/web/vendor/laravel/framework/src/Illuminate/Http/Middleware/HandleCors.php(61): Illuminate/Pipeline/Pipeline->{closure:{closure:Illuminate/Pipeline/Pipeline::carry():194}:195}(Object(Illuminate/Http/Request))
#64 E:/CooperativeTraining/web/vendor/laravel/framework/src/Illuminate/Pipeline/Pipeline.php(219): Illuminate/Http/Middleware/HandleCors->handle(Object(Illuminate/Http/Request), Object(Closure))
#65 E:/CooperativeTraining/web/vendor/laravel/framework/src/Illuminate/Http/Middleware/TrustProxies.php(58): Illuminate/Pipeline/Pipeline->{closure:{closure:Illuminate/Pipeline/Pipeline::carry():194}:195}(Object(Illuminate/Http/Request))
#66 E:/CooperativeTraining/web/vendor/laravel/framework/src/Illuminate/Pipeline/Pipeline.php(219): Illuminate/Http/Middleware/TrustProxies->handle(Object(Illuminate/Http/Request), Object(Closure))
#67 E:/CooperativeTraining/web/vendor/laravel/framework/src/Illuminate/Foundation/Http/Middleware/InvokeDeferredCallbacks.php(22): Illuminate/Pipeline/Pipeline->{closure:{closure:Illuminate/Pipeline/Pipeline::carry():194}:195}(Object(Illuminate/Http/Request))
#68 E:/CooperativeTraining/web/vendor/laravel/framework/src/Illuminate/Pipeline/Pipeline.php(219): Illuminate/Foundation/Http/Middleware/InvokeDeferredCallbacks->handle(Object(Illuminate/Http/Request), Object(Closure))
#69 E:/CooperativeTraining/web/vendor/laravel/framework/src/Illuminate/Http/Middleware/ValidatePathEncoding.php(28): Illuminate/Pipeline/Pipeline->{closure:{closure:Illuminate/Pipeline/Pipeline::carry():194}:195}(Object(Illuminate/Http/Request))
#70 E:/CooperativeTraining/web/vendor/laravel/framework/src/Illuminate/Pipeline/Pipeline.php(219): Illuminate/Http/Middleware/ValidatePathEncoding->handle(Object(Illuminate/Http/Request), Object(Closure))
#71 E:/CooperativeTraining/web/vendor/laravel/framework/src/Illuminate/Pipeline/Pipeline.php(137): Illuminate/Pipeline/Pipeline->{closure:{closure:Illuminate/Pipeline/Pipeline::carry():194}:195}(Object(Illuminate/Http/Request))
#72 E:/CooperativeTraining/web/vendor/laravel/framework/src/Illuminate/Foundation/Http/Kernel.php(175): Illuminate/Pipeline/Pipeline->then(Object(Closure))
#73 E:/CooperativeTraining/web/vendor/laravel/framework/src/Illuminate/Foundation/Http/Kernel.php(144): Illuminate/Foundation/Http/Kernel->sendRequestThroughRouter(Object(Illuminate/Http/Request))
#74 E:/CooperativeTraining/web/vendor/laravel/framework/src/Illuminate/Foundation/Application.php(1227): Illuminate/Foundation/Http/Kernel->handle(Object(Illuminate/Http/Request))
#75 E:/CooperativeTraining/web/public/index.php(20): Illuminate/Foundation/Application->handleRequest(Object(Illuminate/Http/Request))
#76 E:/CooperativeTraining/web/vendor/laravel/framework/src/Illuminate/Foundation/resources/server.php(23): require_once('E://CooperativeT...')
#77 {main}
"} 
